,equity,interest_rate,commodities,credit,emerging_market,local_inflation,foreign_currency,short_vol
2015-01-02,0.0001814238657003364,0.002671822401481927,-0.004485368113041089,0.0011338451075144972,-0.0006690544961119538,0.003686296860619942,0.004117536298461566,0.001557078904601361
2015-01-05,-0.016721023160655678,0.0008827853989825995,0.00010514561493882853,-0.0005553189632153344,-0.005703997535478607,-0.004341315902516962,0.011957785669724386,-0.011551892376989803
2015-01-06,-0.009892699967349173,0.0030524815600448175,0.00200826309436567,-0.0010106981456457721,-0.004032248381568131,-0.005267356058371808,-0.0016242132948779409,-0.0082711131623597
2015-01-07,0.00809678504056891,-0.0010818166069698988,-0.005363874286526038,0.0019145154677509323,0.0030306492276767037,-0.00046097658843291534,0.003250715427565831,0.010847090222090105
2015-01-08,0.018382939201891303,-0.0005033478621266574,0.0010664420792188321,0.001587629602224172,0.007279368479067623,0.00258477384852307,0.0028685059341131414,0.01292565080156497
2015-01-09,-0.007045879274536227,0.0008753434899606893,-0.00014636340051007448,0.001625887134891124,0.00120122744373633,0.0006075726414163096,0.002414419451822969,-0.003968191301332047
2015-01-12,-0.0038524109385407956,0.0023109583198153484,-0.016676273459568312,0.000672965712661211,-0.002338302649297171,-0.0039298170355526185,-0.007271988995078749,-0.006207714686960098
2015-01-13,0.0014384061920336476,0.0010318794505515315,-0.0059380854722166036,0.00019842234564485526,0.0011933690437759786,-0.002913088149857246,0.0037709602412072663,-0.0025307433209435736
2015-01-14,-0.008665872460324542,0.0031838794710313035,0.010442178022200854,-0.0011823861804572623,-0.0012636926706745767,0.003295443977308521,0.0012020516244510837,-0.005424345715756196
2015-01-15,-0.003098771784393517,0.0007885436301187432,-0.006182634073787796,0.0014776051646243958,0.0022795742528036326,0.0008388404270487371,-0.0014806283739516868,-0.00908772943009214
2015-01-16,0.006048180759800103,0.0005695623687334339,0.015607792684432275,-0.00145311166493608,-0.0011126502225948837,0.001728050285923599,-0.001163497593272722,0.0039031625514671987
2015-01-20,0.0065342918956028725,0.0002823550351802928,-0.017498413833113756,0.0012320595804727107,0.0004838441562108294,-0.0003194533366158714,0.006161614207869759,0.0018235293300897014
2015-01-21,0.006243997557913416,-0.0020795482376083307,0.010315059954959105,-0.0007816341665028648,0.006185170830722745,0.0006044417950578085,0.004615158522882412,0.00327307345569009
2015-01-22,0.0114661356169519,-3.582201413306899e-05,-0.00936035353133976,0.0010813757487185048,0.0025158707268465178,0.0019406141659978893,-0.0031416700996845792,0.006047225404959089
2015-01-23,0.002234271352171946,0.004985391423018936,-0.0045104573417006025,0.002705703835085538,0.004739184840368353,0.00133635731687054,0.015736899976670937,-0.0011448530233995836
2015-01-26,0.0035850279854570456,-0.0003972791148145416,-0.003824625943154769,0.00047775411046971914,-0.0007986262765121007,0.0007060155747324881,0.010143619860389474,0.002082390468184625
2015-01-27,-0.00635319397353048,-0.0008725444278435357,0.005709432183040463,0.00012244834566325078,0.0003912807239942621,0.002885188376356984,-0.004030229034763133,-0.0050707613428853885
2015-01-28,-0.007672056281464135,0.0004566950036999695,-0.010568519212998029,0.002821439250755986,-0.0012592461690662195,-0.00245755401632497,-0.0081393014814094,-0.006201376287142757
2015-01-29,0.0037851935856359265,-0.00026959820375135337,-0.014855980062938723,-0.0006886906972000895,-0.004268587579658057,0.0015636633544049428,0.005585148564663633,0.004954524151363359
2015-01-30,-0.008447377297674386,0.0028529202310730085,0.021035708894776385,0.0014424228249907743,-0.0040416121176933125,0.0017031508765648073,0.0008189294774259004,-0.007231945724152167
2015-02-02,0.008199767769516952,-0.00020527616996298683,0.0047617353298412875,0.0002480490773877686,0.001159617717987223,-0.0003728689594862944,-0.0005013769866544227,0.008435019059099191
2015-02-03,0.010796935298138332,-0.0038855114178642735,0.026578475361565913,0.00042336360522646774,0.005093736315420016,0.0031838949110110093,-0.001025320577698885,0.005911104564184233
2015-02-04,0.00022623381385792338,-0.001090019995113123,-0.023136185188805856,0.000809787566417286,0.0014401929867309592,-0.0006552551941911844,-0.006812048567076734,-0.0009425888951835826
2015-02-05,0.005666255248411944,-0.00028792665451234936,0.00856374346713088,0.0010027152159750917,0.0006913870834163874,-0.0010389446471770203,0.006383540168207524,0.002935913361110021
2015-02-06,-0.0014213516456274779,-0.0027195006668172205,0.0016192120775527007,0.0002729720952439396,-0.0014358987648439238,0.0006062527087692393,-0.008932496720459926,-0.0005339248545335962
2015-02-09,-0.0038279170144989937,-0.001079556702880591,0.00893213217936587,9.171058190474698e-05,-0.0019154281597257518,-0.001636178891218365,0.011521336841454177,3.836821518391483e-05
2015-02-10,0.006336554273272987,-0.0026880809680782324,-0.013953177786502813,-0.0003038387040190327,-0.0034194460072600407,-0.0020269669337796836,-0.001878042793787671,0.0025492648404945918
2015-02-11,-0.000560759184520887,0.0003473486856753527,-0.0048818388582206555,0.00014233789153464957,-0.002029135200069202,-0.0005132669288391289,0.0018066665014284666,0.00035474404558492043
2015-02-12,0.009224627003608743,0.0010905951815305735,0.013618639875123939,0.0009101279247088256,0.0045846689808686555,-0.0015884441406024408,0.003095112403719069,0.0009805052482090625
2015-02-13,0.005712298479149369,-0.0006154095010626137,0.014185516084459093,0.00010113026401351585,0.0064810553949455115,0.0001753238870408902,-0.00792267714992212,0.00029928121204506606
2015-02-17,0.001653681344107738,-0.0023855388266378007,-0.00469726892912189,-0.0007632453779337856,-0.001294689698333503,0.00016209351918339276,0.0022688046810146467,5.87696474652399e-05
2015-02-18,0.0027631029458859203,0.00016958918884627525,-0.007435244114997597,0.00232046498745645,0.0014854925712881198,5.007296274950335e-05,-0.0031848598833772446,5.1896372998772e-05
2015-02-19,0.001141243230175648,0.0004817763583538137,9.013796189519804e-05,-0.00019005000792490236,-0.00045472710598434276,0.0012792640272655253,-0.0006126884150622347,1.0683760683727304e-05
2015-02-20,0.0038385913512369086,0.0006378760942014394,-0.004775071249649454,0.0005886640542507648,-0.0002116007728433271,0.0006282334633833653,0.002948699415532996,0.003788078032689135
2015-02-23,0.0015247258247084504,0.0021696387726080403,-0.00971417032386498,0.0022358844766490527,-0.0005575706918355628,-0.0020078736701851785,-0.0009188332644856079,0.0005990177596715607
2015-02-24,0.0030609855526031794,0.00194016925157795,0.0023012995025870953,0.0023596901660108195,0.002334441153235515,-0.00022612470608618374,0.0025511267647722047,0.002164512679038866
2015-02-25,2.26371498999511e-05,0.0021402129924939285,0.008032382675138094,0.0015242404626801041,0.0021311904829010722,0.0013748034822005373,-0.0010957942559733924,-0.0001327347148725955
2015-02-26,0.0012381026984560671,0.0006678614183697529,-0.006659675389982878,0.0007511129356468138,0.0006698345995574543,0.0042593572379913125,-0.0029612648266177377,-0.00015322132754066466
2015-02-27,-0.0011695078196468313,-0.00044648899855511683,0.013066874629009939,0.000900153865545128,-0.0007284502755133112,0.00394635539450805,0.010385679979442619,-0.0005149573524549589
2015-03-02,0.003537101178239721,-0.0019517357869641373,-0.015010671337240178,-0.0010292650575583707,-0.00060228131551436,-0.0024403215411985535,0.002978098989119715,0.002694073902464156
2015-03-03,-0.004689291829080034,-0.0024603802214342107,0.002072111103710339,-0.0009531760820199131,-0.0005046135488655179,0.00235943355956425,0.0006610953209855719,-0.0016715253092053019
2015-03-04,-0.0024806989744554308,-0.0005164023526694428,-0.0004401865551120987,-0.001037227250381212,-0.003610351601661421,-0.000371348217121259,-0.002056762763160247,-0.0011627016338156772
2015-03-05,0.00299745393676768,0.0011289535533001492,-0.003501254862659586,0.0005142231293924548,-0.0005036726360027463,-0.0036958937795913416,0.005218495025456793,0.0006183530465582509
2015-03-06,-0.006757566456060149,-0.002380450859282257,-0.00913896523656751,-0.0034130343645755955,-0.0020509230758992726,-0.0017383846916680934,0.003908645677538125,-0.007626368340090417
2015-03-09,-0.0006303549746668691,0.0008966748559167459,-0.004228595652485423,0.00028045440320604296,-0.004570963197144196,-0.00562959113363426,0.013285921056960026,0.003999459802328775
2015-03-10,-0.013500768330709423,0.0022991184276122457,-0.012052246924295818,-0.0011965548811149974,-0.006041403646975071,-0.0017076603740291407,0.0019961654947830976,-0.01194208130125859
2015-03-11,0.0021439808595904775,0.0029882047408636204,0.002434812936196884,0.0008876625256266979,-0.00047656841738919305,-0.00042690823822022494,0.006824230521016883,-0.002138170201645051
2015-03-12,0.00869540205216971,0.0008488565316347229,-0.0038612960140755547,0.00040976832087949997,0.002422246342698864,-0.0013000641687512804,0.010529257261341796,0.010591497982170883
2015-03-13,-0.0023538768165788037,-0.0012196564293334934,-0.014329447820050379,-0.002138747580451372,-0.004275374487275963,-0.0030264766653926856,-0.005120433651987,-0.003921406930969951
2015-03-16,0.009510983841553721,0.000100943763889727,-0.0025485373180482384,-0.0009489356641458558,-0.0003764244084168274,-0.002787993807024436,0.010018067612525883,0.010114302967563915
2015-03-17,-0.0008422345035183576,-0.0003971112165429225,-0.0037818060175142886,-0.0013325013935952758,0.002580798481322159,-0.0007437863504555775,-0.00531363331463186,-0.0017247880572220599
2015-03-18,0.00901476900302448,0.003963096179040037,0.012615976194132494,0.001654740181090053,0.003426911637301685,0.007155832431686493,-0.00036851272149229786,0.00820957620320798
2015-03-19,-0.0009762970590131093,0.0017017932319490002,-0.002031424893388334,0.0013923833168032805,0.003862100856973357,0.004532200812006892,-0.018781996432071124,-0.00027465586574945136
2015-03-20,0.007425465193008162,0.0014013096121024192,0.015884530952563737,0.0013434739808904415,0.0031169191271056143,-0.0016875917265863905,0.012941116101392591,0.0021221017988442338
2015-03-23,-0.0009644184759177388,-0.0006468343297389656,0.005852149861246303,0.0005636015974599728,0.0034903983341918058,-0.0016774691958370003,-0.012071671181903332,-0.00024706085932310053
2015-03-24,-0.002635392798792846,-0.00010957467902380506,-0.0012570684140980838,0.0011478077716185252,0.001778925396744287,0.002365022250277793,-0.007954877106491676,-0.0031341370394286304
2015-03-25,-0.009608937145106767,-0.0005917764806248838,0.00303876267922768,-5.932821352180321e-05,-0.00023148553096586185,0.002556410753148719,0.002723910229102122,-0.010662827580044965
2015-03-26,-0.0059120413801544095,-0.0017893884710169174,0.007342580177547331,-0.0019144523083951205,-0.005439672576988153,-0.00046959480261821174,-0.003124655790941455,-0.0018377350224309753
2015-03-27,0.0010622022469135904,-0.00018148147970727948,-0.016644500212988543,0.0018619418130161657,-0.0009128198049998019,-0.002551423256358376,0.003141919419481054,0.00257848797566832
2015-03-30,0.010278106258192731,0.00014797220245869045,-0.0007899297376082415,0.000573476060112188,0.003967126887977545,-0.003128194777836102,0.0015736916279021074,0.009534226193882034
2015-03-31,-0.00708043905173047,0.0009137220132809154,-0.011737542110751254,0.0007396428876545236,0.0021263078414385204,0.001794822977245536,0.005558974074829637,-0.006110757884714902
2015-04-01,-0.0011821456541751486,0.0020828102217944956,0.018062987277281763,0.0013106620424039649,0.004138477884832751,0.004174441777702986,0.004954749534340941,-0.003014053884311496
2015-04-02,0.004881379483489689,-0.00029545397451121726,-0.002099438039547341,-0.00012788693306061696,0.003840838952612443,-0.0008045509473857404,-0.002803329826561951,0.0037376856330538
2015-04-03,0.0006071931219855719,0.0008282779422661757,-9.92063492063492e-06,0.000975226854792266,0.0009530990090806527,-0.005444475635566937,-0.004846139223130819,0.0037376856330538
2015-04-06,0.0037782700346545074,-0.00042925484018826456,0.012676699046036554,0.00018698718137758472,0.004210196492811435,0.008204702068976166,-0.009752768270217427,0.005494766897133052
2015-04-07,0.004170388201935748,0.00031546310776956463,0.0042560717587543425,0.0024284738872902057,0.0006561712464292824,0.001624399501324869,0.005171869053873346,-0.0011660371714675378
2015-04-08,0.00317439000696943,0.0002329659933657857,-0.02129143950431108,0.001532710106834345,0.005778631323607781,-0.0021790921800788343,0.0074676299403835245,0.002550096794985224
2015-04-09,0.006470305791928454,-0.001197630070616096,-0.004320287245245547,-0.0008471776613743987,0.003133758555806402,-0.0004997084937468088,0.0009173145268661642,0.004227770366777272
2015-04-10,0.005720355238051178,0.0007659047362010063,0.006817142689136834,0.0007971446335588772,0.00264872079693275,-0.0009883574572590037,0.007907929194850505,0.004162550522957031
2015-04-13,-0.0012785145476741035,2.3492526986668114e-05,-0.004138945538290828,0.000955760526568461,0.002455073984794124,-0.0007921343185319785,0.0032586160026721878,-0.002373700257928124
2015-04-14,-0.0008456720223933512,0.001516009857164302,0.0061408092342494554,0.0002883775026872093,-0.0010094953739128204,0.0002570374297299338,0.0020193237765122607,0.0016911729252251705
2015-04-15,0.003447986074448106,0.0008165823188215682,0.017784475095034037,0.0010966930921212702,-4.6633026828690784e-05,0.0012296741379627107,-0.006597681954447654,0.003979512757714942
2015-04-16,-0.0006382467192823316,-0.001061571666649297,0.00853481026688988,0.0003425011582090298,0.0049998958155722485,0.0013357183652924487,-0.004562828089129223,0.000614307470110853
2015-04-17,-0.011160355580399706,9.914990596641134e-05,-0.004808802351648123,-0.00029818672945066684,-0.0031955103852536414,0.0041120660805009646,-0.006637104162793062,-0.0055037258496754785
2015-04-20,0.0050388664317886685,-0.000894820205330904,-0.006426166770834929,-7.711000749118794e-05,-0.003010357469366217,3.1463098538742074e-06,-0.003202151355458427,0.0050151033098242755
2015-04-21,0.0028392133469674953,-0.0006175331665409734,-0.0042232371177362785,9.664219094654976e-05,0.0025312145822446973,-0.0019078147198346995,0.005093384787461908,-0.00013072357177431606
2015-04-22,0.0031415278682132342,-0.0014668813071166632,-0.0009747834251040089,-0.0012148315955856305,0.002077061934224852,-0.0003190569815277877,0.0009657921993355689,0.0019835686425233924
2015-04-23,0.0018887476750187092,3.8045912602846475e-05,0.009648272513156619,0.000555932084362476,0.0026543598210819344,0.0014086606361665144,0.0007945631148751353,0.001148959873111177
2015-04-24,0.0023467622388538057,0.0009792305151461787,-0.0002375045589355307,0.0010120742384565394,0.002933579104970826,0.0001614902030957488,-0.006284399749980407,0.0009134342210561974
2015-04-27,0.00023582390689628194,-0.00010229565243488063,0.001708636275746833,0.00031202917606191203,0.0021120627225681755,0.0019326317486300093,-0.004897387688357124,-0.0011463374458677512
2015-04-28,-0.0018525745423864871,-0.0006921159329469018,0.0028990422951822637,-0.00105818735638471,-3.3746358938531944e-05,-0.00196844780753902,-0.0012709938731797488,0.0014423323649522034
2015-04-29,-0.0079083032181961,-0.005042534473690486,0.009812522087400388,-0.0025070272447028307,-0.003052642480757469,0.0010138238004681055,-0.007208642741716842,-0.0009989609984598303
2015-04-30,-0.007952694876006439,-0.0023219662400803752,0.006624284010308823,-0.0005565156322202225,-0.004023762019305029,0.002163987020452174,-0.008103267933943004,-0.004505144459606892
2015-05-01,0.0056723431437604496,-0.002027403068262068,-0.0033615095794145788,-0.0010592566554818662,-0.0010796020951207058,-0.0004969888067198891,-0.00238714779466187,0.005526969568009165
2015-05-04,0.0032583939612654046,-0.00037158524223742664,0.002861891975261244,0.00020139019414048274,0.000660134909813718,-0.0024461772111344926,0.005290555973985089,0.0017074886831942913
2015-05-05,-0.010425184198781213,-0.006978045912215259,0.009946498099331158,-0.0010692551536744756,-0.00018692150239904006,0.0009477011305587535,0.0010914269429427303,-0.004639642918294407
2015-05-06,-0.004582127854348939,-0.0037579492415137027,-0.0015987095449607415,-0.002468226163986642,-0.0026871241557926825,-0.0026570489861784674,-0.003318986369725163,-0.0018261893086423898
2015-05-07,-0.0001466149749580148,0.0006108132412261713,-0.013950552325402732,6.528443709411521e-05,-0.005127259216216378,-0.0003799958081747157,-0.009507783070078935,0.002293081997082369
2015-05-08,0.013440227365636248,0.003725749947180368,0.00964089877032207,0.0023759713593747623,0.00431212734826369,-0.00037440333976501705,0.004760804524311935,0.0058783824753627974
2015-05-11,-0.0018100499818570427,-0.002890992266206227,-0.006773755427454587,-0.0018127621833743059,-0.00012120852001648034,-0.0010382308190027834,0.0023038484240966994,-0.00046943661142525574
2015-05-12,-0.004812620352384467,-0.0044390320574343115,0.01213907675840623,-0.0020236733483874557,-0.003012954985466724,0.0003048593964076751,0.002539548929205049,-0.00046298514997508147
2015-05-13,4.8869668137585496e-05,-0.0005278554037922656,0.00316823904681266,0.0006819119731847123,0.002207030991821065,0.00025205155758190045,-0.006146197027195988,0.0010499309858522986
2015-05-14,0.006397384610595169,0.0012682255830345544,0.004849729383075629,0.0007124549991355589,0.0006550217626010121,-0.0006874241649079682,-0.009298969748474994,0.0010954196234361
2015-05-15,0.0018467289386217332,0.005150800778899433,-0.0014176146483998121,0.0027178952176279193,0.003539941779463222,0.00015188001262056439,-0.002318858232274734,0.001253830978025483
2015-05-18,0.0032781691488073307,-0.0021884432568945677,-0.002450372184435745,-0.0013896162009799597,-0.0008792634511399075,0.0008041425428726434,-0.0010474251555855352,0.0017105980449965473
2015-05-19,0.003109188277053565,0.0005247398236421285,-0.02173689117997054,-0.0007763511718205885,-0.0005823041858553313,-0.0004995140066342829,0.00854083925499749,0.00018239343384810478
2015-05-20,0.00032749670839441467,-0.0004301878168436413,0.001333805792520104,-0.0005162249092146243,-0.0015652807645910633,0.0013066628360089982,0.012221117418606653,-0.00010274405824858283
2015-05-21,0.002128954396482896,0.0006662256030119162,0.007834241685466014,0.0015402299915130756,-0.00012554073354683617,-0.0008925792240241925,0.0030993141220232445,0.001588116630512759
2015-05-22,-0.00035253248393326555,4.6581106966569994e-05,-0.012024238878239302,-0.0006291947244610685,0.0016191171677178205,0.001958704612711415,-0.001900300706661917,-0.00036741578556506174
2015-05-26,-0.007479233352325776,0.0016919997692506404,-0.016902610048097864,0.002120377584325739,-0.0032493068141317915,-0.0016165064006539165,0.010567233850937052,-0.005566322417737546
2015-05-27,0.007174679529232264,0.00154760302864968,-0.007656205141400274,0.0002503129109978963,-0.0026987943861595753,-0.002526696443815868,0.008318211251929108,0.005604165860637422
2015-05-28,-0.00173770846507878,0.00044298230330478414,0.0015366400919390232,4.7914399452764176e-05,-0.003428104717173367,-0.0011068882801293922,0.0013749024363867157,-0.0005794532870222136
2015-05-29,-0.006965837266784536,0.0017115048720952929,0.007882103871383472,0.0008041401657073233,-0.0017091866857966748,0.0023330650995665447,-0.0022243360023532777,-0.0031838927384227555
2015-06-01,0.001264199365331986,-0.002884868791883177,0.0010772708856739198,-0.002143833349395685,-0.0014197948226387686,-0.0014748636994474928,0.0014134653474935366,0.001545558106869993
2015-06-02,-0.00274486977838303,-0.0058663935591678155,0.009999890111506626,-0.002155959117179218,-0.0015453435307531257,0.0014984612907686934,0.0044990080661182485,-0.000341771700162552
2015-06-03,0.0015569315971588947,-0.006203450367546737,-0.010554022478095637,-0.0026477117830893903,-0.001998530776715083,-0.0009402798099812371,-0.015228283373042828,0.0019486506039588013
2015-06-04,-0.007358570575024948,0.00020799867856594598,-0.009315548549611885,-0.00016328999613443031,-0.00288454347042744,-0.0005619165863204323,-0.00458947354072059,-0.0056621089528481
2015-06-05,-0.003840927540005834,-0.002891106801437304,0.0019317345375411742,-0.0030794796411428237,-0.003184842317438915,0.002915757948742992,0.00292754177756005,-0.0002031740901590973
2015-06-08,-0.006185005943394517,-0.0008741795577970835,0.0035648050280001954,-0.00030956608931916876,-0.0023156164373833573,-0.00012650220635301856,0.008369181632802647,-0.004402287647511128
2015-06-09,-0.0032837905509152886,-0.0011845570230463954,0.015604892074376797,-0.0027659718790877474,-0.002690025243853167,0.000916152140779336,-0.011644902376028443,0.0001842229241993176
2015-06-10,0.009580817108352268,-0.003424691877710184,0.0052468152822582655,-0.0009788847945800484,0.0016245513847083651,-0.0006399959030981561,-0.002006728846199568,0.010183984440613336
2015-06-11,0.0038321670759638216,0.0037337092772731562,-0.011865690722246492,0.0028452084123249733,0.00016178372188516697,-0.000947043850171303,-0.004119070482988096,0.0020175630325720896
2015-06-12,-0.0058016173442647315,0.0006632478363311267,-0.009008652606432322,-0.0006289706313532206,0.0014605468086019294,0.00013832855906925623,0.004312219164707587,-0.004863390799964973
2015-06-15,-0.006867060949321291,-0.0010638126256114712,-0.003106332154981206,-0.0016053529211621177,-0.003309941567102259,0.0005702037508850122,3.542102820852655e-05,-0.003956816939190444
2015-06-16,0.0025107467090517478,0.0014362292183805246,0.002496410922046477,-0.0006253578956258665,-0.0022808872758134403,0.003602986999544866,-0.0029168479375119016,0.00551361442751922
2015-06-17,-2.3235296690982156e-05,0.0006688042296785546,1.4131754046997589e-05,0.000750990593096279,0.0015819482518061273,0.0010597031158570136,0.0013875939761378575,0.002710138808329743
2015-06-18,0.0048375653325889775,0.0012290844230691599,0.0007919380810899379,-0.0005332280068354956,0.0037080186449714968,-0.0014877457635120717,-0.0077902991662532894,0.008326610574140891
2015-06-19,-0.001869175375383192,0.0025022461952173614,-0.007645507585537803,0.0024248299477540925,-0.0006183618104122713,-0.0011012094864173427,-0.00119808601688276,-0.0023458479849553736
2015-06-22,0.01156613143057753,-0.0019509963606449633,0.0020989372694400267,-0.0002808204986542662,0.004641461643407947,0.0022083971624895504,-0.0003191635795094516,0.004547910547747757
2015-06-23,0.004930111289747107,-0.0011931988399270456,0.0067637432099898805,-0.0003410611515174078,0.001781855057165138,0.0004937751097393583,0.003127256308159021,0.0011620131868275484
2015-06-24,-0.004100038099832249,0.0009199476530865946,-0.00254610231888327,0.00036252649968607773,0.0013606965599735398,1.5849975349979673e-05,0.010023889873704173,-0.0037308691171136998
2015-06-25,-0.0032337140689637444,-0.0008095566590735293,0.0042981958480339585,-0.000863505222790073,-0.0019767302096227123,-0.00024801922279837907,-0.0008135582662761598,-0.0021628720819271917
2015-06-26,-0.0019068482111171626,-0.002134317093536031,0.0022795287237496243,-0.0023428607216458785,-0.003271976201824848,-0.0008326143683318188,-0.0008771069001368703,0.00022688875325597155
2015-06-29,-0.02263810843747368,0.0034085865994773258,-0.003932921158419334,-0.001801262875221721,-0.007032135929020822,-0.001990161125765333,0.010842345725366354,-0.016536617860303103
2015-06-30,0.00038864259485141826,0.0007690477836333254,0.019390329272450692,0.00039388881218819225,0.004697573683404913,0.0004982784694815834,-0.012317873795409828,0.0028654872717824077
2015-07-01,0.007984090620040163,-0.0024278325446858927,-0.010587621287340998,0.0004920821141507825,-0.0002460971072367424,-7.556990877066738e-06,0.004394537567735446,0.006344514133772605
2015-07-02,0.0005487899644445515,-0.0020772311184389046,0.002568018801899308,0.0008643866279780865,0.0004882188766946608,0.0009021129798008065,0.00853743036607213,8.283944114276794e-05
2015-07-06,-0.011200931749057974,0.004720995990728871,-0.027073625481450835,-6.812454367318702e-05,-0.009188986992413665,-0.0010537915634847295,0.0025481136289491335,-0.00201070239733111
2015-07-07,-0.0003598862929158009,0.004462934862215195,-0.015228855118153051,-0.00025520298535716137,-0.004653621388106955,0.0005380115849398237,-0.0022451854932936666,0.005851775207457421
2015-07-08,-0.013917002079566443,0.0014263083901533745,0.002499793513831372,-0.0008784080207671852,-0.00968672069697267,-0.0028089569898896993,0.0034137548515591476,-0.015374026177350142
2015-07-09,0.007308208239975833,-0.0023680747338049256,0.012192143951261591,-0.0009206482404312211,0.005661851529424033,0.0008112149494219345,-0.0044538230302099135,0.002557206729450623
2015-07-10,0.01317661607829893,-0.003980636183380815,0.00297959740442314,-0.0008988947507000078,0.00475440377602339,7.088680659650404e-05,0.0010323400598843957,0.011549343155635305
2015-07-13,0.011781732490837837,0.00028073357135819375,0.002441816169414224,0.0014310499841288292,0.003967741065063253,-0.0005313427444942898,-0.0029426255486872943,0.010868696207769124
2015-07-14,0.004744852001193489,0.0008519328391703218,-0.0017559807197887413,0.000683875794479627,-0.0006967891826544078,-0.000701656590352151,0.009368579237154506,0.00399787265970789
2015-07-15,0.0006228664901580028,0.002694756395127651,-0.009273153623347208,0.0016111807248495923,-0.0005806781512883755,-0.000731409139339334,-0.0027989595445769844,-0.00012713484388756637
2015-07-16,0.008282642427021735,0.0007472804838386859,-0.0041094341154304884,0.0003252464965253554,0.001651031057443386,0.0006955936343550073,0.005877426776816241,0.004828988624133534
2015-07-17,0.00033032798794033755,0.001918841506374924,-0.005223500025269135,-0.0007440621891785182,0.00018796220207524614,-0.0008430076060321756,0.0033815535630485893,0.0010335688977774259
2015-07-20,0.000630604223693465,0.0005038378360655904,-0.013997060452891586,-0.0009547758132827045,-0.002355103301637096,0.0002109281312819844,0.003557235615442078,0.0007346520774607401
2015-07-21,-0.0031462546198533724,-0.0003924804542861593,0.001622650532559644,-0.0012754846589214332,0.0017430099399596054,-0.00041336911909284346,0.00014907293076316108,-0.0016791104955627635
2015-07-22,-0.0055159798474559655,0.0015824719074306935,-0.01080145544712593,-0.002202619213050616,-0.003387657097967034,-0.0006052727561689508,-0.006678714858285306,-0.00039227281367989477
2015-07-23,-0.002759500444203333,0.0009975162496694055,-0.009761434655765589,0.0002721338087095293,-0.0030041123584889306,-0.002007557656890757,0.0017457755243603934,-0.0034264743889158233
2015-07-24,-0.009200811595653969,0.0019851617066160344,-0.011696944548652744,-0.0008484918938508002,-0.0051575172161253445,-0.0033323687321917816,-0.0024949611047304643,-0.007621062826669378
2015-07-27,-0.010269869578300417,0.0008723806222173169,-0.0122047959678104,-0.00209542213723809,-0.007366869584600648,-0.0013030198706265317,0.001614310133039698,-0.00495905273413918
2015-07-28,0.008046663855012104,-0.0004183829040376952,0.008115990418812868,0.0004899824179574241,-0.0005369249328215401,0.0006606313548711551,-0.006779173893904922,0.010583174090271574
2015-07-29,0.00716850392256666,-0.0008361975365240526,0.0015749607816726628,0.001981816079650567,0.003758270976067916,0.0016329279449026624,0.00011467079285032433,0.005589636093999572
2015-07-30,0.001740123640283897,0.0013139534884836544,-0.004528785065146057,0.002082558347290353,-0.0018589363279225965,5.7983391940297224e-05,0.005254516074614912,3.545612180814169e-05
2015-07-31,0.0017002695903323482,0.002302769283352413,-0.009096339673366727,0.00083522997167077,0.0033560611042075675,-0.0010933953344991476,0.002611575780603559,-0.00015252682791874197
2015-08-03,-0.001651690765330638,0.0008932778403872077,-0.014709932686061545,0.00024867696117939484,-0.003707958802413965,-0.0028360604722330596,-0.0009051889822928594,-0.002084488379282068
2015-08-04,-0.0009106625673227176,-0.00026940648239911493,0.00753938848189154,-0.001178081724114788,0.00046532981551723843,-0.00019034162004671895,0.001331193176417722,-0.001016878388170517
2015-08-05,0.004690067569132405,-0.004208732934782489,-0.003172021109578893,-0.0012134561656175992,-0.0008979679844819436,-0.0011692829561176232,0.003595119756191645,0.00267583898634175
2015-08-06,-0.005788595928985141,0.0008824886403305032,-0.003256495888286437,-0.0014883225996757622,-0.003161463118992721,-0.0017644446158384675,-0.00017282435992138634,-0.006158298902867865
2015-08-07,-0.0035493679213784656,0.002429925656515042,-0.0005862471908692713,-0.0011488478265662906,-5.2430047381687106e-05,0.0003107678783822454,-0.0005369679216474799,-0.0021242648945412833
2015-08-10,0.009535274368755597,-0.0012249459405898279,0.02367874413306973,-0.0012933493824924481,0.0008398398016460325,0.002055988379170204,-0.0024983663801187994,0.011225079201589805
2015-08-11,-0.009209614554618073,0.004270304249997447,-0.01625375197688369,-0.000784393492515878,-0.0030158643976495258,-0.001617034714122445,-0.0036312670659904844,-0.007615024332061593
2015-08-12,-0.008701520348910441,0.001377842754185543,-0.0031482497277521503,-0.0027631548611727007,-0.0065054739102169456,-0.0015595792249238905,0.0011552869160478263,0.0008567716632477462
2015-08-13,0.0018771899223724352,-0.002412474622668881,-0.004165521812419326,0.00043973782390697156,0.0009366163999379876,-0.0013091156412051719,-0.008859903329896501,-0.00034848434349540327
2015-08-14,0.0010319176519389182,-0.0009436729129688959,-0.0010946748737355684,-9.214700683143343e-05,-0.0005646538572576465,0.000453154483435414,0.0005290865540716894,0.003715541465666694
2015-08-17,0.0027388371858063977,0.0016210411307191806,-0.005983179616099366,0.0009401115398892989,-0.0033811491843036222,-0.0015876210684246939,0.003298365617105059,0.005233087605946351
2015-08-18,-0.0026362318546716223,-0.0012275212707476225,-0.005806275346912216,-0.0013469936461906974,-0.0031530236210322434,-0.0012803412696180683,0.0011667559670933692,-0.0020561644542315904
2015-08-19,-0.010394447663846307,0.0011946009352259755,-0.008600784754866109,-0.0005728082699417381,-0.003258244052731233,-0.0019633525785247574,0.0017112528724783083,-0.007312590087252791
2015-08-20,-0.018591703641546907,0.0020478739061760344,0.007937160359539319,-0.0008039639997243442,-0.004959139251950688,0.0009459889703655744,-0.004913677995345145,-0.02089320879171793
2015-08-21,-0.028641615199909896,0.0005397541279730578,-0.015975822657757842,-0.001811053314963529,-0.007849474200246587,-0.002079033647307549,-0.006551473370055905,-0.01910925714925845
2015-08-24,-0.04390933129632032,0.000800282450460521,-0.02222941526776353,-0.0056928466641377965,-0.019091885724870344,-0.002968191791133057,-0.00814742989868944,-0.03302280420785638
2015-08-25,0.00236512599669928,-0.00662530100416644,0.004908502590130348,0.000697889583915845,0.007205333861478032,0.0019080136756877142,-0.013458546666794136,-0.00844317375178646
2015-08-26,0.01949349078490451,-2.4091377748802802e-05,-0.013185633419123233,-0.0008437344931769508,-0.001082445495178149,-0.0013881293129914818,0.002415172190192383,0.033351951309266416
2015-08-27,0.02626671001418982,-0.000364887697652605,0.03033384496216488,0.0038366576875766057,0.012679606853939165,0.004321906329140424,0.01386150309400147,0.01605373141514658
2015-08-28,0.004916013322604084,0.00019181556317219293,0.018644653186506578,0.0009589192843116101,0.004110977830799238,0.001397158975574575,0.005214895776922246,0.0009604951612918522
2015-08-31,-0.005650862919111066,-0.0010449049222117314,0.017618448393596643,0.0005423943764486849,-0.0006497708751395511,0.0016607838665965158,0.002252126219840944,-0.0034098156084620634
2015-09-01,-0.02820203665646622,-2.1451996231125516e-05,-0.02414412856040423,-0.0006024159971477983,-0.007478443332165559,-0.004339066183774443,-0.0004770474886407472,-0.021890768306660556
2015-09-02,0.009702402233774199,-0.0004115758631952571,0.002135198168109065,0.00019351013460470188,-0.00224131292477433,-0.0018905162999264258,-0.003499276492512915,0.016848978460320553
2015-09-03,0.0064814581204135965,0.0021262863659748167,0.005518965009877063,0.0021973284108541048,0.0022079581715422868,-0.0020289552529255683,0.004653157956997944,0.0012534002689652878
2015-09-04,-0.016441598050858618,0.0032507975023583825,-0.010409555349777578,0.0005565526395104103,-0.005137984868771635,-0.0016485454136025979,0.0033681609647808752,-0.012389768278001168
2015-09-08,0.016875483119330327,-0.0007194990194751783,0.0097301819220588,0.0007759189113607845,0.0006865326891973425,-6.8780023911863e-05,-0.0012914718046861395,0.02146103930793334
2015-09-09,0.0033203980003444823,-0.0002548356610841629,-0.012657632086606719,0.0023227662831024954,0.008767655176691865,0.0013001194363315705,-0.003323372659762458,-0.010311296393067016
2015-09-10,-0.0027764833958772938,-7.695775839666776e-06,0.010490549600055165,-0.0011158190349491394,-0.002652326989416683,0.0025332945567239085,0.0010228627506074783,0.004508172118466358
2015-09-11,-0.00011109689048535158,0.0015283104391812573,-0.00246913511624377,0.0004649540004327046,-0.0005808869831031793,-0.0001601492508322977,-0.004552641398759216,0.005265660862668031
2015-09-14,-0.004226359297200022,-0.0003579657853285068,-0.00399296981721039,-0.0002833674652080398,0.0021392895124041226,-0.0018065016085410113,-0.0028201830781020565,-0.002721333462661757
2015-09-15,0.008310452380184052,-0.003717949084980432,-2.0064633747785034e-05,-0.002494133713879154,-0.000654576842859822,-0.000561053245511145,0.0007130082204671595,0.011303731306682862
2015-09-16,0.010901643104982905,-0.00118422375574353,0.010015926648374173,-0.0017713824744383878,0.006982387134086569,0.0012510206946925173,0.0027699207753177912,0.0058204385925902154
2015-09-17,0.00019321671407749317,0.0015301814453707928,-0.004786421235222405,0.001210589397276951,0.0029129973460724546,0.0028375621655702954,-0.0032734702759330547,0.002815406499494555
2015-09-18,-0.01455033460569607,0.006237703938376337,-0.01465780984353201,0.0007804931666981818,0.0020980557813563895,-0.0017514212517732997,-0.00623727630608395,-0.014387752055839276
2015-09-21,0.0020829800213888806,-0.001883970393687562,0.009505401351140452,-0.0020760342579293155,-0.006794045969130917,-0.0012313965766704849,0.005686889648966131,0.0049420692195392465
2015-09-22,-0.014466790748687031,0.0036150769988439247,-0.010084952861011154,-0.0023182792473968815,-0.0038663717416113482,-0.0028291358169267866,0.006631467547905334,-0.007728473873574749
2015-09-23,-0.0026461089597014874,-0.0005028905674314355,-0.005522399158687541,-0.0007281390922297626,-0.007644428343109193,0.0006834006314513363,0.0044870875535309995,0.00027942148185226
2015-09-24,-0.008314129312075725,0.0009876306154113278,0.00784004497091465,-0.003276916211311065,-0.003802800882156384,-0.0026447434454931473,-0.0011364666215071262,-0.0024652537529917472
2015-09-25,0.007112932707574104,-0.0025987852173679714,0.007090050481179088,-0.002281684822687946,0.001026393438260938,-0.0017765575720894988,0.0010194466735662377,0.00022610178046525984
2015-09-28,-0.020499696053414694,0.0020575755173828703,-0.013116462373101012,-0.00593334746887827,-0.004750995813419057,-0.0047327989816544624,-0.0007020067104218652,-0.02074128263483973
2015-09-29,-0.006059042422843353,0.0016648613997938598,0.0025952395089652637,-0.002892866297397123,-0.003225730847917111,2.406527278742132e-05,-0.0009967086177693485,0.0018902384001289517
2015-09-30,0.020197192898320927,8.939612570235642e-06,0.002954574976499902,0.0010429582413445158,0.007966573828810272,0.0011839723995522577,-0.0017127794647433525,0.015389283636451789
2015-10-01,0.002825635353030076,0.0018962563869780234,-0.007876784723526232,-0.000729984648435067,0.0034212180127106287,0.0037076621131879595,0.0035318481108346234,0.003116602022217563
2015-10-02,0.01042290806769256,0.0026122758571834105,0.008723976233825847,-0.0012425649178993915,0.0035861741774818935,0.0021337054597780902,-0.0018806190337800066,0.010844832114185665
2015-10-05,0.01978774515447327,-0.0019048958891976998,0.010336692807391612,0.0036030589916107637,0.008811470372394378,0.0013926322451808248,-0.002424085382774388,0.010915138929011225
2015-10-06,0.0012164422043417277,-0.0004807913837351019,0.016508428045600966,0.003911805432746085,0.004416471357200983,0.001659355018796882,0.0016743186354963857,-0.0005182519877422132
2015-10-07,0.008245663426191407,-0.0008568331472635582,-0.001767534459414988,0.0050521335257587615,0.009419386270751928,0.0010391515405390184,-0.00565013739393605,0.00419089971395884
2015-10-08,0.0049633499683073064,-0.0004784769646481668,0.002612632651272351,0.00030829824887516064,-0.001111493837698267,0.0015280700688715676,-0.00015393869821000994,0.00231191315335203
2015-10-09,0.004800369723385633,-0.0005106301498146393,0.007330526155438865,0.00387861637445045,0.0054013263402322665,-0.0027462412688121773,-0.0036502459898026807,0.001361578433247501
2015-10-13,-0.007107429199782101,0.0016584059060289812,-0.011288505102018587,0.0001261357254139006,-0.0018360112508265932,-0.0012802687187394302,-0.0037549395872559233,-0.0004028968402112976
2015-10-14,-0.00701966919037641,0.0032029115141885335,0.0017205038552859152,0.000676842292565849,-0.0014849814650818066,-0.0017822264914584274,-0.0002798110192127057,4.249679125271074e-05
2015-10-15,0.013151822087476705,-0.0011996342020874297,-0.00332238024108652,-0.0009409508408025569,0.006710252748037563,0.0008050615717342113,-0.00881286094994238,0.0010187174351708238
2015-10-16,0.005104266099065035,0.00030518983965536204,-0.0006286438240889703,0.0020614461286699083,0.0010678573741600748,-0.0010608412379198295,0.005077584996431295,0.001187833085970069
2015-10-19,-0.0004287174278007844,-0.00046159418026311407,-0.014091076960408422,0.0008002982866273433,0.0009703902181828261,-0.0019907854827501126,0.001928984070195927,0.002049320126279264
2015-10-20,-0.00153601359836838,-0.0021742307073184474,0.00349011550660453,0.0007424716149298294,-0.0015147525404001624,0.0009167389971299622,0.002432250875169295,-0.0009102102933323475
2015-10-21,-0.002177521790857806,0.0022032480067184835,-0.007266548822499297,0.0014797297875040248,-0.0023031728103063086,-0.0005694046204938186,-0.0007227172259646197,-0.0033204870225506888
2015-10-22,0.011854244455166618,0.002801665019369881,-0.00011782804732115574,0.0001782687284826223,0.000128028075534096,0.00041253507366723063,0.001994217926897468,0.0077600464115091024
2015-10-23,0.012379661892436144,-0.001205706342486257,-0.00826980999227197,0.0015391875543917853,0.004637571670204173,0.0034948823002358687,0.014692472240702692,0.0035850736767973125
2015-10-26,-0.0011096693317987573,0.0006378474756401409,-0.005555375231979432,0.0008608359445656854,0.0003898222186448419,-0.0022714314714814554,0.004681623896575449,-0.0008260991059462986
2015-10-27,-0.004761189149838663,0.002476459201642667,-0.0038966947916055593,-0.00046541513132832837,-0.0022471937679065376,-0.000656487972495956,-0.0033038059738529357,-0.0006063472614798671
2015-10-28,0.009014251423833863,-0.0004930705755042619,0.011749536206213251,-0.0004311771361976358,-0.0010468295918577971,-0.0005436514101458956,0.00238959249531967,0.003479960008566685
2015-10-29,-0.0028902277664380692,-0.0043085159221810335,-0.008849286340143559,-0.001597714976175968,-0.0061217296537333325,0.0023301861091526987,0.006818718832207082,-3.577746564883414e-05
2015-10-30,-0.002761093943418247,0.00025294646903754046,0.006456897841703479,0.000374536822795235,0.0007335054668850685,0.0003642095489182484,-0.003455957091783368,-0.001031291858109762
2015-11-02,0.005329443885487872,-0.002340644591615837,-0.006419461159798712,0.0005500988634637216,0.0011974732057932905,0.001637314554533864,-0.004227822527925196,0.003322636180319838
2015-11-03,0.003663943318700713,-0.0007282045186376096,0.009485499053063983,0.0007538589577516297,0.005194170968834451,0.0026192042825228246,0.001072283659336204,0.0002674074700255491
2015-11-04,0.0007105838061641001,-0.0008771251062760999,-0.013441746781267827,0.000218187248945767,0.002995437317122851,-0.0014131864028831265,0.002727929633083326,-0.0005063937415527797
2015-11-05,-0.0009072913613792033,-0.0006152261827248817,-0.007968848192138578,-0.0017721340746878701,-0.0019301068075797717,-0.0020864987568589566,0.006820365079486912,0.00028682101276958913
2015-11-06,1.9504516364487987e-05,-0.004019459318477992,-0.006897330346326747,-0.003775897562544561,-0.005810878689775852,0.002038701070724125,0.0005630519203030371,0.0006349785350941217
2015-11-09,-0.007465476363405632,-0.0009471512980002373,-0.011706062057843492,-0.002021101156169569,-0.004520094606492946,0.0015575364235512756,0.012965415992021612,-0.0014406741006309455
2015-11-10,-0.0010273933505136835,0.0028156745093848357,-0.0022888798573719948,-0.0009378669165000742,-0.00392750862615288,-0.0023115428930505777,-0.0023022035815735142,0.0009775520159594263
2015-11-12,-0.01132850050472064,0.0008515170228425073,-0.013989835695294406,-0.0028845712385930588,3.0889511748932695e-05,-0.00111805001505072,-0.0017639686081644124,-0.0034476544395181884
2015-11-13,-0.009972757724790416,0.0019367602287725715,-0.005265958249821201,-0.0015814309084662638,-0.005475905665008629,-0.0008909694313536942,-0.003208674837446579,-0.0042620450791349355
2015-11-16,0.006899494166559028,0.0009703294061070067,0.00032727974447780415,-0.0011818665800198082,-0.0029701378991992024,-0.001759954472790204,0.006186457680475765,0.007627189872443407
2015-11-17,0.006684302602345571,0.0002647502971724669,-0.008711753953245605,0.0026572826776381287,0.004862394357044234,0.001411301657169295,0.002254607254409624,0.0005383638795895318
2015-11-18,0.008584643808925463,0.0009417780568146461,-0.0021458936299456276,-0.0004546461929568424,-0.00040504100613773705,0.0014000561874749629,0.002170026973925987,0.0021949093610822757
2015-11-19,0.003297280805870917,0.0011273050998630628,0.0021264256889262146,-0.0013178752932578532,0.006726588270599609,0.0017521738467760617,-0.001382594740515719,0.00011230044371249855
2015-11-20,0.0028066816087528924,-0.00025528045902741827,-0.0038939878709882358,-0.0014836553969586831,0.0029001351273705623,0.002196612540062426,-0.004985898879092399,-0.000530904715962588
2015-11-23,-0.001482595268217335,-0.0008508679277252296,0.0009419616108752637,-0.00034258153395213544,-0.0009595473652995401,0.0003003732407984572,0.005033900651333578,0.0008009214825355548
2015-11-24,-0.0018739437548815575,0.0010303014648654128,0.007904351968140799,-0.0010550726985143145,-0.0008266536517612703,0.0003414630578462141,0.0007183662786445222,0.0006266534391535017
2015-11-25,0.0017828928970678225,0.0016973609088206997,0.0015014473745793898,0.000753138185108726,-0.0017353550037952211,-0.0004239774063190538,-0.0014476987829344923,0.0006969339265403884
2015-11-27,0.0011269904437405719,0.0013015820648181518,-0.014250110029499908,0.00029742007034342375,-0.0038698896612775146,-0.0006341532828006979,0.002541929109248553,0.0005037922894544411
2015-11-30,-0.003761458019102848,-0.00041859475384117275,-0.0002226033814229589,0.0010764047760661087,-0.005487834319181691,-0.0009133269078734907,0.0027388341797340843,-0.0022113339037303724
2015-12-01,0.008761181079939095,0.001863473948620775,0.008324976274646711,0.002554125168460686,0.004616231124735781,-0.0010868205513878682,0.00022874325153088293,0.005701939192951621
2015-12-02,-0.006395496975684834,6.0221019102335536e-05,-0.016915353262498566,0.0006668011604640589,-0.0019428866541684965,-0.001426014197715486,-0.004131639856337355,-0.004979412940841777
2015-12-03,-0.014284280217777579,-0.00852989848953164,0.011530234406328421,-0.005232211557960132,-0.002420666777655959,0.002543688625908036,0.0019715509096427386,-0.01001139900254563
2015-12-04,0.006624329684679775,-0.00048457193011793855,0.004962917856161908,-0.0005944756290182318,-0.002870039223478767,-0.0004285747572967402,-0.017834288455270908,0.014118022957186926
2015-12-07,-0.003127904250819069,0.003772695216146127,-0.026860008318644067,-0.001115269126861962,-0.001656174297528183,-0.003479882495979636,0.002601987805242345,-0.0032878325026262866
2015-12-08,-0.009537680130405424,0.000898404387374796,-0.004246147295706904,-0.004617205035446126,-0.006079337202079875,0.0002537428568518685,0.004850923007992947,-0.004204287465379564
2015-12-09,-0.006339569389394695,-0.0003738306222415777,0.0009781944631233384,-0.0005624065144600121,0.00032994438248697225,-0.002696367320365489,-0.0025012972650957366,-0.00651180411704041
2015-12-10,-0.0006790859804940097,0.0003492296665883798,-0.001165654415333084,-0.00136231941661088,-0.0035264832415736044,-0.0016456124312930198,-0.00965659518023032,0.003035059368195847
2015-12-11,-0.016298707637735298,0.0019815903003664093,-0.009250375033912983,-0.0054601769217251465,-0.00802492372640059,-0.001565470389333079,0.003651640527944089,-0.018023681776202248
2015-12-14,-0.0036273642647690284,-0.002413563129586038,-0.005871130407451431,-0.01055265447893502,-0.00248411124980941,-0.0021908500499554506,-0.0017945871798314972,0.0050787353534782805
2015-12-15,0.011571554401501849,-0.003165980754688069,-0.004911664232498969,0.0037945432557027537,0.004018217869495888,0.0019658824256895135,-0.0007875225614942805,0.010443772259978423
2015-12-16,0.013522513764685561,-0.0007818545249425491,-0.006424565353588307,0.0016878061640504649,0.004524718405659926,-0.0013377106202616673,0.0050525835512726935,0.013609796051999922
2015-12-17,-0.0030549009751617453,0.003252800912332776,-0.006189513633879806,0.0010906813092322442,0.004376971373471143,0.001151049630359946,0.005143067210363617,-0.01281310015725039
2015-12-18,-0.014195141617217844,0.002748571845416836,0.011055599154803652,-0.0035627194195297254,-0.004141831901310981,-0.0002651694796054205,0.0031906749427308423,-0.01028719458873233
2015-12-21,0.0021376653597576342,-0.00026029793450181864,0.00318111164109609,-0.00038984185975747825,0.0005295805123642841,-0.0019265391321662273,-0.0031798885977026847,0.005819144280143918
2015-12-22,0.005754103457646109,-0.0022614470778597353,-0.006826628730325068,0.0002464018225272868,0.001178492727095241,0.000712375619006389,-0.002400146797208458,0.005296604529775606
2015-12-23,0.013532264366521728,-0.0015382011876386326,0.01212204744882579,0.0017537476123706374,0.004041811444849564,0.0029550629304129217,-0.002318628539471179,0.005249047014173347
2015-12-24,-0.0007230766263988553,0.0003062653629156253,0.004846889114960074,0.0008514887493501044,0.0005573043789913301,0.0006575195046545357,0.0011151804647508978,-4.562858892724904e-05
2015-12-28,-0.002196362482793024,0.0006759031123054315,-0.007714217499750031,0.0008098280322344608,-0.0013282898412973366,-0.0008197558143139272,-0.00497969751451155,-0.00035508506299579694
2015-12-29,0.009889276410424652,-0.0004902395125209625,0.01491891085955339,0.00014988533700239774,9.250789375225085e-05,0.0007512393715850552,0.000545888116548543,0.0030499579678682884
2015-12-30,-0.005598295622637739,8.549532883723725e-05,-0.012078254435103065,0.0005543649079483126,-0.003364282624921581,0.0009495182073306907,0.002540832671501514,-0.0013635902652441745
2015-12-31,-0.005979513457688368,0.0006726359520668578,0.006014388177416907,0.0008045643088397502,0.0013525633267411185,0.0014056552347476714,5.3774120677863024e-05,-0.003303258083510552
2016-01-04,-0.01896315522657781,0.0024383147509930534,-0.008308522164943755,-0.0015322036690640806,-0.01136694982013676,-0.0009258999515220356,0.004610411596604358,-0.006349936350453156
2016-01-05,0.001453962100564099,0.0007578959603849577,-0.0031270133897119304,0.0018426331473753832,0.0013255735787137974,0.0005322171620956162,0.0016561349235322265,0.0025478281963434266
2016-01-06,-0.011907139049899196,0.0026351054823968265,-0.013166443047516064,0.0010609106888036068,-0.0038889509480081632,-0.001646621606001153,0.004250035299460997,-0.0070677110236520456
2016-01-07,-0.02267248147069627,-0.0007607183444631627,0.0005274349320346205,-0.0029106822720002426,-0.01003182382154985,-0.0014393969307273657,-0.0005264080320414033,-0.020516889799329908
2016-01-08,-0.009093202221246589,0.0016344389569130202,0.0005548306152248327,0.0011245091608481194,0.0006659450950770695,-0.001565310443965684,-0.008615712602678904,-0.010359496614663111
2016-01-11,-0.0033303051600324543,-0.001193704387999861,-0.020912212353511973,-0.002383006559509893,-0.00832228205999083,-0.002787544460663649,0.00048140511308547573,0.0016574459706507171
2016-01-12,0.004226944479771189,0.0008417094359117305,-0.009176332809393162,-0.00040946320155703657,-0.0007672218119227989,-0.001656608416039429,0.004922765380859895,0.008224780560249622
2016-01-13,-0.009859588979471968,0.0019415664083669126,0.0026218084293301966,-0.0021825129493648235,0.0021514036593338537,-3.8021370995622306e-05,0.0018474529714338495,-0.025165076681269372
2016-01-14,0.0029170139192831843,-0.0011404602203450187,-0.0009596811460186761,-0.005217042926354431,-0.0036147732022282944,0.0006416626187558672,-0.001501101124273041,0.017529539883560274
2016-01-15,-0.019173971538865842,0.0026835324024883753,-0.01438704466028078,-0.006268509418598733,-0.007764501755455629,-0.004822451019339646,0.0017351245532135628,-0.027527170281971203
2016-01-19,0.0025480781123399907,-0.00021286911127909043,0.0016650742028344156,-0.00040754868681507355,0.00245753269620359,0.000669303742672267,0.0006780886981503365,0.0027319511979911446
2016-01-20,-0.019918783154817255,0.0015985228758229164,-0.009982979726870834,-0.008890781938485404,-0.011367132255079246,-0.004565964358995922,-0.0004927866846572426,-0.005542798430724072
2016-01-21,0.00430725546437023,0.0003886412814669393,0.01255173428284213,0.0019493438083018732,-0.001884013130530741,-0.00016311793159495824,0.0006034182837464375,0.0024068383391165457
2016-01-22,0.024643930503216737,-0.001197428630961328,0.019556054770582487,0.006532487171609325,0.012473488707308052,0.002811019443095031,-0.0001992426706720618,0.012388513966014324
2016-01-25,-0.007773629065645648,0.0011081120779975028,-0.009830263109473259,0.0017299427023767632,0.002354369071313026,-0.00028509019946953984,0.0034100929946003777,-0.006680860303276126
2016-01-26,0.006744788908737154,0.0017011569523582403,0.013454209927863458,0.000801924654705588,-0.0031769843175199746,0.0012489113438398647,-0.00175191233014238,0.007187911190629515
2016-01-27,-0.0014639484207556342,0.00035187431951240185,0.008210844786483328,0.0010669311473322062,0.004397778432474753,0.002058596426086856,-0.0025820745714177917,-0.004110058208392431
2016-01-28,-0.00031386163847528796,0.0008487575624872123,-0.00020592481476993115,0.0017758195474154137,0.004058118151483818,0.0009299507751407976,-0.0014970732081970306,0.003250686951320536
2016-01-29,0.02386341071723248,0.006253023778256384,0.014684798633530848,0.003522035539614454,0.01053721392675373,0.0005509931309632954,-0.002519601980925046,0.00893283257263262
2016-02-01,0.0006026458369195575,-0.0010291795208295263,-0.01645031881791763,-0.0019431401171270846,-0.0002816476044487908,-0.0016571325039812512,0.010304596855157389,0.0011722879678056186
2016-02-02,-0.017509532146180274,0.002246558752606442,-0.014527008567400124,-0.0018261491578114742,-0.006640749875334443,-0.0015544282900652462,-0.0063373499408019285,-0.005953093869444803
2016-02-03,-0.004759899821325231,0.00148353807058339,0.018985042130508067,-0.002062793950639175,-0.0030025045165340994,-0.00047983158069220266,-0.0011823511617903293,0.002334957483340516
2016-02-04,0.003210943521543119,-0.0005424452770686373,-0.001713135601835436,0.0006592178933409576,0.009176621079776858,-0.0010497553089978684,-0.015073026862832961,0.001086894200012245
2016-02-05,-0.013184835972437182,0.0010458869419610161,-0.007173672287801791,-0.001592423567816459,0.00026590368962878426,-0.0022463380440496117,-0.00802127937901087,-0.007365052639658853
2016-02-08,-0.015967694771126407,0.0018427910082279952,-0.001203368979089503,-0.0062237854457555695,-0.0029417959350427425,-0.005172312807967261,0.005074587320422541,-0.007193932551612203
2016-02-09,-0.010628597213045033,0.0017894093020574652,-0.01990406568134633,-0.004192383677612366,-0.002740891647516386,-0.003824218469441698,-0.0033052211591136915,-0.0002400601123159652
2016-02-10,0.0007764021159096357,7.767464109493798e-05,-0.001183763527637316,0.0023967172889967745,-2.0551746890203592e-05,0.0023489792536373066,-0.006108940618086756,0.0016803473340768038
2016-02-11,-0.01668572030266018,0.002285172471762142,0.0005541740184414445,-0.007272844149912738,-0.00874334643068302,-0.0017841083440706118,-0.0035416965675224565,-0.008389537198375919
2016-02-12,0.012639578759524882,-0.005212616056994346,0.020015838201946256,0.0012662426832864115,-0.0009998972581403958,0.004564469267569371,-0.002676925690999976,0.01678461035066221
2016-02-16,0.02668185816454367,0.000332362209432957,-0.009559634696295661,0.0037177558412893716,0.010691442832823297,-0.0009076573956414702,0.009810357874922904,0.010618601605605193
2016-02-17,0.014954636101924889,-0.0011696001276713553,0.017551030999907024,0.004145775600809487,0.003482391156264245,0.0016043107812249158,0.0027827181517348087,0.003048408748703113
2016-02-18,0.0007298453999121212,0.0032314402935525563,-0.0037374283535683175,0.004635514997065893,0.005771231881737478,-0.0020410118653793052,0.0001670089326171187,2.0495406954323877e-05
2016-02-19,-0.0033107547311028054,0.0007410701959465582,-0.008457143130213885,-0.001245741472189077,-0.0022268694005796344,0.0010531431390625734,-0.0011003625528414052,0.001170042699665319
2016-02-22,0.013504833648699432,0.0011031224229277159,0.011554573575039816,0.0033496043755450564,0.004924832870664579,0.0029475760605610635,-0.0010766036649012545,0.0072989842265297035
2016-02-23,-0.011070852717116542,5.2433066724932794e-05,-0.010513894804902769,0.0006890686964278858,-0.001942082613213129,0.0012365969437226898,0.005381964632163561,-0.005472411243378317
2016-02-24,-0.00417133172400268,0.0022659023684291177,0.007962227167645008,-0.001571534191410473,-0.003746573505057146,0.0027218457879396585,-8.688213346685902e-05,0.001635621421927591
2016-02-25,0.012053710802434846,0.001193422053381421,-0.0004125931388328397,0.004367325177758574,0.00010453138665240662,0.002530901266998953,0.0013021976913565325,0.00560745883052689
2016-02-26,0.0039408545722992685,-0.0012754663776220366,-0.00374157960990833,0.0038628192760570943,0.002226059121012954,0.0015807534219818287,-0.0004097425686490075,-0.0005987182485027054
2016-02-29,-0.004809636605671952,0.0022612509563425085,0.0064291585879868276,0.00415349377838854,0.0010049988302347416,0.0032834508454184785,0.007935938543063958,-0.0021369619856677516
2016-03-01,0.018223319074111965,-0.0021842678613021474,0.001811128769412762,0.004453190199304635,0.0063731325182979194,0.0023608339497488418,-0.0010620492153872174,0.008293143265071978
2016-03-02,0.008713917126440162,-0.002418216697048048,0.004929201561455332,0.004280251363252341,0.008250248776568244,0.0024207679364709467,0.001840555648371378,0.0017534430114492627
2016-03-03,0.004523396776513544,-4.705731147307553e-05,0.005334121809044645,0.0027117969467712164,0.005844596973528933,0.0024502991054893286,-0.0021568016242852206,0.0005349803946235853
2016-03-04,0.0051414379864130446,-0.0015417563559072978,0.019679235949679418,0.003991894181288269,0.005298610321788089,-0.0009637500045611702,-0.005315306443571699,0.0003828415217406844
2016-03-07,0.00015241212172363287,0.0009316082550677284,0.011658034232044322,0.0025417049396088795,0.002127922676267002,-0.00158857491250608,-0.0033090542627207675,0.0005278508348141697
2016-03-08,-0.009625930683260831,0.0037226275344025114,-0.01100720477919286,0.0008601786960003687,-0.0032466480388218056,-0.000926361371686113,-0.0024185658398589993,-0.0011410062261817844
2016-03-09,0.0028056856239154324,-0.004370478613716577,0.01300126626800131,-0.0018841184250176113,0.00020727196786443815,0.001577107842163028,0.0007649383712100555,0.0009639298086095538
2016-03-10,-0.001868677766496285,-0.002107079587272898,-0.000828833916991445,0.0024282025515878877,0.0015132000419889897,-0.0005480983973394915,0.0005170489422159363,0.0005474148594931227
2016-03-11,0.01622996289678442,0.0002907324282477974,0.007138283621447594,0.006536642643057156,0.005099051708678333,0.0026789057302722963,-0.010076314635459105,0.0010283283886135086
2016-03-14,0.0023528527502574945,0.0013456472774769467,-0.006468232828831621,0.003340540367010658,0.001229914017125977,-0.0015847348637588743,-0.00046037869074799787,0.00025015846674432125
2016-03-15,-0.005233524255852595,-0.0016722659027464282,-0.0076741450066042825,-0.002387936886507114,-0.006136177404353542,-0.0010636448962597633,0.004722929782202234,-0.00015809648897584523
2016-03-16,0.003044440002247195,0.002117909030482434,0.009874548067354393,-0.0006037621770413227,0.000954721499332023,0.005606749233705521,0.0005494152191514168,0.0002106159572972776
2016-03-17,0.005684279874395304,0.0027142698216103375,0.021206668158161145,0.004733336873330507,0.012890105482404575,0.0010741052701996878,-0.0089729148585721,3.2822531036935594e-05
2016-03-18,0.0027603607956766083,0.001820352684807358,-0.006568757030425631,0.004326589507294432,0.005320165519417786,0.0012527430871163148,-0.010691469043899726,-0.00013832858182498693
2016-03-21,0.0005495604327146574,-0.0005885098346131601,0.00041499278855312567,0.000517939368110798,0.0013020845346142524,0.0027235223741374215,0.003071002160126346,0.0016391776706248917
2016-03-22,0.0012425823505686883,-0.00023237063505714424,0.00545443990849932,-0.0002652146303184111,0.0004004272986856053,-0.0015441493846830578,0.004411773155312826,-6.584880193143412e-05
2016-03-23,-0.005072435409328935,0.0012576231011221628,-0.02037881629877474,0.0005958534881581156,-0.003679769561096843,-0.0030367434483116185,0.0014254900782528779,-0.00337197283114592
2016-03-24,-0.005283175422897512,-0.00021528005776398913,-0.004082993936561685,-0.004172974140683783,-0.004191574641404043,-0.0010303278162849816,0.004865285261171914,0.00013184175221210285
2016-03-28,0.0010580960521272109,0.0005121714757859274,0.0029379342647102955,-5.775738979478813e-05,0.0008076667335248292,-0.0010585257776454249,0.0017425519617231267,0.0014044441147487818
2016-03-29,0.005788756875273316,0.0026341049945640235,-0.0022285584283993523,-0.0007929002266850338,0.0012151266018477786,0.003590308940797371,-0.004407253288963742,0.005465076851459094
2016-03-30,0.00616734147121274,3.109527184881326e-05,-0.004776619048244157,0.002723457992022182,0.008559179401148208,0.0030237366785943465,-0.007871713226101473,0.0020560702976358367
2016-03-31,-0.00295548725294319,-0.0003771247654953847,-0.0013048862300810038,0.0023643471344834796,0.0020834112887729403,-0.0006216995798657976,-0.003324198830668812,-0.0007713721054782186
2016-04-01,-0.003050449168045244,0.0003012390730353198,-0.011244846107147977,3.2359473734588212e-06,-0.004231717797898593,-0.00040275240572396065,-0.0019997386953474194,0.002746564234193793
2016-04-04,-0.001283122075771237,0.001081611276800909,-0.009746901727080082,0.0017177400146042964,0.0004994243929361467,0.0004121019388441116,-0.00023554737483943988,-0.000587248609613833
2016-04-05,-0.012473723271794458,0.0009665468266056409,-0.0027231167758165367,-0.00042947760680716045,-0.005936668937955791,-0.0031908684204935422,-0.00020232726207469742,-0.004235395752293858
2016-04-06,0.0077889979453325655,-0.0011134152323887703,0.008764383161053834,0.0014662485409864922,-0.0014629643815000353,0.00013928267822382878,0.0004329139582663899,0.005189993850345309
2016-04-07,-0.007783189409112645,0.0006433867509126445,-0.002540304428174256,0.0007747273968071288,0.00014154806171942825,-0.0011983159735085014,-0.002807464081451716,-0.005163558958623571
2016-04-08,0.005781535130923454,0.0004348153040577118,0.020345511319593234,0.0008112298067711298,0.003317540333693721,0.00036460328660281593,0.0010483549954423133,0.002896241088188156
2016-04-11,-0.0014543598744207076,-0.0002677998378153746,0.0032099364032030617,0.0013866364937392239,0.003738234086732602,-0.002460067410493205,-0.0036403387314574154,-0.000901923244659586
2016-04-12,0.008812408151792916,-0.0017119557765669536,0.020276778934835992,0.0014615164591434526,0.0033775467252343,-0.0008339199360110072,-0.002679899037895117,0.004930718529258926
2016-04-13,0.015229830397646648,0.0010836485434045473,0.00435640456241877,0.005065492409837513,0.006885099771585905,0.0001664361565030248,0.0005862363375115365,0.0014964046873785053
2016-04-14,0.003968613817540612,-0.001250975708266422,-0.0073792840236792,0.0015962993381944512,0.0013770740265512133,0.000496308549186808,0.007772918154639097,0.00013610212270716009
2016-04-15,-0.0013971364646775842,0.0016501011183294833,-0.0031560110543467526,0.0009465218152012289,0.00041122779270296535,-7.72040285923481e-05,0.0005082408019747575,-0.00042263222133736016
2016-04-18,0.0012647643049446655,-0.0004839535191641265,0.003549823248546757,-0.0004407054543869471,-0.0013011339927427202,0.0005552262657300133,-0.0024479818808041953,0.003912202613068305
2016-04-19,0.008420594413630255,-0.0009125235814109623,0.02448071395898872,0.0042916075932695865,0.004761915076662897,0.0028056489421816044,-0.0020420031048826726,0.001274916901701295
2016-04-20,0.0012707094002340602,-0.0001953797943456293,0.018411702314424638,0.00205117173762932,-0.0011512694319499566,0.0013956691755528938,-0.0037332950955328847,0.0002840334561865054
2016-04-21,-0.0004133836384011991,-0.0029415750178272584,-0.007014320298478194,0.000621811183733123,0.001531461002014763,0.0005955157471172479,0.003914857521943871,-1.3377814219439691e-05
2016-04-22,-0.0011241646142551743,-0.000427428839607158,-0.006406105667865969,0.00029158064671503943,-0.003832916838120045,0.00047023528229261924,0.001322872603977121,-0.001008743588267791
2016-04-25,-0.003509670893411965,-0.00218320831875245,-0.0020853127953037068,-0.0007243663376721888,-0.002992319698156765,0.0005988748057923488,0.00510300525999674,-0.0007250507623493441
2016-04-26,0.0011611436131174324,-0.0005460361611865805,0.011546896017407281,0.00044351181181385697,0.0011337782164558756,0.0010460700975801762,-0.0026247859684501718,0.0009124691118232553
2016-04-27,0.0011235741334330695,0.0005545035367294337,0.005596545299911893,0.0026374251382264677,0.0011538025969785332,0.0010515730982885163,-0.0026410332753695753,0.0010797777445120226
2016-04-28,-0.007461596455815722,0.0018208226467766985,0.006258938898231326,0.0028414403884363224,0.0014455879157700524,0.0030118447985900687,5.667478806459236e-05,-0.004671935681512851
2016-04-29,-0.0074138527050166434,-0.0005905995665848485,0.008035555484847533,0.00015385239318239645,-0.001428982904731783,-8.517457703915987e-05,-0.008080431582211833,-0.002551503273489564
2016-05-02,0.0012359860034408365,-1.6485678230249227e-05,-0.009359235730608751,-0.0006650542141308114,-0.0019613525977795272,-0.0031194773204222814,-0.007915308887151085,0.005459824743864483
2016-05-03,-0.009155759222214056,0.0032227870781907472,-0.013500036294033669,-0.0010873417434062338,-0.006187506467948974,-0.001845741096315745,-0.0040692650602836,-0.00497126553246745
2016-05-04,-0.0063752951745007945,0.00016291330716950984,-0.0026914115095690197,-0.0015901049812466095,-0.003510264031884969,-0.0010027073390102004,0.004918808060647928,-0.003753514579931272
2016-05-05,-4.6827585447650825e-05,0.0009944184601334393,-0.007776669985790896,0.0004318401218346812,-0.0013548557551470886,0.0002604574757933964,0.0026017507796998185,0.0003327265994737649
2016-05-06,0.0009230185759723896,0.0006154289007825442,0.008285532363182368,-0.0025501953088639564,-0.001591413578618332,-0.0014858917562678986,0.004920764288053325,0.0034915413533834314
2016-05-09,0.0016970292767515937,0.0004908663965739856,-0.01961305612370694,-8.336514596467566e-05,-0.0018111444366651981,-0.0011595053270558875,0.0029717223691854144,0.0013719924385500847
2016-05-10,0.01141668575531114,0.0004185399089094543,0.019594104463067485,0.001278359169891563,0.0030586051543753487,0.0024060359043769353,0.002443026174490104,0.007897388284351669
2016-05-11,-0.005793319293716559,0.000703235138768421,0.016219649457522033,0.001990347665180425,0.0010413369195677886,-0.00025051752304294794,0.0011797773596133876,-0.004588522924876703
2016-05-12,-0.0015512865259133424,-0.0012853227473852869,0.00041880177829252126,-0.000555128891912271,-0.0001304751924235663,0.0009439204424555037,-0.004021773836532683,0.0003556167241772323
2016-05-13,-0.005328742174201362,0.0015069341479917008,-0.0033646658023994028,0.00046231751048992904,-0.003976842352338535,-0.000691644486421561,0.0036218877844196307,-0.006555535218176911
2016-05-16,0.00641138514604751,-0.001043133162663068,0.007979746978015467,0.00031030852051523445,0.0005035084542489501,0.0014899112099432399,0.004130691718178925,0.009033999773369782
2016-05-17,-0.003545662796987692,0.0004832024387860345,0.006757355680382449,0.000931294796930282,0.0018285049141826936,0.0012455427505057015,-0.0003736986820258581,-0.007578776434704881
2016-05-18,0.0003143825366150432,-0.003478593709962663,-0.0037135536775043,-0.0020624963334812565,-0.004441132926455841,-0.0015536818384935813,-0.00034023568914043345,0.00016227847389023157
2016-05-19,-0.005716537174365088,-0.0005195670911714468,-0.008399292746419085,-0.001801862452294789,-0.00629646404447756,-0.0016012675280745459,0.007078758753536585,-0.0033364183022201346
2016-05-20,0.007480509854382045,0.0007590542864273741,0.002153790170326197,0.0014216684517121658,0.0017307172051796178,-0.0007212697093288423,0.0007695676113652627,0.0032099010684921267
2016-05-23,-0.001924176333435379,8.537152240095587e-06,-0.005774357642057404,0.0006996066383671673,0.0014572850906748795,-0.0002999022348817437,0.0005458753403861927,-1.3337543205804784e-05
2016-05-24,0.010094386933895704,0.0004912716173229414,-0.002415910370060881,0.0013965847627453564,-0.0002603516271848591,0.00028843001745282315,-0.0005234477061565324,0.00644482096131267
2016-05-25,0.008958374796025414,0.0008224444033887001,0.012055997883146995,0.002107268860046596,0.005315812224341292,0.0015025736292157976,0.004003368274107411,0.0024227608121861308
2016-05-26,0.0009821876473042445,0.0014553335325889316,0.0019270078862963613,0.001946669767277931,0.0017183228610777516,0.00042883704309981674,-0.00229218568910039,0.0004829595887879234
2016-05-27,0.004214065332093076,-0.0001360800408519048,0.0013199221069593702,-4.410129045899776e-05,0.0022624806561900132,-2.361066492972963e-05,-0.0027260894463604357,0.0014362598583149255
2016-05-31,0.0004664135355825882,-0.00014993617900187502,-0.0014920093195784246,0.0011084452950736567,-0.0002657500787907497,-0.0015103621607620576,0.004994416055340567,-8.417684419708145e-05
2016-06-01,-0.0018378693415399994,0.00020569259385434517,0.006670176688804275,-0.0013481233650988634,5.848604418104597e-05,-0.0007781035454904606,0.001434898363748438,0.00043053672597677113
2016-06-02,0.0003316156254256741,0.0009083849532417032,0.009275506659975296,0.0013828941091345692,0.0016364212660642178,0.000581969255109005,-0.004359172592101057,0.0011120279220942608
2016-06-03,-0.0016289975369228494,0.003424419834182912,0.005005253910297225,0.0024435044932110237,0.004194030103787634,-0.0009336371430599399,0.0012093610003161004,0.00018572045970361987
2016-06-06,0.004126543196579191,-0.0002723457320289891,0.011170513287229355,0.002113688635679689,0.004026179758220979,0.0024777461644495125,-0.015180290941649188,0.0008985739180485508
2016-06-07,0.004486533214566335,0.00123084048835016,0.001972750379475152,0.0027433421797392163,0.005882390712324133,0.0015018745577857207,-0.0011442093144578003,0.00019832281521698906
2016-06-08,0.0015580237326674018,0.00016125450653265975,0.018656578021152347,0.0028176806090856707,0.0035256200606407512,0.0016935252438039505,-0.0018296739675593976,0.0004356373034202887
2016-06-09,-0.004741051524703987,0.0014220578098634417,-0.0006751014895945318,0.0006562366958505316,-0.0022775230129058544,-0.0019274816749309531,-0.004039725893816959,5.807812242086748e-06
2016-06-10,-0.012223473456701873,0.0014741229186834958,-0.01040908758105501,-0.00061443812533728,-0.0056442778315984946,-0.0012934232760022368,0.006467168848087068,-0.0010393661327824822
2016-06-13,-0.012054977057691586,-0.00024982160839563954,0.0015891464163547253,-0.001172123610428666,-0.00632940838444848,-0.0032950779386560214,0.005852035517163401,-0.0009441268740929987
2016-06-14,-0.006970783453123341,0.0002569112632676118,-0.003499008877600396,-0.0037404177668938668,-0.0035483027232709355,-0.0014806815816853502,-0.0029233868120468465,0.0007703830767780806
2016-06-15,0.0016059001417475071,0.0014004665158813933,-0.0034360707127313764,0.0005275627306321029,0.0025273565012773258,0.001318814558582293,0.004744570745005117,0.0006221102628179542
2016-06-16,-0.0028808952041098792,0.00018634746761099212,-0.01397544212172035,-0.0020184378825215846,-0.0031331368753373095,-0.0021185046693222853,-0.003699994498618575,0.0009168066852510259
2016-06-17,0.001854828676513054,-0.002294789420145982,0.017037659467545718,0.00041101746134482027,0.0027652103034922233,-0.0010603737285465042,-0.0016639687968964534,0.0014094535045801714
2016-06-20,0.013582193920101137,-0.000513737810345849,0.00826035651204433,0.0036595761441316596,0.0072869618165100365,0.0003347207229981164,-0.007991070979520676,0.0038779084037461995
2016-06-21,0.004015750809671048,-0.0008795930495139493,-0.009744627342164348,0.00032762191079467313,0.0018331911179216768,0.00014377720871416866,-0.0015160632653028472,0.0005730705648064438
2016-06-22,-6.20202208107435e-05,-7.622615084894598e-05,-0.006383022468846522,0.0012583059176574762,0.002457796242936768,-0.00047287394707784536,0.005033412233827583,-0.002581231811811069
2016-06-23,0.012227280138866602,-0.0011668014399890847,0.0036964832863549233,0.0012272416321637669,0.0032876768648061622,0.004912103803852319,-0.005197731066173716,0.007019713104647729
2016-06-24,-0.04082751732097438,0.005848332179501159,-0.015742769691132242,-0.00376830253529763,-0.012687112807010818,-0.00538646394677289,0.0023023689220260657,-0.017425928325649865
2016-06-27,-0.01644503445539851,0.004144378458473441,-0.0034459496518050472,-0.00292847706957915,-0.003921699621746607,-0.005031187680913485,0.020788388631952204,-0.010478066470290637
2016-06-28,0.015655552979008624,0.00282752692255912,0.01898020253290984,0.0008551146206506432,0.005860130294164241,0.0020539141014792595,0.003415624747358015,0.015206995540743295
2016-06-29,0.019014964103706577,0.000705813739716743,0.011275660142664744,0.004017631945426659,0.009365438934644987,0.0025476400877686434,-0.0031078053982063203,0.010377547173506429
2016-06-30,0.01197120808088965,0.0005825271958844302,-0.005119549211095631,0.0020220689547641555,0.005577757271742064,0.0017091275091166702,-0.004588232320564378,0.005646872036441164
2016-07-01,0.004304872501635981,0.002684356145174882,0.009402478720029816,0.003750844638411643,0.0034423166292643003,0.0026374079323716604,0.0028217084254145153,0.0015991310621744192
2016-07-05,-0.007527598042356742,0.002459847039832552,-0.025087273896889074,0.0033121992583711843,-0.0015922570687729805,-0.002014979508027759,-0.0038697286744141524,-0.0012763051133579007
2016-07-06,-0.0027720654254285606,2.062890929261922e-05,0.0011202376855573126,-7.438350440573956e-05,-0.00516287136984203,0.0033427713596451136,0.006172156778133209,0.002079006892402435
2016-07-07,0.0019067763958467542,0.0002731995654024599,-0.02279126518948853,0.00218161254823197,0.003666716287777327,-0.0009268758513450992,-0.002071790803640061,0.0003586741925152958
2016-07-08,0.01057832790973141,0.001649464690686453,0.010145975933025641,0.003517671618179796,0.0016696532889838595,0.00023670826373511922,0.0016233631386655123,0.002155799125179336
2016-07-11,0.010626738680959157,-0.0017189080562485693,-0.0037102262719862947,0.00333008611687553,0.008178942721352696,5.373576887235387e-06,0.000498148613593985,0.00026332185099382506
2016-07-12,0.008467400916414802,-0.00245264056588872,0.016338274112903516,0.0031428889995493534,0.0028125910416955035,0.002135767275059486,0.002813657718961471,-9.690723625111624e-07
2016-07-13,0.0013305339388097303,0.0016671371096884213,-0.00586537252039514,0.0012418663932379336,0.001358498092539177,-0.000743810394063571,0.00011230808832207728,0.00015629591586392426
2016-07-14,0.005309528707595557,-0.002316962377828791,0.0016310863935960595,0.00022320949103000746,0.003497330121471383,0.0008611446881493512,-0.0018923993024084762,-7.262257922735564e-06
2016-07-15,0.0003539736724303521,-0.0032540454605443528,-0.004845257399209979,-0.0006149181751971434,0.0004679785951092677,0.0004630145952251308,-0.00115636298224564,0.0007286005246581295
2016-07-18,0.0021590512345620147,0.0005426985882051704,-0.001976008158822085,0.0005088884774052227,0.0008066378500916368,0.0001359078501030897,0.004963318441672859,0.0019535617820201742
2016-07-19,-0.0008373364377450177,0.0008615728838040182,-0.009004696468828333,0.0005753948877465608,-0.00019034950297577667,-0.001964852629087188,-2.930048085991732e-05,-0.00012647113874912915
2016-07-20,0.004938189345082234,-0.00032195865453781285,-0.006915576917149435,0.0002394413553808538,0.0007392039306968115,0.0005201981541506084,0.005328939193158799,0.002163167644111685
2016-07-21,-0.0012756454179760235,-0.0001599299271715538,-0.002410518588270616,0.0010563188868265127,2.673623509992222e-05,-0.0009694806933926436,0.0006633967095288629,-0.0020416112888070217
2016-07-22,0.0020509110605169798,0.00012752294848723526,-0.00374045006704542,0.0004684466722360669,-0.0004572370822038801,-0.0017504674580236523,-0.003188534767889828,0.0028151165193933234
2016-07-25,-0.001585654738673048,0.001021940405836541,-0.008400683466890758,0.00028023416703655264,-0.00018228476046023483,-0.0010009683483520604,0.0057837009271441975,-0.0011331066397832102
2016-07-26,0.00021845988478970117,0.00021034856829722497,-0.002419493169784226,-0.0010240306738576344,-2.677626374759293e-05,0.0006468666269474621,-0.0016316020589481894,0.0002180870010464852
2016-07-27,0.0014003464174324298,0.0033724385963170398,-0.007111552190294845,0.0005098763807958706,0.0015806695582102643,-0.00044441592064337065,-0.0019212016457725856,0.0001303934719428356
2016-07-28,-0.001426503279143332,-9.335174036233525e-05,0.0032539228115101124,-0.000583902373772971,0.0008025314964947775,0.0020904045814043037,-0.005083185556553849,0.0006874077193560035
2016-07-29,0.0022270060234098163,-0.0007210008455249995,0.010570441932512175,0.0002982735791100088,-0.00024289776445811658,-0.0006045561115695097,-0.00013041810374314622,0.0016000527803317732
2016-08-01,-0.0005706737932826167,-0.0020324976122199525,-0.01640868076745099,-0.0009021742641082576,0.0033431170517202566,-0.0033401577520907333,-0.010308107676057832,-0.00015721591547717136
2016-08-02,-0.008927091486148498,-0.004286422837196535,-0.002032228491747157,-0.0023973782805217117,-0.0027060361450425823,-0.0027207384719347694,0.0012628559336322898,-0.0033859825103799593
2016-08-03,-0.0011050674711318598,0.00043629124380657465,0.009868134801317718,-7.218420190762139e-05,-0.0034462237423217006,0.0018599116672819438,-0.006988582974307489,0.002392666171334334
2016-08-04,0.0039049398543136824,0.002472987764005574,0.004304122358939355,0.002883670513085312,0.00423805675649213,0.0014745889371849952,0.003954363710431563,0.0008553228234261078
2016-08-05,0.007842383938005137,-0.0010382153834167962,-0.0006502492260880733,0.0009502637304590999,0.003885646296146953,0.0018707660443572083,0.001458723244333937,0.004458329987419307
2016-08-08,0.003103047088756372,-0.0008440923280372159,0.005524076459589256,0.002046027645265913,0.004512904841419337,0.001146038800990623,0.005779474489819858,0.00016669457302083128
2016-08-09,0.0037118240853373894,0.002273736711810037,-0.006713295776093853,0.0031219545854677786,0.0023573801013400415,-0.0013488181019922774,0.0005124164024499223,0.00026612701254620226
2016-08-10,-0.0021171463554894745,0.0021793287307395157,-0.006253948519339625,0.0016801602255718917,0.0020739099359460573,-0.001553228215615654,-0.00243363138059538,-0.0006102590992167923
2016-08-11,0.0051462908312605695,-0.0011559211081463739,0.008940602294552912,-0.0006374381580800837,0.0013006653983847964,0.0017580665525430694,-0.00624149119368933,0.0020758256124034477
2016-08-12,0.0005770466357844616,0.0007698408961805514,0.0009554649718353625,0.0015589978834601003,0.0017838811910186065,-0.0006579211370505433,0.0038394133232431127,0.00019735442347841296
2016-08-15,0.002344288181635412,-0.0016370135457957514,0.014079856546632751,0.00043205247071538273,0.0028413834809732103,0.0006948969942108807,-0.0017540392247171743,0.0009542249914814116
2016-08-16,-0.006257402972899717,-0.001356686994805889,0.005668886189010469,0.0007374051306852758,0.0001433405247756702,-0.0007186099236733412,-0.0009452226267910868,-0.0006458600999918352
2016-08-17,-6.572543899101564e-05,0.00023725338623876706,0.0017287692949051303,0.0009029647380996541,-0.002151667251228884,0.0015371361062994637,-0.008384683472436816,0.0007492177492363749
2016-08-18,0.0015095774925693694,0.0014062821806791303,0.010105919448510536,0.0011426773506058696,0.0031327777330754014,0.0019952178143289867,-0.0014691766057204347,0.00045115525965806476
2016-08-19,-0.0017391301690248718,-0.001794636344016487,-0.005825534698163981,-0.0004249159817174997,-0.0026211486570941822,0.0006127244507676544,-0.0038700661657670166,0.0007296817609572903
2016-08-22,-0.00027340130799951017,0.0011243300098722874,-0.006558270776258412,0.001352803728527152,-0.0022223269447334626,-0.0006567678075002359,0.005801230269224744,0.0001720414712347961
2016-08-23,0.0026310066148254705,0.0006108303674832837,0.004693046738926632,0.0006631656525289519,0.0011180129449096816,0.0009663325048946403,-0.0022832092540839843,0.0006361480362953697
2016-08-24,-0.002892561340809108,-0.0004516389526404874,-0.011671382603690095,0.00032570604130428556,-0.0038596291500378726,-0.0008093832928869338,0.0005068704627402276,-0.0027657687625125995
2016-08-25,-0.002083426358822127,-0.00020264856730327637,-0.000202134246502328,-0.00019510090241763319,5.3986593158095105e-05,0.001067994160120267,0.0019961981551084307,-0.0005221668512365607
2016-08-26,-0.000846991485884896,-0.000836399915568431,-0.0008218786182392801,-0.000534687390162314,0.0011937039982632329,-0.0007588681210232151,-0.0010105788493648404,-0.0004976006404398437
2016-08-29,0.004016476933359781,0.0010097273389613858,-0.0061751869058620954,0.0016279161505390993,-0.0012640590072559466,-0.000553995181056921,0.009035918615425187,0.004046158283209045
2016-08-30,0.00041548395037545034,-6.414712195472745e-05,-0.009532232135891317,0.00030270564901730963,0.001149879341102437,-0.0003730505612542512,-0.0001017112169742207,-0.0007060982019637008
2016-08-31,-0.0019376928977600683,-0.0010326694266124426,-0.01055882347979913,-0.00039019635397079537,-0.00233158249751572,0.0006898364631116038,0.0051351315534524655,-0.0014737253055758126
2016-09-01,6.747386995848974e-05,-0.0012041056484099367,-0.008128489339652423,-0.00032268413413099055,-0.0014651376703956592,-0.0005947342896321928,0.0002744963830316749,1.7333221022996988e-05
2016-09-02,0.007299175705108474,-0.0014128563895522861,0.010807866224070106,-0.00022973993864376936,0.0034719798798954404,0.0013843653699808778,-0.003612637322701784,0.003970072426590821
2016-09-06,0.003933837645955074,0.0038110117694952314,0.004808565557614064,0.0024615452992092332,0.010266046991816243,0.0009213632795728177,0.0010673738042281666,0.0019795292986835686
2016-09-07,0.0007233471720538675,0.001590034187559941,0.006512254228247261,0.0006347407483674016,0.0017959803232851252,0.0010613145239106725,-0.010909639114161651,0.0003804666593350658
2016-09-08,-0.0016130866180614101,-0.003794053511905249,0.014493574302049849,-0.0012455149765586038,0.00014024798408998797,0.0015085265786364266,0.002047206425167758,-0.0006600776648179485
2016-09-09,-0.017332445585376322,-0.003953359199130135,-0.013206095474715008,-0.00358151616383533,-0.008318222264246175,-0.0027100761457176104,0.00017081012503838977,-0.020292608862981388
2016-09-12,0.0015171618355476868,-0.0004638980783189695,0.0007122850668033864,-0.0019252504727111264,-0.008022299019765856,-0.0010074875824170881,0.0037725561657302453,0.01428428649274156
2016-09-13,-0.010153546744584508,-0.0011082595402369,-0.01266095385312509,-0.0033326268859006805,-0.0021825224624624664,-0.0011593486555006027,-0.0023333338186526387,-0.013626337674502876
2016-09-14,-0.0008633537577417583,0.0012074179728154943,-0.004193288015403351,0.00045849576395913245,-0.0011596912634520267,-0.0006913670587145315,0.005618123872791703,-0.0005980030923078861
2016-09-15,0.00651246462767181,-0.0001889911616659746,0.004957387313397521,-8.01180013915604e-05,0.0014356532771868584,0.0001507187898940332,-0.0020140860421797857,0.010273619835715463
2016-09-16,-0.0029903049915818605,0.0009315674265433893,0.0018305661136216011,-0.00025358025234027974,-0.0017033796061318052,0.002004905700739079,-0.0012997960137718367,-0.0022417868726295922
2016-09-19,0.003860469768566976,0.00012093400237118683,0.004463002506515612,0.0009498915834239118,0.0050073503307340285,-0.00012797900648919835,0.007522050269082481,0.0005477982852789109
2016-09-20,0.0008024509528020251,0.0014442888526254416,0.00813796189966649,0.0005570907160861837,0.0007272698090052746,-0.0016452971690003038,-0.00240341649827136,-5.724682082501882e-05
2016-09-21,0.009769548585345355,-0.0004231283621582316,0.0073509452575740266,0.0008282800097406228,0.002930561994907591,0.0028744108278935254,0.001024990095432221,0.006270760857367175
2016-09-22,0.008320631126598265,0.003593794753408885,0.0070574462462032585,0.004435220152581976,0.008729062357497885,0.0024126256790490963,-0.005714055207967195,0.0029663984843207422
2016-09-23,-0.004382551614968522,-0.000505303783300648,-0.013883907097357252,0.0008510564729261149,-0.001307198171459863,0.0020849222527179467,-0.0011054417036275854,-0.0011873078673248383
2016-09-26,-0.009943495236559064,0.00194141837950641,0.006402378187240054,-5.8062446296958185e-05,-0.005051612166016765,-0.0014577013305028252,0.0005234712434578626,-0.004317924139352769
2016-09-27,0.004017633618704397,0.0017874480857441144,-0.00847397334110549,0.00016092029287635416,0.002465871249486414,-0.0018748816798473955,-0.0010955655458064761,0.003973823523177722
2016-09-28,0.004295961395987935,0.0007888459387031643,0.011858213641955672,0.0009755797185194259,0.0008059691066179283,0.003488633960665788,0.0009814763118609626,0.0021824748738784147
2016-09-29,-0.003118783432005046,-0.0009264627494928624,0.0009434172562672982,0.0014533884349324344,0.00023004253068695422,-0.0014331643285477869,-0.000798318799448916,-0.0046308385291681685
2016-09-30,0.001641914791015231,-0.0005756938262805767,0.0013735176780265812,-0.000224981209692321,-0.0038493081005249066,0.0015225967530047013,0.0023403224307934067,0.003917972282438798
2016-10-03,0.0006457230424186777,-0.0012264483331927867,0.0030779730812978243,0.0008212236123575467,0.003485840085466033,0.002126035262086212,8.65082000069961e-05,-0.0004151665484221523
2016-10-04,0.00041523829331964186,-0.001672624958749136,-0.005311881214222258,-0.00012748376178521877,0.0009992023295145147,-0.00045591431592884035,0.001862069611917816,-0.001261900740390276
2016-10-05,0.0023881627121176805,-0.003138308295641368,0.006625314284711759,-6.139967697142985e-05,-0.0003792010058588721,7.509303402719603e-05,0.004253872346684284,0.00225700603908614
2016-10-06,0.0003211957634744022,-0.0007332962155935264,-0.0023793464790169863,0.0003367223512714234,0.0004529542692450686,0.0005839872565385207,0.0006673443841045401,0.0008814211148003403
2016-10-07,-0.0031154996858806963,-0.0004794721765624566,0.0014917083600470393,0.0003425014826084593,-0.001107889315183323,-0.0003818265226500639,0.007562778676548421,-0.0006242534789679289
2016-10-11,-0.0037866616821696122,-0.0008889175073437006,0.0062613672038905445,0.0002166473974330562,-0.0036271598619056935,0.0002837583933272825,0.00038476791674324495,-0.004894917442906421
2016-10-12,-0.0016804322710646691,-0.001177173273805332,-0.006129764857304809,-0.00019511371582363608,-0.0013932054815993873,-0.00021359639262985564,0.004996169167164055,0.0011430429303974198
2016-10-13,-0.004897939782990734,0.0017300835813110593,0.007371856516614606,0.0001878884674307412,-0.004225762303343712,-0.00022026797361007766,0.00542114373902014,-0.0012122665887996265
2016-10-14,0.003096609244735382,-0.0013413230950691136,0.0006763961903964554,0.0002580996739490304,0.0019711696984130367,0.001955953664100285,-0.003872903466759281,0.0014523661753221395
2016-10-17,-0.0030187866372225927,0.00032886004003935816,0.0005568757390560064,0.0010265968716230533,-0.0010119052689321045,0.0017638164943625245,0.004545095520934961,-0.0009648690647763747
2016-10-18,0.0073836705171244745,0.0007694640604947844,0.0019138379400956528,0.0015063764096910459,0.005158526859369602,-0.0004873874908923881,-0.0037283675567835184,0.004474832510816218
2016-10-19,0.002361649841971691,0.0003329741961680232,0.00392670451454531,0.0016496140106610601,0.0022080409244774166,0.0009093629782566115,0.0008291785101794957,0.0015373309546376612
2016-10-20,0.0007983988135836339,0.0008008734369041148,-0.010059095186772882,0.0009259967107243083,0.0008145783106339843,-0.0004386431888682152,-0.0009337194934774251,0.0008343501058985625
2016-10-21,-0.0003322160121517648,1.986201036914263e-05,0.0009633154666584653,0.00013636485722308127,-0.0005421437438475415,-4.1500774151215225e-05,0.0051402649097096464,0.0003976798825169991
2016-10-24,0.003345266953515291,-0.0005194492014364727,0.0005294935377369691,0.0003393999940344949,0.0029727380073648166,-0.00018184195084658406,0.003472587587410203,0.0026376764980893916
2016-10-25,-0.0018364296174386175,0.00033487779809411307,-0.0016286723209757881,0.00017741379591635901,-3.69856041331225e-06,0.0013038517963215313,0.0011283561131700814,-0.0019051669476098266
2016-10-26,-0.0030445696528751845,-0.002502839118048761,-0.005476776739231237,-0.0020547175129091324,-0.0038019401542742715,0.000936512511460319,-0.0007614551808537984,-0.000939753694178469
2016-10-27,-0.0016667401728392317,-0.003342453627084119,0.007888550753909995,-0.002363573687593257,-0.0030163753387585073,-0.00024953796392290784,-0.0009800909531907376,-0.0016956234549875715
2016-10-28,-0.001800383960787122,-0.0007825204734654312,-0.00354021901214312,-0.0014276365346001408,-0.0013241166610881224,0.00038996715263128756,0.0032270890299279653,-0.0012926222039518099
2016-10-31,-0.0010877833315767083,0.0005468750567890312,-0.011756229865041257,-0.0013596603145598519,0.0007706007609737867,0.0005129701095585304,-0.0058045028386131126,-0.0012573050232350003
2016-11-01,-0.0056150530712071765,-0.001087966217526093,-0.00457816061805143,-0.003075730845906,-0.0012809974828194089,-0.000489686555134039,0.0009452792822108869,-0.00430393526101418
2016-11-02,-0.009733064779089019,0.00254329126189885,-0.007398968678405215,-0.0013419076260457353,-0.004959594413232023,-0.001700920566555908,-0.006247745630313939,-0.004149028494742568
2016-11-03,-0.004204299297176517,-0.0008399926193355834,-0.0033893875738579163,-0.0004084420913920584,-0.0019953547733426802,-0.0013032103659822436,-0.004033549662135427,-0.00335180700529818
2016-11-04,-0.004988774453684774,0.0009582853357204657,-0.0037306029167237134,-0.0002782340286139773,-0.0017558330327555494,-0.0005036460682543709,-0.0024558157939132963,-0.0015541767030104348
2016-11-07,0.018426018237920404,-0.0010340081252358413,0.006349529085646633,0.002496148740804016,0.006208368546921188,0.00295668752743794,0.0016849269692800206,0.015434545177274005
2016-11-08,0.0037657987671560586,-0.0011317979060946782,-0.0004972442261022448,-0.00046973842760371647,0.00351766613838503,0.001038986505478845,0.0035571842863060255,0.0027730080516315645
2016-11-09,0.0019800751493320276,-0.0031969955098803296,0.0015114135190222421,-0.004398578749087822,-0.011468106640521529,0.006489440653239642,0.002082968610068736,0.007912090121712744
2016-11-10,0.005816249929347328,-0.00683912633425503,-0.0008272397961619938,-0.002501997452075733,-0.004951863966100116,0.002238764385531944,0.007627593258391352,0.0013739081595734559
2016-11-14,-0.003986861252361962,-0.007025320341348884,-0.01783114248334643,-0.007888190178429389,-0.020406140234619553,-0.0031127679064023583,0.006798119968440819,0.0012012341270082993
2016-11-15,0.0055021781062756904,0.001235485431606853,0.011363927905082182,0.0033497615461640204,0.0034061891594729127,0.0005942390067803505,0.006525911174467769,0.0012361504782324006
2016-11-16,9.511160063830896e-05,-0.0017867547703266818,-0.006163045503554998,0.00045323904612699635,0.002549496124954505,-0.0004458081951288495,0.00298557830270485,0.00016195818112436637
2016-11-17,0.004359706594084867,-0.0003145572303207445,-0.0004791257678565142,6.524895768518217e-05,3.570874531872985e-05,0.003308010740686429,0.0010141843517736948,0.00011951297470720316
2016-11-18,-0.0014891667404918652,-0.0026225696295444803,0.0035591509842401556,-0.001953884286848107,-0.0024493848486546533,0.000951155516240143,0.008599386790389074,0.0005193239327999199
2016-11-21,0.005394906442864067,0.0007039076049651482,0.02246515737554373,0.0010691746066178842,0.001447437423197188,0.0005197382828088237,0.004552420613872954,0.003939979266732796
2016-11-22,0.0033364081857261804,0.0013801079787643777,0.0029791922045679484,0.0024263362495631877,0.004283842574029244,0.00012930500065455597,-0.006001595879743249,0.0008968540435539518
2016-11-23,0.0006157253916472926,-0.002412807014681984,0.0025676008591291708,-0.0003966391387602464,-0.0010774761231668577,0.00032888887809889855,0.0014147964319339845,0.0006128222435500374
2016-11-25,0.004569076429265917,0.00035032901572480397,-0.003810230501729395,0.0001310078711185935,-0.00027039368838041415,-0.0014257740952916542,0.007596550582626094,0.0011603839363970136
2016-11-28,-0.0039178325818158164,0.0025793885291756744,0.01218091489712576,0.0019447580584937673,0.0035605151545029076,-0.002327590380534872,-0.004000450084515106,-0.001024255882570313
2016-11-29,0.0005934353004049652,0.0008611582673266449,-0.020788550091208658,-1.9512320175763058e-05,-0.0017414273358561827,-0.0005205289800476187,-0.002451185855779414,0.0007086399371497131
2016-11-30,5.179765864278256e-05,-0.0016587519356322967,0.020452808543127542,0.00011002143644895927,0.0015030122853124217,0.006520814197108482,-0.0006987265955815669,-0.0008380340264289466
2016-12-01,-0.002879170424353972,-0.003338646342934948,0.010656660111187776,-0.001134269753660866,-0.0030039454868826237,0.0018090149364174968,0.007027632120976346,-0.0013264090307332666
2016-12-02,-0.0019801365170919907,0.0027391096109191213,0.00140873438757112,0.001424666413099529,-0.001751213330205011,-0.003941438295247401,-0.006566413512593017,0.00048055965379030226
2016-12-05,0.0042055405467401165,-0.0009724062468899231,0.015025626884942089,0.0013024232827479442,0.0011456869322696035,0.0017222236606778685,0.0026842424305322243,0.0041079080522435476
2016-12-06,0.0053279354190277186,-0.00029517887615619913,-0.003639421140514898,0.0018579875588629724,0.0037342397412091517,0.0006092673940913951,-0.009428618680712764,0.001438435802802629
2016-12-07,0.011258758825759173,0.0024783908961079734,-0.006299889184630691,0.003407982759448713,0.0037707056018629077,-0.0011723017716238626,0.0027627084298269544,0.0011786390571040916
2016-12-08,0.005825546315567043,-0.0022644462697706705,0.0010623510471533093,0.00032854183358084206,0.004449795007180635,0.0018673852651442946,-0.0028391090965382837,0.00011781898465075262
2016-12-09,0.004850834911266433,-0.0008273102173448788,0.006584040252178247,0.0004571624282086572,-0.0010134082273772845,5.316069864758077e-06,0.008251063524304492,0.0004289890782714467
2016-12-12,-0.0021336692564280393,-0.0014688941684556811,0.0003950136457236519,0.001096803234034227,-0.0022580985856200278,-0.00021017086622809877,0.0057180643000172005,0.00010577484730485136
2016-12-13,0.006867557373355049,0.001760034942147226,-0.002882561430207087,0.0014865053221378543,0.0022890273803879346,-0.000179559682598307,-0.006603940241496797,0.00014164488122598844
2016-12-14,-0.006161952591780551,0.0014225624137974456,-0.003377962060791895,-0.0001085343083332525,-0.00175585392181807,-0.0023192607827206,0.0011106127323587955,-0.00013740195642920628
2016-12-15,0.0024035819623543396,-0.0035055038464844148,-0.009043730954140471,-0.0027614687727603006,-0.006923816492111131,-0.0027542091209071806,0.012230052850037643,0.00013171555418099989
2016-12-16,-5.5725460007882805e-05,6.684095646868327e-05,0.003414023534911703,-0.00024810307559631773,-0.0006841808812639961,-0.003012447805463503,0.008574771459912922,-0.0004901973451354569
2016-12-19,0.0004099878124944499,0.002953099643197554,-0.0064654442276051,0.0019212969339535866,-0.001271579568976067,0.00014016718087916935,-0.002239481314082914,0.0022196338692456073
2016-12-20,0.0031147434669388406,-0.00026812857368497823,-0.004772289431078447,-9.556254253507712e-05,0.00016913598845335042,0.0032410632517315685,0.002638438046991487,0.001814661847118526
2016-12-21,-0.0019033865711195587,0.0012087566824562244,0.0028435526819329147,0.0010529942669500357,0.0005483544094298594,0.0003306608866102678,0.002036851617251756,-0.000994961111153725
2016-12-22,-0.0017267926658536383,-0.0005513232532170621,-0.0008570261527711787,0.00036559465585549444,-0.0032814890130284306,0.003301590947928701,-0.00197937224818856,-0.0006022844031069564
2016-12-23,0.0006942589483523886,0.0010041404311616929,-0.00047364580119048106,0.0007718617372286406,-0.00017654382933730573,0.0009688229339566146,0.000517507169782494,0.0007459731041591255
2016-12-27,0.00164980852259321,-0.00043189434376468284,0.015182606786236497,0.0004779416158512294,0.001444397449551371,0.0010904811341625464,-0.0009015665306402187,0.0016218691554420349
2016-12-28,-0.0030651873332108283,0.0018878337812951894,0.0017406108057281709,0.0014113194240471414,0.0037117540373226266,-0.0011464007282442346,0.00048645467429753175,-0.004607415336513776
2016-12-29,-0.0003340687526519727,0.0022738588691532,-0.0009859246821746328,0.0007133529317900788,0.003119901971758735,-0.001643036001298226,0.0019563749258539875,-0.0002211254296780153
2016-12-30,-0.0019643778563075533,2.5826070324408318e-05,-0.0017568914580963326,0.0006580165932582482,0.0019023249779103078,0.0013576992612631678,-0.011087864103105027,-0.0021232010664292813
2017-01-03,0.00808615512064136,-0.0023757114210943954,-0.016503604252400394,0.0019167479322031887,0.002674371778417476,0.0015641625168515416,0.008105940096591047,0.00569431939517383
2017-01-04,0.006021274797993625,-0.0007387489261556746,0.012817339067783585,0.0025503118807962298,0.0017539674276985365,0.0003534592119764923,0.002302744205483931,0.0036414063134103556
2017-01-05,0.0010029897794173624,0.0014774286314645944,0.004088015808087475,0.0024842045946072864,0.0056326532395678044,-0.001231079855064765,-0.0069645496336930846,0.000225567351220468
2017-01-06,0.0021077909076682054,-0.0016459546813189065,-0.0018673403760241071,-0.00032326867686384165,-0.00016728515790295968,-8.887518323197341e-05,-0.010311792068501857,0.0019648597404447908
2017-01-09,-0.0020281854775504706,0.0013443577327031274,-0.01170525978595528,0.001143106757270351,-0.0006821942730319294,-0.0013792001677315202,0.008982906842380123,-0.0003082160694290016
2017-01-10,0.00046874028727571503,0.00040408142920888,0.00590040438914895,0.00045343539460050974,0.002700067496365447,0.0008131964042807915,-0.0043504783342919184,0.0004917442999766596
2017-01-11,0.002999675598143503,0.0010526632267081502,0.004083576876584216,7.720673362020525e-05,-0.0001568336153790781,0.00193207472907031,0.002025152586458523,0.001178554152810751
2017-01-12,-0.0027990542585498825,0.0009944545439178774,0.014609294616289781,-5.161023128875685e-05,0.004413459193308959,0.00046755858854896637,-0.005253902743169725,-0.0002841485961966429
2017-01-13,0.003480002125960768,-0.00139239701596251,0.0006342033734473173,0.0001295608584027551,-7.597760743513677e-05,0.0001534430121565844,-0.0017682150025871701,0.0013135048964286631
2017-01-17,-0.0065197540176687,0.0022560841135646935,0.004607706807347445,0.0014373025532511295,0.0009294900563341257,-0.000687534957704683,0.0013890730737746715,-0.00046706762873928177
2017-01-18,0.0020827206519456907,-0.0022932318108726093,-0.006364825691501441,-0.001184061949667037,0.0005029213282741084,0.0005874915875069275,-0.011631077953373592,0.0009871231162853376
2017-01-19,-0.001514747204411371,-0.0030820731158638483,-0.002573039469597538,-0.0014577480607267492,-0.0025496934846618046,0.0027655607177395902,0.009363364067735302,-0.0005613123784324992
2017-01-20,0.0017925345329851015,-0.0011708553419128688,0.002459875356620389,-0.0003132647470119988,-0.0005310016777464197,0.0003203247492149508,-0.0022637726917059675,0.0018671097343479935
2017-01-23,-0.0032903248665198228,0.0028847767745380113,0.002500688370930526,0.001115586240986721,0.004227244161465349,-0.0020339685125843054,-0.005426622967553585,-0.0009321665477222241
2017-01-24,0.0048787305258574,-0.0011396474424514415,0.0017273553380853122,-0.0005520153128738659,0.002081059782615365,0.0021395086736707425,-0.005834381856573145,0.003346981073147559
2017-01-25,0.007814081628451642,-0.00380809622229773,-0.004327276267645186,0.00034333521536954447,0.0007930010771499573,0.0011911311837027316,0.002727021049056866,0.0026943123218480134
2017-01-26,0.0014021333725974137,-0.002257750278775739,-0.0011288772078598243,0.0007390430957280202,0.0019084723303181633,0.00012557807233970486,-0.0034884952090766808,4.6516193449186344e-05
2017-01-27,-0.000464209182128872,0.0009218267770895072,-0.0033259750795213818,0.0009013852584788151,0.00020941002991250817,0.0006992845142677062,0.006114846270628194,0.00011691555736602622
2017-01-30,-0.006742354584806443,-0.0003725077880546547,-0.01075953494007632,-0.0003106602124869463,-0.001000270188131436,-0.0005266039704538983,-0.0011171102822884471,-0.0023645246447643433
2017-01-31,-0.0033036804237212116,0.0008525971160214695,0.006451933910998619,-1.1141558789462652e-05,-0.0012304886330801847,-0.0007617457615995971,-0.0009104762417261325,0.00015839701896901414
2017-02-01,0.002148249571986549,-0.0019063822831682066,0.010831141714969229,0.00019030196793311515,0.0015302710766639876,0.0003266072508175677,-0.007603509482398296,0.0005581241158963856
2017-02-02,-0.0007861427507142139,0.0016101736284365063,-0.001622619844434914,0.0008421983729448467,0.001511687269699735,-0.0005634387134529906,0.0021160051278770187,0.0004520213985089615
2017-02-03,0.005660578231673308,-0.0005618129229034819,-0.005186554654136988,0.0010568674332166348,0.001860493262369837,-0.0006591645333786644,0.00016184183134404506,0.0030827038140709305
2017-02-06,-0.0018294198514336004,0.0002182008021570535,-0.0012691216266165319,0.0019143891889202734,0.0024902698686972958,-0.001635816553633207,-0.0011469258427776463,-4.147061545735086e-05
2017-02-07,0.00024325328677942114,0.0014468791708502791,0.00035362863979836444,0.0008376986207457748,-0.0012682621728521898,-0.0017821586781177068,0.0014350595374383879,0.00042688315908067086
2017-02-08,0.0015789107862623662,0.0027563026331583916,0.0063063036989833175,0.0001768237254177073,0.0010778217608256294,-0.0019026780785442732,0.004847588702031835,0.0005320062605381647
2017-02-09,0.004652362739837923,0.00012114895750602306,0.0012235913280721376,-0.0007130738576392016,0.001432989710273565,0.0025988952126343445,-0.002059489713780005,0.0010171135521496065
2017-02-10,0.004956757435469294,-0.0018656944546254885,0.009361607601093492,0.00020829519202224522,0.0019875149318807515,0.001663178802821741,0.004694243804623577,0.00029156734671619266
2017-02-13,0.005342725500818812,-0.0001290262214716066,-0.008041231864847408,0.0007129282487544519,0.0023041797107545355,-0.0012400303636644905,0.002643627866631526,0.0001279308746609974
2017-02-14,0.0008457137644958145,-0.0011661967628664562,-0.00014708749906701136,-0.00018914094441392371,-0.0005163403809750816,-6.130152069416805e-05,0.0003020985434525336,0.00010454780174217183
2017-02-15,0.005331175363658558,-0.0010615472161995656,0.004362321770695054,1.1806596674423969e-05,0.0019202688679993305,0.0034034772346018816,0.002351263838622497,2.278700951917612e-05
2017-02-16,-0.0004375744988425302,0.00257432633385678,-0.006004502892246866,0.0008450459893601824,0.0017439850190951805,-0.0016590146003920836,-0.002342076819512262,0.00010452270855686441
2017-02-17,0.0002579576299505003,0.0006291123836218326,-0.004199005557778535,0.0004163889668010622,-0.0023761810947960297,-0.0012522431183676908,-0.0047473163135318686,0.001879158650284529
2017-02-21,0.005635881935068909,-0.0006623135047735374,-0.0027596031997117023,0.001492984774677064,0.0029886848254707184,0.0005241809977578615,0.0038041517438409667,0.002289207028046347
2017-02-22,5.878711849282004e-05,0.0011367687726108076,-0.0035737692879606155,0.0011713081173904015,0.0024633702528004007,0.0006250109501748646,0.004264681344481769,-0.00027391104500819064
2017-02-23,-0.000593105711022457,0.001826950520500292,-0.0020663129122955428,0.0015432442758235186,0.0010123367256798963,0.0005881926890070055,-0.0006158527075443843,0.0003714382068763399
2017-02-24,-0.002387445783704434,0.0032768713175527096,0.0012590074418378115,0.001461686151383079,-0.0024823213148133815,-0.001209435424812444,-0.004249815480378838,0.0008013773372158472
2017-02-27,-0.00046501577829417563,0.00010229320365239259,-0.00437537704644676,-4.327111551416624e-06,-0.0013096524696605014,-2.8029502701754083e-05,0.002973120874692148,0.00039998094640779624
2017-02-28,-0.0016728820264702128,0.00047982771517661715,0.007324009451920121,0.0008889606612628608,-0.001239886152597562,0.0002469198133632222,-0.0005962811860442674,-0.0009817558677270967
2017-03-01,0.012235149352048825,-0.0036566672044059502,0.006655067402016368,-0.00012722538754129665,-0.00011374285635946679,-0.0001945344777282143,0.002697343552029441,0.0033634957387834617
2017-03-02,-0.0022444253910194447,-0.0006146017736359367,-0.015158818270894724,-0.00039282184833467915,-0.0010090338395735256,3.978421395212095e-06,0.00469275119362722,-0.00029613517478334085
2017-03-03,-0.00027565616374204417,-0.0002899340941717844,0.0023229648746724172,-0.0006622929009048151,-0.0018211049549460403,0.0007952364620624763,0.0027205804886736296,0.0008854161495000956
2017-03-06,-0.0023143257205128333,-5.313838547705851e-05,-0.0008933014591468003,-0.000873248765345569,0.0013561479592334705,5.0019976938209254e-05,-0.006895773110612846,1.074688564549609e-05
2017-03-07,-0.0017900671544405335,-0.0001563466333629583,-0.008726053813651668,-0.002116615470005312,0.0007460196228754859,-0.00017782553985556948,0.0031744628636272143,-0.000527421170193676
2017-03-08,-0.0014775830893881793,-0.002790344469455375,-0.012296108655736392,-0.0033585772457672804,-0.0018364256893856643,-0.0018807787900851913,0.0008060360387387444,-0.00027292581460603994
2017-03-09,0.00014300809412836057,-0.001923912171202591,-0.008357639581733977,-0.0038445455850078082,-0.005832607052868415,-0.0003631773622486678,0.003357002904723183,-5.871703010863493e-05
2017-03-10,0.003775690565977252,-0.0013500229239337249,-0.003685882141147301,1.3472349996368377e-05,0.0015592250201468519,-0.0003970442881415792,0.0002873503280933498,0.0010647735257555023
2017-03-13,0.002259896853944776,-0.0005250647855837954,0.0012380358104698728,-0.0012377615956865708,0.004416072663136176,0.0007432375714707673,-0.006699991823796658,0.0005255847530344248
2017-03-14,-0.002538017405291482,0.0008444006070310483,-0.005537227626713726,-0.002332598221313276,-9.018999677484033e-05,-0.002335172007649322,0.0013167530060054222,-0.00032462606489048763
2017-03-15,0.005383803697687561,0.003095995911715077,0.007265919707629819,0.0032789326607333357,0.0024783007654761192,0.001832010688560537,0.002222690014911155,0.0009261378292956478
2017-03-16,0.0024891977137119436,-0.000833304146674574,0.004233780515616425,0.002644172389265531,0.00789503292325587,0.001790563143477364,-0.011750454202186233,0.0001452062670334263
2017-03-17,-0.0004891882655820635,0.00023002356584047576,0.003184473485441508,0.00036771169213514185,0.0012134756407922015,-5.517638422225524e-05,-0.002248677949415301,-0.0004324986266565968
2017-03-20,-0.0011586723848413306,0.0008459438511251526,-0.0004163425678032963,0.0003943612403735307,0.002883819234945465,-0.0002633610905069528,-0.0001962425499505427,-0.00038064219664255564
2017-03-21,-0.008426783346527111,0.0012377688266113295,-0.0021702503370454097,-0.0005427192359520384,0.0006960026645729477,-0.0012797777526583065,0.000165890656876444,-0.008104105427613062
2017-03-22,-0.002717348787753182,0.002719786338729291,-0.00312451568380554,-0.001152838642941112,-0.0020343429366305324,-5.1572107817365875e-05,-0.0059859627396362525,0.001283261506195199
2017-03-23,0.0014103616479791635,-0.00030282844429649916,-0.000857385961714341,0.00033084962321963104,0.0006110708018745616,-0.0004172224183711659,0.0007205531291101241,-0.0010291246107594133
2017-03-24,0.00043425416094380317,0.0007023738478536766,-0.0007694151464326727,0.0012179264223874053,0.0009915841287786293,0.0021637454047700455,-0.00022023902261825157,8.266371186129703e-05
2017-03-27,-0.0026447397232088666,0.0010472683239378887,-0.0022657739555771218,0.00011018623275429448,-0.0008255051160358667,-0.0011813203013160134,-0.004117092344081419,-0.00016783912372706503
2017-03-28,0.007401899822641189,7.768681645283756e-05,0.006783331342891907,0.0008202601982338019,0.0016115447371162438,-0.00016808337277474106,-0.00020471068056493458,0.0055882778199009215
2017-03-29,0.0025766496512059866,0.0012942156783998459,0.005828555582941952,0.0025431415500480003,0.0008907126709764234,0.0007688798831337884,0.0042807167365079835,0.001188526881610663
2017-03-30,0.000999874940067391,-0.0003663659474872684,-0.0006446936649013636,0.0013883730135914262,-0.0008606642920052792,-0.000677839437290495,0.002207592937843339,0.0019971069708514476
2017-03-31,-0.0027793045928278027,-0.00024404117667939943,6.377525188083625e-06,0.0008271644492527041,-0.004162453808185896,0.0006225956082430706,0.004567453843992375,-0.0012350189951345404
2017-04-03,-0.0010538192458660945,0.001635401980524831,-0.007126067452859353,0.0013708630595949066,0.002728321556494887,-0.00038390734491766665,-0.00028434902940466245,-0.000762367922937024
2017-04-04,0.0006927322264497437,0.001433613908468656,0.006507421158447179,8.672038729029411e-06,9.094093930756353e-05,-0.00042920306616456294,-5.927527557281209e-05,0.0009091664024087009
2017-04-05,-0.0011459853878239335,-0.00027512842064856283,0.0038378204627857126,0.001089934518747304,0.0017152122753289144,0.0017658434683971436,0.0008149978201617003,-0.0026812246916434247
2017-04-06,2.5142264937992576e-06,0.0003127538273090201,0.0014631350269848297,0.0002318863135922998,-0.0017639347943538609,-0.0016161095548983262,-0.0006515064154251071,0.002255331021761364
2017-04-07,0.00031629813374935964,0.0006014884722584045,0.0009888517577699928,0.00020708663244008982,-0.0007663821647127867,-0.0007596496660190466,0.0027083439770743123,-0.00040974452506512563
2017-04-10,0.0009330271880005014,-0.000461986151420435,0.0008171143870775665,0.0009447943993622586,-0.001107999045897623,-0.000382437678068559,0.005001361018155848,0.0008800305561064369
2017-04-11,-0.0014322053836622662,0.0015727338040995241,0.0011263547435075515,0.0009311276710065818,-0.0008228055020078767,-0.0015333627415086148,-0.0026132621174345116,-0.0009816667166600902
2017-04-12,-0.002650968231131956,0.0005675625727154187,-0.0014026563382752767,-0.0003577395842130128,0.0013632445488963067,0.0009993568376513995,-0.0032503613784555796,-0.003198015680199484
2017-04-13,-0.005434255523351284,0.001604463578391968,0.004833271078783418,0.0008141167390690817,0.0022667888133203785,0.0005432050028066904,-0.005587517203722747,-0.006277714223080633
2017-04-17,0.005361873388063953,2.4446890625995225e-05,-0.0028367220291935836,-0.00018465465591186461,0.0008607180376400808,-0.0025860684306502346,-0.0015334876349800686,0.008438902027191464
2017-04-18,-0.005265917338317583,0.0013250916331057016,-0.008104838068485809,0.0007014478313128957,-0.0011574318939565399,-0.002008916477075795,-0.0006162466433957681,-0.003010031164810556
2017-04-19,-0.0013176029818220193,-0.0004300109449970392,-0.00843490058406302,0.00010017421347976438,-0.001649017498395981,0.0001656776399688864,-0.007554699062421011,-0.0015205703754955558
2017-04-20,0.00565543830309747,-0.001163308992415768,-0.0022604560664522878,-0.0005081908970347771,0.0017353118783946925,0.0008627709065442968,0.002943840476672843,0.007782859175693124
2017-04-21,-0.0005608232159166394,-0.00024014889207122373,-0.0064201083480077475,0.0004897854841560355,0.0015073330759668656,-0.0013618408613084165,0.0007714625326356028,-0.0016612979225222092
2017-04-24,0.013425048470429824,0.0001493563151243825,-0.0022013275572476455,0.0009654121435373141,0.0036898076610123306,0.001500506948682978,-0.007477973322659759,0.007509319500744426
2017-04-25,0.006298165899997787,-0.0019681695964365088,0.0036958961068091155,0.00024287474863906574,0.003659298841865207,0.0020916651106719364,0.0008638883831784128,0.001773190002756575
2017-04-26,0.0014148589886283868,-0.0001365358018816433,-0.0016516706609107424,0.0013122040683365642,9.411605717124375e-06,-0.00032847662974089253,-0.0009401789991925202,-2.250286895963974e-05
2017-04-27,-0.0006033042420373392,0.0018826563122477324,-0.003279630869010819,0.0006400721238543293,-0.0007901855080328702,-7.395404582499765e-06,0.001674796928315514,0.0003783489329335586
2017-04-28,-0.0015547929414712947,0.0002525984710956218,0.004715772412672869,0.0011108870302872997,-5.003325765434363e-05,0.0012652368587338092,0.0020600325132562602,-0.0005376762546583703
2017-05-01,0.001614687266674375,-0.0006759224904476558,0.002336190671414462,-0.0003504648941604406,0.0003085443260033052,-0.0013298783177183582,-0.0022042644230116926,0.001203058592185302
2017-05-02,0.003321090273784488,0.000296130995644983,-0.004250886598848514,0.0011427274108958495,0.003436647271328811,-0.002268431577722385,0.0009184962921480189,-6.828158676228671e-05
2017-05-03,-0.0013742462174056503,0.00012880174306131295,-0.0013893413376750764,0.0002711992748424484,-0.000624443977995896,-0.0007916523562396804,-0.0015153461478411012,-0.00019984178373086983
2017-05-04,0.0015154283856567917,-0.0013703388844896526,-0.018222112567354044,-0.0019301788595703418,-0.002702128761453867,-0.0015345374555056912,0.005554325019964335,0.0003378961511492305
2017-05-05,0.0038091540707156034,9.016482612946838e-05,0.00567999383253217,-0.0002933397793680516,-0.0008764556184545601,0.0004630314496003596,-0.0050305080593722185,0.00046928442893303654
2017-05-08,0.002492006814567871,-0.0010279201380955839,-0.004907184358266293,0.00016941969225361383,0.002388347889465203,-0.0007436181640481099,0.00014904190126752148,0.0011320607285093764
2017-05-09,0.0005560196964415009,-0.0014873152038147098,-0.0028993543419630675,0.00021113428977406187,0.0015635713110120574,-0.00013838912212693621,0.003464643033671555,-5.6809933235735385e-05
2017-05-10,0.0017956201723775766,0.00041696953976124704,0.008897519101982354,0.00075478867214942,0.001755439778081813,0.0009136193275398607,0.0034797766499317095,0.00015443124525096316
2017-05-11,-0.0013424750351388238,-0.0006408874125981346,0.004348558222232812,0.0005755653609184285,0.0020795859847336264,0.002533207459207487,0.0019963430595053566,-0.00018809368421788278
2017-05-12,-0.00018176323536354136,0.002523826662023687,0.004298936541777509,0.0011555039188459125,0.0014117901762100555,-0.003267822942938814,-0.000553141297159998,0.00033140039449865974
2017-05-15,0.003797000334062739,-0.0003581272109618229,0.001163330098037285,0.0008915172901825751,0.0029551363332852797,-0.0009550122868992039,-0.0040552097028547784,0.00037121069655823277
2017-05-16,0.0007455686364569391,0.00048429528704332356,-0.0009803474001419455,0.0006395521224128674,0.0017709374928537524,-0.0009272693340022231,-0.002863890197075003,5.1589565280529685e-05
2017-05-17,-0.013758215447790855,0.003323316295521428,0.005708466987949822,0.0008901101516038067,-0.001730211389531348,-0.001087374913603778,-0.007436710892344656,-0.0033023625004391156
2017-05-18,-0.001902451158019658,0.00037891035051309515,-0.006620830547837664,-0.0010688940158499528,-0.008203568167112443,0.000985410587396096,-0.00631247701982196,0.003136392175329039
2017-05-19,0.006273934663428537,-0.00010802694503684332,0.015509855990561228,0.0012036406294685608,0.0030391096313797513,0.0020759966898475923,0.0029297593703527802,-0.00019370509543013018
2017-05-22,0.004246654381547498,-0.0008039649826115714,0.006452185593081383,0.0009217227392893878,0.002741372274683762,-0.0008310354427577549,-0.005951699553279788,0.0035604361330089595
2017-05-23,0.0012348471795834647,-0.00027816332228489685,-0.00651629086299308,-0.0001525805628582512,0.0002908861172460585,0.0010265326501707195,-0.002432375255999708,0.0008755946301212346
2017-05-24,0.0020132060333814205,1.602411753456309e-05,-0.0028257962267005166,0.00047667578890111514,0.0007839851067372578,-0.0011534430165320853,0.0051533823729230654,0.001232582091360701
2017-05-25,0.0034079051943588733,0.001297515541686689,-0.00901915072509527,0.0008444492921834356,0.003402140784762183,-0.0011763233485261315,-0.0042589675275792604,0.001043771807748861
2017-05-26,-3.2464935481124754e-05,0.001358699548895803,0.003574337844252673,0.00019198671758648963,0.000921375214911076,0.000589270112040019,0.0026191646291731097,0.0003003012544232851
2017-05-30,-0.0014957523175082922,0.0010723254737962317,-0.009476802429795405,0.0013402848568687896,-0.0012679524602515165,0.0008408562840802603,0.004273599021736851,0.0002492054680664156
2017-05-31,-0.0012665362575397855,0.00024405463381174094,-0.00452788811627134,0.00039847275525120004,-0.0020468941863511928,-0.0001634199475957221,-0.0026560310555966415,-0.00014161356635453718
2017-06-01,0.006566104023531993,-0.0007121105870001366,-0.0044191062142427745,0.00041242696790368946,0.0011583664670198185,0.0007462752217736179,-0.0038509963101400757,0.001421477780186997
2017-06-02,0.004948830160199779,0.001219524388204185,-0.0016835542648257818,0.001683926763771737,0.0029363449353447665,-0.001212276975331994,0.002810953563158858,0.0005541081067010011
2017-06-05,-0.0015527265015393477,-0.0001312078013765207,-0.003915700749918183,-4.274609232002432e-06,0.0009104886458016991,-6.686586959803176e-05,-0.005257535680280534,0.000225951732790408
2017-06-06,-0.0036356321428761885,0.0017866456540397645,0.00580752062870995,0.0005549671822439261,-0.00016075111822760532,-0.0007721432283067653,0.000224977639596613,-0.00033349772992783425
2017-06-07,0.0002799888532377891,-0.0008382377467770264,-0.006289653770134996,-0.0009227015788998206,-0.0003142882829752837,-0.0005459018643557689,-0.0024311453618254264,0.0003333463417959591
2017-06-08,0.00046324609367234245,-8.080782707184944e-05,0.002619791933627624,-0.0008063588235301734,0.000836819080530926,0.00014796134023487006,0.0010987069834587082,0.0003558066239143452
2017-06-09,0.0008753141018390752,0.00068291663900224,0.002972541669250228,0.00016315415172987166,-0.0003410123388244203,-0.00015703525470733837,0.00579122317547931,-0.00020911088843398332
2017-06-12,-0.003262156005232142,0.0006744268819364406,-0.01003434446053928,0.000340064578400545,-0.003157831266868986,-0.001589279790011111,-0.0005790204786183528,0.0002483944616053167
2017-06-13,0.004081438230710743,-0.00036661677788683026,0.0002764401335576759,0.0007971035548971716,0.00043521226859679615,-0.00012379085061886563,-0.00046094304839394695,0.0005419524758748739
2017-06-14,-0.0011914344075628083,0.0023898600706124262,-0.008891777766432851,0.00164501697380931,0.0021110457225540316,-0.004315860618494538,-0.0015735402967496093,-2.138487785968719e-05
2017-06-15,-0.0038409660179574145,-0.001805464428866255,0.0002965403116223507,-0.0011502071987076758,-0.0038356555967748083,-0.0014306688673464407,-0.00164636093940429,6.831826384334595e-06
2017-06-16,0.0021864512909032796,4.585432153531004e-05,0.004338135889402739,7.26845065450175e-05,-0.0001538348141754318,5.790442252040506e-05,0.006113259320593256,0.0013499058685954577
2017-06-19,0.008264107696023204,-0.00027510068943154014,-0.006737686604754656,0.00023335146057185103,0.00304624852513811,-1.0635889762911077e-05,-0.003732532456909521,0.0027793149051137944
2017-06-20,-0.004787735280461558,0.001145887901655873,-0.007322017144154536,-0.00042738283077475863,-0.001859458628803786,-0.0009523306319534353,0.005205220431130586,-0.0022692654487736497
2017-06-21,-0.0015965143177357202,0.00024113086661009514,-0.006242169302729639,-0.001464268885309761,-0.0011975507056803765,0.0004113685311675219,0.0012025157283825916,4.0507210618822943e-05
2017-06-22,0.0005118941873769043,0.0003122888331181238,-0.0034568481393683625,-0.0003263425777492725,0.0010218240122504643,0.002214011528362869,-0.001476819262353768,0.00026575475664886145
2017-06-23,0.0006912643925837678,6.301923164569994e-05,0.0035159186295016798,0.00042063006404541287,0.0013619910070486831,0.0008709552589549752,0.00027675430446860716,0.0010369127684701216
2017-06-26,0.0019158342662268233,0.0004898923476387982,0.002928167724482733,0.0011358011651738107,0.003310957729558269,0.0006505426999783293,-0.003175739152532553,0.0007545582200265131
2017-06-27,-0.005632934382781396,-0.003359295726174938,0.006855770762264013,-0.0006099890004332422,-0.0012005328491908054,0.0005408499942750611,0.0019651979958568155,-0.003640136304154662
2017-06-28,0.004255309826715237,-0.0012585432769841034,0.005225700066482097,-0.00025004504682463196,-0.001781893703501958,0.0014377764899405898,-0.008204037145025267,0.004021924889052453
2017-06-29,-0.006607474858487616,-0.0038178028393029417,0.006035905426124255,-0.0008547081431879435,0.00012008720555746923,-0.0013144642804300277,-0.004115395949918721,-0.0041607848023390015
2017-06-30,-0.0015217600604154338,-0.0018652400968496854,0.01561930015847629,-0.00025803046583211547,-0.001467055777713537,0.00023396395752828258,-0.00476068859651968,0.0013546456650587733
2017-07-03,0.0041877212615277215,-0.0008234272060598238,0.006130250926938696,-0.00013802413426805565,0.001174618463932168,0.0015380674580922626,0.0010374303516744732,0.001273833480650077
2017-07-05,0.0005669284274857909,0.0003792481917758715,-0.009474721302050793,0.0005903307369585218,-0.0017050230536365305,-1.8469375010932154e-05,0.005484311776795092,0.0011652244717245683
2017-07-06,-0.00654909651495178,-0.003987753150817952,0.0012001119422994642,-0.001566754388486247,-0.0019345022431696188,0.0007366826538867111,0.0013290932381666565,-0.004515418621268974
2017-07-07,0.0022601959515346493,-0.0012955972016078234,-0.007457301042720965,-0.001679039214970757,-0.0016424094008043828,-0.0023483238757158187,-0.003892500038263913,0.004340321440573003
2017-07-10,0.002651638449884419,0.0017582573432057267,0.0068216487589355945,0.0007587697423067639,0.0032793863472513527,-0.0012268576796889974,0.002499736685257048,0.0011470125937591
2017-07-11,0.0005005580863594592,-0.00040315090314685403,0.00798058260127038,0.00024767413858967064,0.00312499784840257,0.0009070083787461325,4.488902633625891e-05,4.01760246785952e-05
2017-07-12,0.007012288302110814,0.0024134964571837503,-0.004462521827083232,0.0021999353874104233,0.00502176329015482,0.0010398898214789565,-0.003351997751017577,0.0026940272825003997
2017-07-13,0.0026622127550596786,-0.0008577640049191595,-0.008847097743885424,0.00019691867161902838,0.003639550418950014,0.0010384525224950147,0.0003423893416136803,0.0004931452587004224
2017-07-14,0.0032420221794033366,0.0006956392965188905,0.009533348463246216,0.0014034823101167213,0.002508340135579453,-0.0004858162837546587,-0.00045067816177157827,0.0005319970088246138
2017-07-17,0.00027116321841663666,0.001296353375434378,-0.0001214260187341611,0.0018167517568598577,0.0018454931671894972,0.00029459690763666835,-0.007708518647357332,0.00014042482658166417
2017-07-18,-0.0017955092612075842,0.001935325080034411,0.005496519247830178,0.001438972735014976,0.0010452645838459986,-8.083379574475025e-05,0.0014756125209380855,9.56847469412712e-05
2017-07-19,0.005197918332607132,0.00046301130620934866,0.0058178170919822025,0.0011159518198757266,0.002558387032586725,0.0004521247492764724,-0.005720923759423124,0.00013477393805122457
2017-07-20,0.0010272364383898112,0.0005035926260418819,0.0006623738320314374,0.0009120190612370014,-0.00010158228574980184,-0.0021391389885488943,0.0002647042299641633,-4.9139324210247345e-06
2017-07-21,-0.002933334278632349,0.0018984615666250424,-0.008393243346022261,0.0007560304793585158,0.0007351948612497511,-0.0006758346327444542,-0.0038994104124208118,0.0008608994451865801
2017-07-24,-0.001618173232288467,-3.2269341874726173e-06,-0.004089695300523777,7.176658966917531e-05,0.0007567659288306529,0.0009630400565766584,-0.004562998528310436,0.0004136052412799239
2017-07-25,0.0026856740918676514,-0.0031473668902923246,0.005632603623335342,-0.000937293127699357,-0.0014022675297325855,0.0018499557387282595,0.0019443723064940244,0.0008708064913717781
2017-07-26,0.0016897183508561284,0.000729264150301778,0.00687521195878088,0.001216582257083487,0.0010988162910895991,0.00016570151067729633,0.0011731842352769029,0.000240198589843643
2017-07-27,0.00030037135165800183,0.0007445634549838041,0.00648511170022309,-0.00013051908884526025,0.002007000847771445,0.0008749498349059914,-0.006906277606774092,-0.0005120373613039522
2017-07-28,-0.0036481558850391393,-0.000380375675767264,0.00295855121924421,0.0005174140988312701,-0.00183238505492687,0.0006052819909851959,0.003256841494670981,-0.0003896216805283072
2017-07-31,-0.0001898411779567845,0.00016636143477083404,-0.0009971945529203,1.7972367782836775e-05,0.0010740952564979125,-0.0006026669436225429,-0.004729489993717029,0.00014555576841596124
2017-08-01,0.003845170568984091,0.00198270282274543,-0.01019833121488306,0.0013789572931408032,0.001227988707713438,-0.001170802081461364,-0.003953271754642551,0.0013831414512108229
2017-08-02,0.00027897493871947826,1.4313519572650525e-05,0.004690790441894632,8.673399429687239e-05,0.0003795497602038787,-0.00031308704307675406,0.0012919911032318598,0.00030111189445441983
2017-08-03,-0.0011452482605739946,0.0015615548887641382,-0.007070104368333496,0.0002760870311819262,-0.000977192721170195,-0.0003555319288721659,-0.0010336531230517032,-0.0006561831763839956
2017-08-04,0.0027710084269078616,-0.0009269632225590854,-0.0007086777448329087,-0.0007147463805466383,0.0004749930732218705,0.0013028659413447663,-0.002231587169492899,0.0010974731727939056
2017-08-07,0.002350724539863458,0.0007043869448701277,0.005312588741402224,0.0002987204182848811,0.0028102707443363553,0.0005676416154289932,0.007943267698249157,0.0009459861976192638
2017-08-08,-0.0009444974435463551,-0.0008069105151043423,0.0026828332330645632,-0.001168141060937822,0.0009726123154792745,0.0018739496922719479,-0.0005729873558693033,-0.0011664435719982993
2017-08-09,-0.0037192885560292654,0.0019119918888101382,0.005609455872565394,-0.00172575854988416,-0.0031764079087684416,5.0459827666049506e-05,0.0016581099806032285,-0.00014416792642640857
2017-08-10,-0.011219268053534515,0.0007054961234240207,-0.010399608092294177,-0.0016526243185893132,-0.004271478535957792,-0.000865964777412298,-0.0007542640683946278,-0.009434651629713964
2017-08-11,-0.0029946656896944757,0.0009419312886433382,0.0018587515001293185,-0.0007764613257347788,-0.004409503196370253,-0.001580808823646862,-0.001235160610520647,0.0020282663913466226
2017-08-14,0.008204830037548738,-0.0005205796739548576,-0.006933794635338664,0.001067325045959355,0.0039798122157652105,-0.0022289862417780304,-0.0030463326308602934,0.007493675405511879
2017-08-15,0.0009871450940947544,-0.0015549041357188489,-0.0071468779463710885,-0.0006320564373629158,-0.0005096091904740291,0.00044339882944666176,0.004727528562148864,0.0007736114786175972
2017-08-16,0.003007820004281292,0.0006916552387616346,0.0007445998528851636,0.0010850725799979586,0.0030358034161166634,6.562237157559103e-05,0.0038116123181257677,0.0013398183258609973
2017-08-17,-0.009326672095568755,0.0008068027913871732,0.0011471610456856294,-0.00024354556214806216,0.0011443550854759637,-0.00018961048219079402,-0.004360518254873158,-0.012381647063803458
2017-08-18,-0.003875336936539242,0.0008037870653169741,0.006643753683741316,-0.000751250695307293,-0.0011520944103268391,-0.0006762440579648477,0.002587988748640857,-0.0033256386659241133
2017-08-21,-0.0001241718045972841,0.0006675807066355841,-0.0023133571767698924,0.0005518061439870323,0.0015614387844405755,-0.0005987622234167045,-0.00279713115130098,0.0017262853334249482
2017-08-22,0.00842244618775928,-0.0012187645098626356,-0.0006577965735865001,-8.635485016056394e-05,0.002618709282080911,0.0003389269090237068,-0.003609645028478381,0.005066018888416346
2017-08-23,-0.0015927041411732403,0.0012210674622711857,0.003468682484462471,0.0008729054903812703,0.0013048275290841365,-9.249985899462132e-06,0.004720184108083281,-0.0013933881690040841
2017-08-24,-0.00040016056648833914,-0.00018357845441258086,0.0028460185076445987,0.00016491981402960693,0.0024048547394212583,-7.313536930964037e-05,-0.0038164579658375164,-0.0006439068301313247
2017-08-25,0.000839532826181155,0.0007307037291339189,-0.0026386778708101244,0.0008746497900040116,0.001317806471801075,-0.0005638777686960417,0.0016280515291389186,0.0017231480680057196
2017-08-28,-0.0007240450211022933,0.0005104575883691507,0.0015885379141295506,0.0006524710423063127,-4.4092420423303034e-05,0.0005862829987981488,-0.008829622727833608,0.0007848035006502994
2017-08-29,-0.0022157997255067285,0.001894484037998356,0.0009425704054776827,0.00032469849244581834,-0.00114179594464738,6.920435014756698e-05,-0.0012658981875162123,0.0003476685200684558
2017-08-30,0.005110208655266957,-0.000989965914355018,-0.005169250198520492,0.0003270747086576152,0.0024390968742743304,-4.162693140630225e-05,0.0012728588804475915,0.0015780046334396556
2017-08-31,0.005630008678404852,0.0005610456189292787,0.019044342364933742,0.0012492008100845606,0.0008481947772508989,0.0015882192843168497,0.005865864101999518,0.0014022538063162557
2017-09-01,0.0022136713352655657,-0.0009597214156206737,0.003770782405641604,-0.00021822374290420015,0.0009113893300755994,0.0009122382338033752,-0.002753625429983253,0.0005135697752520205
2017-09-05,-0.00770698283475707,0.0031243897837742174,0.004669664115727501,0.0018068212743677645,-0.0008485497824528382,-0.0002502814755238614,0.00021419983077741733,-0.0013815098631154157
2017-09-06,0.001269428146505269,-0.0007082772240031845,0.0041373423321999225,-0.00025537024322536144,-0.0007598045501837072,0.0009832971755560083,-0.005443085938277137,0.0013008206464266146
2017-09-07,0.0014972727616290869,0.0023977685977107366,-0.0007427490898780922,0.0009608135953013683,0.002875696965847385,3.9723956684944994e-05,0.0001830851703559233,0.00016216087566295318
2017-09-08,-0.0010586524252206855,-0.00014419629605416667,-0.01052598975779745,-0.0006545736861726661,0.0004830299211431483,0.0013240521398965033,-0.007613630672173799,-0.0005399003058076948
2017-09-11,0.01017774028970514,-0.0015587647073723179,0.0014981820248344822,-0.000383404914328145,0.0021099104392209855,0.0008856172534529305,-0.00010029738893124751,0.0016059613617551147
2017-09-12,0.00412939229016368,-0.0030944601582710285,-0.0010706169317312166,-0.0003448067721241734,0.0005205472089365909,0.0003723649620912539,0.005254247172172599,5.0568229799929744e-05
2017-09-13,0.0006014255952808132,-0.0006480813941594501,0.0019553732302936555,-2.901424526596825e-05,-0.0008758284826687429,-0.00013264896713915952,5.8537599426644604e-05,2.830011402860082e-05
2017-09-14,-0.0011033170269337258,-0.0011984665901894622,0.0015325817312070165,0.0005183222166966204,0.00011176326981001296,0.0011970751929473167,0.005479064474308126,3.942221989067223e-05
2017-09-15,3.0535127525987794e-05,-0.0006942820971488908,0.0011348432259760675,5.002953361071798e-05,0.0007558257431806527,0.0001776703978154659,-0.0044042047486873015,0.0004288657249182369
2017-09-18,0.0034375152111318363,-0.00044632697949781324,-0.0012799678192288446,0.0003884058395215438,0.003172779851451165,0.0010006413668580683,-2.0233754760345946e-05,0.001123753292203655
2017-09-19,0.0020963690384513956,-0.0003694843439007724,-0.002850323871671334,0.0005339307990860907,-0.0014204668448159858,-0.0005722950520834491,0.0007098746944251833,0.0004003043444069097
2017-09-20,0.0004503549823099971,-0.00046407224274031006,0.00881117113412272,0.00023114642842719785,0.00019354425140166704,-0.0013033256071426358,-0.0014445769660706986,0.0003445828589971332
2017-09-21,-0.001294028731500252,-0.0006930051899828873,-0.009470097284920709,-0.00010068425829040679,-0.0014158520526582436,-0.001508748112860392,0.007718414945266261,-0.0007932667722701516
2017-09-22,3.512744135364381e-05,0.00043017546526441503,0.0008601775069125293,9.436246203103886e-05,-0.00136930887798864,0.0011201461308429916,-0.0038131966065754197,0.00018365888421228977
2017-09-25,-0.0023533579468756893,0.0018900915788443993,0.005581832073883575,0.001512031154918991,-0.0040363589054903115,0.00030431890042526,0.0014432509216208977,-0.0006159646353715578
2017-09-26,-0.00102819998637832,-0.0005499634826801605,-0.006384021793319594,0.0002785728705522737,-0.0025805888565044546,-0.00035790572208427296,0.0024905531370102985,0.000383742196101655
2017-09-27,0.003667324269412464,-0.00301799641669237,0.0006036902794254726,-0.0012489841945144133,-0.0015758551895585136,0.0009487098905236468,0.005214105457632012,0.0014720019522064807
2017-09-28,0.00099636763715355,-0.0007893776916126363,-0.002405717122882345,0.0005994581900574112,-0.0015399294486707813,-0.00016761077053972784,0.003860919911045979,0.000804306233371521
2017-09-29,0.004048996180711029,0.000400450581190037,-0.0020920322076848907,0.0007002260064811747,0.0032770151294430248,-0.0016073452438960523,-0.002581162665603376,0.0011082851473451225
2017-10-02,0.003933403911766831,-0.0005440443774928363,-0.008879976031122838,0.0003544675224639858,0.0004713984165176098,-0.0008839888243724614,-0.00015776529818178897,0.0012563566505311983
2017-10-03,0.0036605920032012906,-0.0004475520467805418,0.0003660187137361491,0.0004627621137255898,0.004622922705256716,0.00042783009337643563,0.005168360457576737,0.00028198746569824113
2017-10-04,0.00037131123646888515,0.00042476599260193854,0.0025748270937126505,0.0003069383615243447,0.001521484554417159,0.0009081391309946341,-0.000454694594572036,0.0002155814049135672
2017-10-05,0.0039007323865571375,0.0003170088801129343,0.007463922547048918,0.00010155808949757743,0.0002084147681912783,0.0007747174522031441,-0.0006360956484938729,0.0006905075106068968
2017-10-06,-2.0156686378503162e-05,-0.0008628499671397563,-0.007812529927760326,-0.0002753634064957546,-0.00036876504766245987,0.00026109636896420874,0.004309055697355291,-4.96031746031746e-05
2017-10-10,0.0015692499265573254,0.0010886427473204006,0.010733090210855722,0.001076344967777476,0.0031378932730875366,0.0006311374748491083,-0.0015255277927233024,0.00040302038610912067
2017-10-11,0.0017944971069704938,2.6880364036807426e-05,-0.0006152417162842985,7.632052621969736e-05,0.0015275107144464375,0.0006997755007557283,-0.004979002758692008,0.00024833114743078017
2017-10-12,-1.3952046162224628e-05,0.0008488967931265521,0.004227308128268381,3.343867058375176e-05,0.0016488145708320094,0.0005601461551354436,-0.0028288039452051272,4.9678686600829015e-05
2017-10-13,0.0010697331273467612,0.002040028881913958,0.008962786004112988,0.0007588921381715406,0.0016378870415572249,-0.0016935848593775393,0.0010772669442782323,0.000137910613175307
2017-10-16,0.001995916544096976,0.0004114683630220271,0.0012031949757437819,0.0003830106647081942,0.001527182540046375,-0.0008755065788543792,-0.0005472624276642302,0.00017095992298504764
2017-10-17,0.00026785575546556234,0.0005671160587840671,-0.005936658621037594,0.0007099077608940239,-0.00152079040381616,-0.0009165060197419139,0.0022435708336314697,1.6551163467492903e-05
2017-10-18,0.0014048944798933925,-0.0015928119017448175,-0.0020878696087475723,-0.0001596397208337154,0.0002772406797539316,0.0013015563129875618,0.0016781132944192478,8.82092461546578e-05
2017-10-19,-0.0014434000399799476,0.0004892357325498307,0.0009680131896120934,0.00041935947965948667,-0.002763172125283523,-0.00040590361739645253,0.0002228208860117764,3.858462130817957e-05
2017-10-20,0.0036609435967495663,-0.002759185194739777,-0.0014753484685912646,-0.00040818196909447895,0.00019901716807944414,0.0017123491349834152,-0.002388786550606037,0.0005897019668432144
2017-10-23,-0.0018471816094347007,0.0011099329268879352,0.0040612931687535325,0.000957400814079745,-0.00114644431059698,-0.00035944353564443254,0.00787065875475279,-0.0019112159481308735
2017-10-24,0.001060253343442896,-0.0015272521956881115,0.004991674198329521,-0.00037776366840530667,-0.0010648548762684509,0.0001563480200069689,-0.0015695688064740754,0.0004911610687407528
2017-10-25,-0.004094902148334134,-0.0009544590898194485,-0.001756738418912718,-0.0016159520237935545,-0.0003682615852602102,-7.868872677818661e-05,0.002519649340996022,-0.0025975424873214137
2017-10-26,0.0025036080340849476,0.0010217316623659098,0.00026472532841154123,0.00010280811127166816,-0.0023467675844946467,0.0007182180657366866,-0.0034625430755081954,0.0006857681879350317
2017-10-27,0.006009166466186711,0.0016133582018821866,-0.0006026200686521379,0.0003774134369413649,0.0011387911995621907,0.0004849670501059222,0.011815415359572645,0.0044477834790980775
2017-10-30,-0.0012223551505484156,0.002468957517157422,0.003334209912055186,0.0012718672610160795,0.0024632638812090804,-0.00035558897054932537,0.0005521767973037939,-0.0011001620058976316
2017-10-31,0.001219301405554318,0.00023748393519834582,0.0004502757168977632,4.1342980343361636e-05,0.0010090556226920269,0.0005323350530670456,-0.0043898762360393695,0.0007212497741845845
2017-11-01,0.0035914593921339555,-7.298770357583324e-05,0.00404233154880157,0.00041350417533675394,0.0029890848997985997,0.0003004077021577789,0.0011667428320185635,0.0006656375038850968
2017-11-02,0.00035178230820126483,0.0010335682562893631,0.001762915280901278,9.934810992484434e-06,-0.00014993293324070788,3.069496677388095e-05,0.0021577563766856933,0.00042871578167197317
2017-11-03,0.0022280547412826812,0.00032601917219493554,0.002121495162520748,3.927402057407585e-05,-0.0014418959954526174,-0.0005874301490460532,-0.00047045269890211294,0.0014616017227996878
2017-11-06,0.0009778395375674152,0.0020107826568782072,0.01474041123619746,0.0003759502145743164,0.0011732106439623078,0.0007806842965210059,0.0024434657632470547,0.0007789336074916495
2017-11-07,0.00042742495374764583,0.0012559240340365705,-0.007004155584430072,-0.0005548735861837242,0.00015507519974365186,0.0009388506141152497,-0.0021914401808723616,-0.00023600668337503422
2017-11-08,0.0010894961415148228,-0.0005327508587020249,0.0011845010537949172,-0.0022663044322414616,-0.00043903641129833265,0.0007996943614542174,0.0011217728074159883,0.0006961498714689871
2017-11-09,-0.00402109733625694,-0.0023257713473041064,-0.002145313652153147,-0.0031971304320554395,-0.0007460828281792844,1.0124043002712746e-05,0.00069528075952352,-0.0012879457681090336
2017-11-13,-0.0037225510843436616,-0.002451237127223671,-0.0028173327619731015,-0.0016997980393754222,-0.003348263661712647,0.00028486579155906355,-0.0032730921319165107,0.0010255122906037137
2017-11-14,-0.0029581395427398793,0.0006859956718571756,-0.011976043100995148,-0.0014947982258466943,-0.0014452785491449462,-0.00017783933863246837,0.00031299246449245643,-0.00015371162272975763
2017-11-15,-0.0063635929815625825,0.0014329943211590088,-0.0018672480506621294,-0.0016501888271344691,-0.001994935135762488,-0.00028707192787402747,-0.006214625217522585,-0.0015675527918277978
2017-11-16,0.007552136753561978,-0.0004576633299710477,-0.003940122900747245,0.0031031235839917293,0.004687796328427103,0.00055137376612302,4.2373501836889815e-05,0.0030073762882027455
2017-11-17,-0.0004612391418627461,0.0005651351288901705,0.012853239021691498,0.0005018432291862827,0.003740326249876321,-0.00017416130697078813,0.00029885698426102003,-0.0002520511536799332
2017-11-20,0.0013009056696808294,0.0002893442662583177,-0.006545013011466094,0.0007320922946393857,-0.00010700396900537052,0.0005409912617405643,0.0009295102418616086,0.0015046365066681553
2017-11-21,0.006503488280079794,0.0009680715485722022,0.0032371232322340737,0.0013417382199567005,0.0046441133829421095,-0.00033038025634302137,0.00038628776480442717,0.002879198530221838
2017-11-22,-0.0003237848898282604,0.0010261600357732157,0.006538683302414305,0.0010484302025425827,0.0022815456312874813,0.00024110684737110866,-0.0009368262784991144,-0.00016946413588808678
2017-11-24,0.0012883671565479535,-0.0009558822211346853,-0.0004413402172523397,0.00021114557570095488,-0.0006613049642603677,-2.7799396103200813e-05,-0.008638586932481873,0.0009747860061032896
2017-11-27,-0.002667197744986083,0.0007819971623865272,-0.0010512077831910662,0.0006449972625525711,-0.0024027947909135614,-0.00018461758017895846,-0.002382751434298558,0.00016812892781808958
2017-11-28,0.006368447742516492,0.00015335947035616232,-0.002066617553062422,-0.00011871146916947479,0.0007179933749093165,1.3812721836314878e-06,0.0003969216460246727,0.0017190850573615688
2017-11-29,-0.0007891871632130234,-0.001720633083702461,-0.003311684120610614,-0.0005428265005091306,-0.0019957559860478242,0.00031288584668132113,0.0035301953341564385,-0.0002886335803573005
2017-11-30,0.0018402683901705406,-6.741565397855327e-05,-0.008522614689768615,-0.0001577336098956274,-0.0062859482991948394,0.0007951157139594045,0.0006391152876323858,0.0006459242579767708
2017-12-01,-0.0027107542315694677,0.002804687434480646,0.009041136834364305,0.0011863815760188576,-0.0011114581742327676,0.00040878817804057554,-0.0016276707120241873,-0.00044056543045528656
2017-12-04,0.0009566977035634914,-0.001048148693331863,-0.008432797382565582,0.0004903519203100502,0.0017659453481709644,0.0014322408242721796,0.0012893624846037621,0.00026546182113257305
2017-12-05,-0.0030363702624150446,0.00041190420660036626,-0.008355943489833095,0.0006402738174555165,-0.0008424868113050731,-0.00047151828492864034,-0.000857757334117415,0.00027622347475836346
2017-12-06,-0.003099469906031216,0.0010907164703303771,-0.010860890937350709,-0.0001653010717829752,-0.004938733525307844,-0.00046812825632946975,0.0018890943684937156,0.0002598313202858969
2017-12-07,0.003154731174326908,-0.00012868904852086932,-0.0036506207363704024,-0.0010602106783522138,-0.0008254978864511988,0.0003413708700876761,0.0021120474742464257,0.0007590192367196711
2017-12-08,0.006544351507893509,-1.7419223756809553e-05,0.0024840691207301258,6.18011785002424e-05,0.003156582966266771,0.00030783968353720326,0.0032662824667599732,0.00040589616654956845
2017-12-11,0.003464252522377087,0.00018652117063461244,0.0025269832554645766,0.0005504954945527161,0.0027872229406297002,-0.0001558921146513903,0.0014597440768506775,0.00017804280338035145
2017-12-12,0.0014247304749625542,-0.000908472073494593,-0.009395537933115261,7.576124909930409e-05,-0.002427546167382444,0.001406972642823967,4.368150205258381e-05,3.1680456499205524e-05
2017-12-13,-0.0004995551685602842,0.0002328585430275474,0.00045917716156982345,0.0007391286194928568,0.0025175814638875634,-0.0020789814728185974,0.0013688145261663287,5.497810164878169e-06
2017-12-14,-0.0035362056027901326,6.002236566435816e-05,0.004399450019201256,-0.0001845481646124638,0.0006613569686089687,0.00027720335108794014,-0.007091322391035493,-8.119627357474645e-05
2017-12-15,0.0035537782909695666,0.0001133877246386248,0.0025485527024737605,1.5424427121988433e-06,-0.0006370562829053205,-9.21439172700822e-05,0.00157230558204291,0.0007532112063517224
2017-12-18,0.007340641737223463,6.478851596167768e-05,0.0050176731098194646,-0.0004779333630104079,0.003532962522746833,0.00015259505033793364,0.003876599959072635,0.001348072881541351
2017-12-19,-0.001935473803435639,-0.0030959567485274956,0.0013297131493783308,-0.001470639727971035,7.255828903723503e-05,0.0008969251974124681,-0.0030356254623891132,-0.0013299863660189094
2017-12-20,-0.0014833691099185532,-0.0024154655489848856,0.005503969190739233,-0.000893979536717904,-0.0002694476850143052,8.50540718960735e-05,-0.001620430017741814,0.00031939324553296154
2017-12-21,0.002836860118155626,3.0874847149120265e-05,0.0026224705367538844,0.0006733492239019199,0.0005899495058450627,0.0012589414748933603,-0.0012780784681392099,0.0007846000602431455
2017-12-22,0.00010742163023322849,0.0002666984408567827,0.0054673542773271185,-2.5974986842558712e-05,0.001940361322652865,0.00017685463167249615,0.00023284970442616348,1.616700431459318e-05
2017-12-26,-0.0009387933169186182,0.0005334536493528439,0.011590974944804855,0.0008046612253953309,-0.00028013848335852766,-0.00014253218955895264,-0.001074114507998436,0.00013509498092043582
2017-12-27,0.001520752668276981,0.0013820876466703379,0.003951677271760245,0.0014372900902035245,0.0024065751618881502,0.0006292208903690977,0.00040039710428052544,-0.000194649449343687
2017-12-28,0.0010719402885943417,-0.0014632157694905114,0.007129710328813021,-3.183983987888904e-05,0.002497671484653052,0.0009553680736802406,-0.0029523821038967,0.0006540359889495082
2017-12-29,-0.002670855711471432,-0.0001346628598657642,0.005333008604081013,0.000574505176607931,0.0014683601632871966,0.001114729358995925,-0.0034327034531244083,-0.0010642774828169223
2018-01-02,0.0056934084876760545,-0.0024395824450945906,0.002854058026245032,-0.0003993063531775534,0.005418897557729374,0.0008816900457816468,-0.004095473443196163,0.002892880832132216
2018-01-03,0.005347727970313109,0.0011373278816779518,0.002224255841920963,0.002168694623131606,0.002266281802392389,-0.00010213145801118984,-0.0045130479004615864,0.0011589364018198321
2018-01-04,0.007093564435333799,0.00018070271238232994,-0.00046722183370575567,0.0015892636763210398,0.002564518050122788,0.0010119716509990884,0.004075190800525652,0.00046819204241430577
2018-01-05,0.006837191488261429,-0.00010858739101473635,-0.007399643488802532,0.0005557942346783082,0.0025034901947120543,0.0009113856080145144,-0.0032415022452277897,0.00030107122610509827
2018-01-08,0.0017855900943133161,0.0005584943805305495,-0.002488703380615043,0.0006222912743820472,0.0015796602705027657,-0.000684360085142055,0.0013545121319040732,0.0003439818476256071
2018-01-09,0.002271876042643872,-0.0023734556143349076,0.004629717608333394,-0.0009218959781717386,-0.0009823380282796502,0.0004646714586820089,0.0033113870688241676,2.1144771677117157e-05
2018-01-10,-0.001983842595960206,-0.0013973519786527834,0.0015749732163185869,-0.0013370317776646658,-0.002547499735404565,-6.576920581580215e-05,0.0022901179672338845,5.3403094504500325e-05
2018-01-11,0.0030694949075255936,-0.0006842774693751832,0.0007358017561724714,0.0005287286723516302,5.9448450618668875e-06,-0.0015420429285357695,-0.003697897041254561,7.489780116973744e-05
2018-01-12,0.0044028021684592075,4.1072382759278444e-07,0.00508294348457603,0.00010098311636894653,0.0030199118435898283,0.0008464094965582314,-0.004733381761256483,-5.762391942743184e-06
2018-01-16,-0.00023875793673191502,0.0009648784757940507,-0.0033465513631021574,0.0010383438581484715,0.00307604796842403,0.0012075372281954433,-0.014448317467533167,1.5738128901187986e-05
2018-01-17,0.004806105932444659,-0.0008123391512466995,0.0038865040977844375,-0.0006661500822690239,0.0010150111995700889,0.000493821742458489,-0.0005332008430097845,7.486239492602277e-05
2018-01-18,-0.001029497463202045,-0.0008956550634072971,-0.0011666583907436136,-0.0010946292513043466,0.0009795088860342785,0.001954846004451727,0.005512710407530319,3.184653058883026e-05
2018-01-19,0.0047591251231804185,-0.0001139514954321632,-0.0017318633716722155,-0.0007183421485956967,0.0006581019913004672,0.0003727826906235743,-0.003980008924399203,0.001450636181447451
2018-01-22,0.0052357831745128754,0.00011712569591890688,0.003072042731731872,0.00015938913128963318,0.0013704731204340495,-0.00016970857838072284,-0.0008114943535351138,0.0025645143114718435
2018-01-23,0.0039831755529073695,0.0011317657481093367,0.003890029970429176,0.0012707579698132186,0.004197797087180539,-0.0008097240596609545,-0.0004125297661982108,0.0004970932432959205
2018-01-24,-0.0022372046577894492,-0.001474869621847197,0.014648089432126121,-0.00011457388546889401,0.0013764488509425835,0.0006011072667798656,-0.004501002973463342,-0.0005248963482648252
2018-01-25,-0.0018138599723263261,-0.000776513395103118,-7.613308671929907e-05,0.0007485241364706183,0.0017943356697378342,-0.00020245825006770524,-0.007409703945299717,0.00015454019561376132
2018-01-26,0.008193195134465125,-0.0012263720860398398,0.0037485543737525214,-0.0003648206500192155,0.002333663067995961,0.001724525840690272,0.0013610564419113125,0.002364232209737893
2018-01-29,-0.004472031498352758,-0.0023241589788351117,-0.001836309872699693,-0.0010915194839101973,-0.0019460589537847314,-0.00036231795717267534,-0.0048085270537311375,-0.002322631419223198
2018-01-30,-0.010646328660531635,-0.0005179982594920809,-0.0038309135241678897,-0.0022281962164113715,-0.005864833816748316,-0.0005636409681279986,0.0035208209430555026,-0.0031516068998950434
2018-01-31,-0.0009602028925648434,0.0001162095534465777,-0.005360888349267423,0.0006541425415664601,0.002252172980359934,0.0015393408298076672,-0.002167331044560572,0.0012766643515271568
2018-02-01,-0.0005115849062530489,-0.0008983920754738419,0.0007118992120429321,-0.0013052147831028817,-0.0019712652209956144,-7.065434215358657e-05,9.445691194787109e-05,0.00011732506507431385
2018-02-02,-0.01526986090529805,-0.002667115565997436,-0.008304959313678828,-0.003298696379697397,-0.006070135352308996,0.0006762316931165913,-0.004210921890517971,-0.012420681804090639
2018-02-05,-0.02850494141991424,0.0011740336983221188,-0.00676084645748567,-0.000806857843775566,-0.0061284266251740846,-0.0019295646287869062,0.007327709151843997,-0.038708439317916586
2018-02-06,-0.003988887102986638,0.0023740538887140113,-0.003928431597892823,-0.0022012837258585053,-0.009710122067911057,-0.0011856654127244681,0.003929536440725467,0.0166276467641717
2018-02-07,0.0012758108398964517,-0.0013853179140899342,-0.011579001405009804,0.000697532934140965,-0.0008233000595352593,0.0005316321165977911,4.4696558269663456e-05,-0.00251846285780879
2018-02-08,-0.023789477260571255,-0.002030040295427882,-0.001616429329303304,-0.0034631679467833857,-0.004445356065396,-0.0015374651623409896,0.00607781179521516,-0.0372348448716441
2018-02-09,0.001144093740283769,0.0008260056274904446,-0.0157004717276358,-0.005027312266882933,-0.007815910107534891,-0.003677242284442772,-0.0011799588160524843,0.01557893083838
2018-02-12,0.010960646632280668,-0.0004043836685030613,0.008023561738882612,0.001811591788318112,0.0032949701612372314,0.0012201376050083867,0.0017098018673544768,0.013687979618816714
2018-02-13,0.0008216297049208119,-6.424896376158195e-05,0.005354464807197678,-0.002248747892022252,0.002742263884510428,-0.0004341823080977747,-0.0029889724268127305,0.0028424110007840616
2018-02-14,0.01060194139233881,-0.0009972939862157527,0.013869284416337923,-0.0009830783969425828,0.004873894817992734,0.003041576874542762,-0.004219570667068018,0.013938035992126152
2018-02-15,0.01015416338152073,-0.00011642118215917673,0.0027488984563477144,0.0031721737881386988,0.005876834335409249,0.0012506146470785406,-0.009421487258623018,0.012149666200135223
2018-02-16,0.0027593609093641055,0.0019968239016676433,-0.0003938550011167943,0.002430667770361805,0.0003387418614450538,-0.000592539270545922,-0.0033814680986059553,-0.004803589637526829
2018-02-20,-0.0022009278883066367,-0.0010849073354083584,-0.0021615310884404385,0.0004972433035739019,-0.0017046716821794558,0.0002523091078653339,0.007428463830021492,-0.002579836985830775
2018-02-21,-0.0007471171685819125,-8.774622394405206e-05,0.003062242000543702,-0.0009216161485569254,0.0037110005933864115,-4.2026780136428243e-05,0.005041863209740871,-0.002981685550077518
2018-02-22,-0.00128630498068818,0.0005799043226661691,0.0044416107778781685,-0.0007572602308491219,-0.002435011314080771,-0.00019125554524634936,0.0042559147241103545,0.0016702654756985734
2018-02-23,0.01102929212438084,0.0019306214807395027,0.00026371124465904814,0.000408023802183721,0.004678205231021152,0.0005888436007619458,-0.003908334724930462,0.010312288617953169
2018-02-26,0.008653245229300421,0.001088336171852977,0.003999256750789137,0.0020906210964299673,0.001953263743103428,0.0014980181008990012,0.0020404208886954933,0.004207723434999288
2018-02-27,-0.006912437580691511,-0.0010156956570709587,-0.005059027048351728,-0.000805728471504197,-0.0026034741060509074,-0.0004127602515342499,-0.0010922614628702254,-0.00560396879594729
2018-02-28,-0.009999920689075981,0.0011420986198862114,-0.005092698485719716,0.0006595501701917914,-0.004674293778026033,-0.0005808875567474558,0.0058526638842191225,-0.0050135802497971674
2018-03-01,-0.010574552544668681,0.0019936236470414533,0.0006889919253580732,-0.0008151527685280826,-0.0009784005907041466,-0.0012733514447764716,0.0022325599448012046,-0.009124192415098454
2018-03-02,-0.003971109116897043,-0.0012492481342279095,-0.0006389957005939142,-0.002925526676097379,-0.0033894366103559784,0.0027020806194617553,-0.004650683104943876,0.0051968850296444154
2018-03-05,0.006300893850212241,0.0005466867742031975,0.006368199998588264,0.0007540381391599513,-0.001477716252833239,0.0006395407199204506,-0.002951183241691524,0.007803105607706784
2018-03-06,0.0052027980823989625,-0.0009914113339806409,0.003421782004590734,0.001282801245318965,0.005312173436260647,-0.0002675511385737961,0.0006145090683584709,0.002280863418181211
2018-03-07,-0.0010497877175165372,0.00082280602035365,-0.010911772072823922,-0.0008395326989326881,-0.0018083095400393584,-0.00011896132204924914,-0.005519496118166489,0.0003214658928687217
2018-03-08,0.0062061304291569416,0.0012952987788572344,-0.005113358180425376,0.0005787460388819496,0.001763741761528063,-6.922338797488159e-05,0.0011477256838696714,0.00292194538014765
2018-03-09,0.011140391301800423,-0.000902337629736705,0.004173982955006683,-2.6840474943079718e-05,0.0033833562438070116,-0.000502672623723055,0.006268736671846353,0.005674134991669555
2018-03-12,0.0029307764854775483,0.001026926369711556,-0.003200093954135253,0.0006444188485874356,0.00437028718234335,-0.0006442911965736098,-0.0006322035004330262,0.0003557787410810362
2018-03-13,-0.004929773145843886,0.0005806090172979281,0.00238859640577036,-0.00019393422368221301,0.00027161554624923,-0.00032295773709156705,-0.0029277763451569516,-0.0005177843602990564
2018-03-14,-0.004263893969103783,0.0012954544231127184,-0.00232214517670617,-0.00036977978922516665,-0.0011987667697941204,0.000171250959902558,-0.0016940366693617426,-0.0007121702639275809
2018-03-15,0.0003567179908914084,0.000533491251815543,-0.004083322119377031,-0.0008591310128617471,-0.0008785094672150017,0.0002070153404987174,-0.00016214718044438303,0.0014571160505782775
2018-03-16,0.0010955438078425804,5.2808366093315195e-05,0.000517674798420775,-0.00016386226740330322,-0.0009631662232300648,-0.0004275288567902047,0.0045879143670812805,-0.0006415489336082605
2018-03-19,-0.011535437459727538,0.00047863484586450043,-0.009528672705197772,-0.0008374346533940538,-0.0032611732979737668,-8.298241888282654e-05,0.001306885867959906,-0.008503802891329815
2018-03-20,0.0019843095696887355,-0.0004591231091210182,0.0022899179067372485,-0.0012232051025214076,0.001144369410430146,0.0002038011523508576,-0.0029648351873855505,0.0011423142958137732
2018-03-21,-0.001277520032615265,-0.0010962401306774286,0.007904257635381839,-0.0003698418765322067,-8.761815797770565e-05,0.00031662384488695405,0.005067308532473502,-0.000493113417753255
2018-03-22,-0.01773716568700744,0.003476177642730793,-0.00353315311332868,-3.7145601603938674e-05,-0.0033316669439380758,0.00012128108862374809,-0.007809112455411937,-0.021098853012705854
2018-03-23,-0.019289037822292732,0.0005143102641029904,0.003867415805255858,-0.001135541441078847,-0.007562899861194283,-0.0007417453134885843,0.00021907202495241584,-0.016294091698521463
2018-03-26,0.0139432250924716,-0.0003767271524777074,-0.002081350627992296,6.782667448146127e-06,0.002917345276983888,0.0009171192313977006,-0.0019167971712884535,0.021952165282754132
2018-03-27,-0.004140355424570907,0.0015511020807763673,4.171122092545529e-05,0.001597331480728503,0.0017785451169668191,-0.0003450767762080975,-0.0045266491577077295,-0.015389255858946117
2018-03-28,-0.003435901771075545,0.0008563848312663877,-0.005697703685686217,-0.0003088202424983313,-0.006299847937769265,-0.0005279337500858627,0.0034618281603611134,-0.001981275934159299
2018-03-29,0.009438586755192723,0.0012774228839736,0.008165824128251852,0.0010796048163834835,0.0027541399138528077,0.00030375584608033357,0.008708679201838487,0.011794257794604645
2018-04-02,-0.012725251812552341,0.00021565331452456623,-0.007191786733085503,-0.00040680494347366007,-0.0004182219091713904,-0.00010456521434432098,-0.0007732010022538649,-0.021608965023568894
2018-04-03,0.004780867467921513,-0.0007826275641559135,0.0020027135871065857,-0.0007019705593943495,0.00012306472423770528,0.00207841574107015,0.00042720670280327333,0.01317280821365131
2018-04-04,0.003793177064191255,0.0004517179419103565,-0.004464768211593684,8.71628605581096e-05,-0.004073734648665698,0.0004998270052665177,0.0008503572758860045,0.010989529282793741
2018-04-05,0.011274196852644424,-0.0019439427678603518,0.006372945865356983,0.001420238012051611,0.0034289219545685385,-0.0006154017987256566,-0.00031143907746766786,0.006642894185285864
2018-04-06,-0.012732878060125786,0.0011655326436774802,-0.0027467343107680955,0.001219106166785011,-0.0008682920948381378,-0.00030524080104110674,0.003289794466436291,-0.02044078263726522
2018-04-09,0.0030148202654389886,-0.00011716374335645232,0.012447153973060853,0.0008121354852681614,-0.0002578751069910348,0.00041221131103508224,-0.001767004861173982,0.0032775163354648138
2018-04-10,0.012746173776158064,-0.000926044641486923,0.008919122081200614,0.0016296060664158338,0.003051934931857932,0.0007014129267077784,-0.003587828145197758,0.01575319867015913
2018-04-11,-0.0040665625418039196,0.0009304647411292441,0.005029526105406979,0.00077066954197581,0.00013739805226232723,0.0015859648121068215,-0.0023774598155881232,-0.004945611831975827
2018-04-12,0.004953642371247524,-0.0011637145488019199,-0.0017511704481395387,0.0005179451637527086,0.00028714246289216085,0.0013622055472872763,-0.0009891598677875812,0.008479362376883303
2018-04-13,-0.0013708922870040332,-3.2807208636300957e-06,0.0020152616004531884,0.0012140850810129608,-0.0020677304922081976,0.0008642363977655609,0.0026370812417739753,-0.0025014525255186884
2018-04-16,0.0031839564915341454,-0.00037113833198475525,-0.0026401893661429534,0.0011071729165685992,-0.0022180080305567065,-0.0005144649492399012,0.000588613970767593,0.008273473705805234
2018-04-17,0.007088308424214607,0.0008219837588041676,-0.00022459820549102253,0.0013530784471291854,0.0002956161009980897,0.0008913501536107482,-0.004102173649085605,0.009907251129897664
2018-04-18,0.004178985089634779,-0.000731528264873538,0.01616419498853917,-0.0008492617822609574,0.0031063856080257597,0.001403297161970074,0.0010251335167321685,0.0010275267262884855
2018-04-19,-0.001992499659672287,-0.0026717948901291313,-0.005395528717678777,-0.003334020670943894,0.0014062246887212874,0.0005867732786885016,0.001440597809468036,-0.005839775550253601
2018-04-20,-0.00532258461716294,-0.0012063785718816502,-0.001360490496829281,-0.0010980878150862352,-0.005277619266403714,-0.0004250217674597323,0.0033607089053209194,-0.0007209491488513356
2018-04-23,0.0003521179830143881,-0.001094183796454862,-0.00721071141800943,-0.0012172819530642423,-0.0034926570584781105,0.0006673122541462906,0.005797528658545659,0.000620514212363654
2018-04-24,-0.005978382314528174,2.7797069583012954e-05,-0.0012983370781275319,-0.0016620772513428086,-0.0012216569591810725,-0.0018369759129691632,0.006053389085630467,-0.008598402728011923
2018-04-25,-0.0019435626989341317,-0.0009827769302217407,0.0018613284266400074,-0.002416191353851949,-0.005113914971357407,1.718303825348766e-05,-0.0017238503490761836,0.0016608772530231184
2018-04-26,0.007804192928291498,0.0015533116807935452,0.0016874403968356708,0.0016322558602564039,0.0011999419565902445,0.0003790413489026534,0.005132091695249974,0.007058536707948993
2018-04-27,0.002926808518048951,0.001494655484704854,-0.0002134186863023027,0.0009122761654714148,0.0034488310142036533,0.00028994661075065764,0.0033899397427847866,0.0017216489366513985
2018-04-30,-0.0024040147673965897,0.0005127088574386038,0.0024339198909722024,0.00038462568065834564,0.002367782510885811,0.0009970947063173696,1.1472064885609257e-05,-0.004149086866224161
2018-05-01,0.0014444597318283956,-2.0959894728267672e-05,-0.0025404519567772013,-0.0014625460008287241,-0.0014706432623374309,-0.0012953953398220364,0.002807711452804229,0.0018835318043180058
2018-05-02,-0.0031174607387490674,-0.0005228132234653573,0.0014040528320444887,0.00046616911509179655,-0.004184603734479438,0.0007080762094835436,0.007141632812035281,-0.0043804211467102115
2018-05-03,-0.003826025602873473,0.0015835088372227022,0.0019656239969201403,-0.0005170857481744287,-0.004802286604479,-0.0006351393555343865,0.0024321485324190206,-0.0011872990361003646
2018-05-04,0.007659149889313055,-0.0006249373833730923,0.003526649287940453,-1.01959167174728e-06,-0.0008181710679313506,-0.00020884170423363102,-0.0038242198079966316,0.009587617930679759
2018-05-07,0.003856831757701251,0.00012700487373075138,-0.0017715346465093543,0.0006989608350773777,0.0008885266262169786,0.0010087748773336402,0.002120310373660228,0.0015742341515079358
2018-05-08,0.0009966389795150851,-0.0014663295579897431,-0.002683032008765285,-0.00033958862020365714,-0.00039301654531526884,-0.0005809063841210049,0.0004650505843042385,0.0013178325521277065
2018-05-09,0.006228147684435703,-0.000666717030413311,0.005754115852911757,-0.0001682216694572805,-0.0006095317758460952,0.0014419651011493562,0.004024273975450798,0.004932927369778029
2018-05-10,0.0066947972152282655,0.00040790489009513405,0.00501199952804644,0.001136557202870103,0.005619153150872998,-0.0002939953355780567,0.0018454057470782548,0.0022852004815370306
2018-05-11,0.0027605421115155624,0.0001438147624661765,-0.005715405096221693,0.0005110864265980395,0.002949865685328412,-0.00039999158547587843,-0.004712210412743056,0.0006850544559136138
2018-05-14,0.0020137402474660446,-0.0015447635743261914,0.0037614791376410326,0.00016329750845091003,0.0011627575208996818,-0.0005842462832463813,-0.002183983592422889,0.0003636643139770632
2018-05-15,-0.005032602098090744,-0.002524870841931082,-0.0027388310383498096,-0.002436069511015482,-0.006957946776520274,0.0016792510415664097,0.002142712697573268,-0.0006733963207037233
2018-05-16,0.0022397351425154197,-0.0008007429045190253,0.0006325628945955783,-0.00041583182356196317,0.0016017674572600873,-7.739356784330909e-07,0.007417710621404838,0.0009038800469667427
2018-05-17,0.0004776607207917058,-0.0010312262476036452,0.0013814183097913377,-0.0005780304558221541,-0.0036932681802900216,-0.0009307478341226139,-0.001005897241076914,0.00018700690993923548
2018-05-18,-0.0017924544553533542,0.0011892317533297556,0.0011571018734744085,0.00019429425672213814,-0.0022329710452610157,-0.0011130308817157708,0.0027398354235406153,-0.0005875570190900683
2018-05-21,0.00479121935095318,-0.00052841677730352,0.006276693517923049,0.0002633176673296875,-0.0004698281469372903,0.0008749558937370949,0.0016583104994987163,0.0035592236366368654
2018-05-22,-0.0014040536178819732,0.00031036427741849533,0.004872915643517895,5.888377158870226e-05,0.0024264116564125635,-0.0004354516866543756,-0.00176864532982135,-0.0007616702165423764
2018-05-23,-0.002541332624608195,0.002045350834852588,0.0016749327422496238,1.9375019741263186e-05,-0.0018526134091694498,-0.0008746659332046214,-0.0002013423111837387,0.0017369177871322636
2018-05-24,-0.0031604688522087645,0.001511970699731979,-0.0006843131485308909,0.0006105443800785812,0.001340577273242597,-0.0010013564085893378,0.002816433695987275,-0.00016518454199286907
2018-05-25,-0.0014292305852564471,0.0012901254398873904,-0.006487605000033414,0.00014940301681188846,0.0011709968013011087,-0.0021096399954381173,-0.0014279552350237035,-0.0012290744267309142
2018-05-29,-0.01089569561845648,0.0013113971623843865,-0.006927069692100762,0.00030025718039007306,-0.002388296833958348,-0.0031574678370964726,0.005927116222066209,-0.006822278984021535
2018-05-30,0.004845963402218001,-0.0014671330237904126,0.004900908056350251,-0.0007889465767499828,-0.004744859963084628,0.0018805306734217542,0.003591184361738664,0.007951788230282874
2018-05-31,-0.003142099311012159,0.0016121121215977416,-6.622681129985233e-05,0.0009889430181955314,0.0016873108291829528,0.0013484724565151485,-0.007062897553298808,-0.0028832592645783198
2018-06-01,0.008548759444434461,-0.0013368331562416571,-0.0029209017621151137,-0.00031539429421455515,0.0017131358929068656,0.00098642628431167,-0.0008626966429071681,0.005168671114145662
2018-06-04,0.006249942434757527,0.00016974520247493548,-0.011216453971911056,0.0005678456541624685,0.005128848921013962,0.001613460149264112,0.002298643603827477,0.0019257374036458883
2018-06-05,-0.0003901245781838705,-5.985899605630587e-05,0.002955268956958534,0.0008291366898027894,-0.0005042702441764563,-0.00011173495968730407,-0.0013326142680076813,0.000444245117595454
2018-06-06,0.005913422317876516,-0.004352167739102397,0.0007585894843962324,-0.0007787445450376687,0.0009005542934636324,0.001095227778223129,-0.0018720333013398927,0.0013173345760237984
2018-06-07,0.00039669235826679224,-0.0003317091452473722,0.0031052108440219437,0.0012363066855838431,-0.00010843750660592979,-0.0003822589308122293,-0.0023755629772754805,-0.00020158743373032166
2018-06-08,-0.0007786273834142657,5.2486795136152706e-05,-0.0007925891637407981,-0.0002324063610640195,-0.0044430188364467365,-0.0011611353619538356,-0.0008194734601025822,0.0005543528954299434
2018-06-11,0.002873881681134238,0.0005893734257749303,-0.003564074681694607,0.00037706167704000234,0.0008487957489608805,0.0009061289793018679,0.00018533288428068673,0.00037433784864205873
2018-06-12,0.0013066821501754975,5.900738777598866e-05,0.0027893877536249276,0.0007306182805169145,-0.0003079470451657798,-1.0700042635813922e-05,0.002614653938459055,0.00023155995972513584
2018-06-13,-0.0023552939054359403,0.0006704753736137989,0.0007496864435101888,0.00046364642780876125,-0.0018048554337245434,0.0007571545602890195,0.001596968508015273,-1.0735609871037892e-05
2018-06-14,0.0017651358154576078,0.002605328920222627,-0.008381222713019288,0.001428146492099591,-0.002568300901141011,-0.00047645553862118994,-0.003321623919280592,0.00019513395988850462
2018-06-15,-0.00235875510338619,0.002179723508897435,-0.016990715957761537,0.0004755926345530345,-0.003844547695500237,-7.095656491196145e-05,0.014623734185489567,0.001852155650179643
2018-06-18,-0.0036877400215130198,0.0008508080866785225,-0.0007889739359575157,-0.0003085387068873627,-0.0032175202135179474,0.000450370897253638,-0.0006450875072675499,-0.0005270775320918689
2018-06-19,-0.007093153696619181,0.0013104474120267271,-0.011993097056087044,-0.00046541917693905283,-0.00711486570089066,-9.185057287175447e-05,-0.00195840030762906,-0.0022504256846273664
2018-06-20,0.0032172347168347047,-0.0005575925161696696,0.002284801835972061,-0.0001282256739055357,0.0034412491692856462,-0.00034106020326885034,0.0032192932667245433,0.0013781992039727962
2018-06-21,-0.006721109201248532,-0.0005495554988184773,-0.0041586962088381975,-0.000508439347414136,-0.0032920698144298954,-0.0005132598474721917,0.0012687903423520552,-0.004134566441997012
2018-06-22,0.0036328680151019197,-8.610078445232567e-05,0.010398814610755246,-0.00022945619008758495,0.0033105439079616013,0.0012779871263604026,-0.0026143369138130756,0.0014561313625190307
2018-06-25,-0.014108367234363884,0.0002379264204302342,-0.013070320346844811,-0.0007673649371846117,-0.005102237303517214,-0.0007483006207407161,-0.0033321292914760825,-0.009484400130170224
2018-06-26,0.0012660391428729765,-0.0010365002035070516,0.0041009038819983966,-0.0007313119837697005,-0.0012546419082780204,0.0008574047238565363,-0.0020922733479061817,0.0020287069686669044
2018-06-27,-0.004749889167177179,0.001760142416403587,0.007069009507590529,-0.00012798450710844761,-0.004650467963448213,-0.00017101408876674107,0.004061711949030489,-0.007114567720894649
2018-06-28,0.0018698653850704348,1.95027048222493e-05,-0.00406618394275966,-0.0024466592744068595,-0.002066895057786115,-0.0002893133068871956,0.005892687472412339,0.005251851499967586
2018-06-29,0.004462199553070745,0.001097557778573499,0.007115022066210885,0.0004561617021683781,0.00736995232648967,0.00020393647125116487,0.0008424687250037088,0.0016758351681767534
2018-07-02,-0.002333981855338019,0.000607960194914314,-0.01913258238740163,-0.0016866327714068598,-0.003526571097045195,0.001836812232646201,-0.0069454294497652835,0.0023118327563079076
2018-07-03,-0.001565592193964749,0.00044602033058498386,0.0022472720980207138,0.0013145630682951824,0.00036955266531617486,-0.0003144979774321044,0.0032855740760768803,-0.0034158684450894096
2018-07-05,0.004782134303817065,-0.0003038701386625767,-0.004564436421880269,0.0009075447899658415,0.00015432161643388683,0.0007582873600308071,-0.0033453645442970137,0.007085081355203293
2018-07-06,0.006706733724898317,0.0002464196341692035,0.007896288696019925,0.0011060928276501068,0.002646225281466563,-4.0931457368387214e-05,-0.0013729029199189835,0.006340764381778152
2018-07-09,0.008938219588821504,-0.0001690579861900024,-0.0008325734524647468,0.001474198106884472,0.006251331093920258,0.0003977035391099504,-0.004082434838256321,0.005069201841486892
2018-07-10,0.0029219832809706412,-0.00046719387170353094,-0.00427352355959727,0.001068959464509067,0.00018331830954199812,-0.0004475301355790773,0.0010816040854075837,0.0011710992667049334
2018-07-11,-0.008516135817151117,0.00046349731634580643,-0.02705563917155047,-0.00019386664210880894,-0.003731841578221699,-0.0006832850014433234,0.0018084750876163902,-0.0023629234590315075
2018-07-12,0.007919728373133416,0.00021999467917348497,0.006743476860272812,0.0009088314681056528,0.001986562419641539,-0.0006382190106563046,0.005790888577214881,0.00318359379059312
2018-07-13,0.002361978557047717,0.0011015084278878538,-0.0021562524361617543,0.0010032930666055593,0.0024681287989974264,0.0004278821332153182,0.0019334598813200987,0.0006097356441905785
2018-07-16,-0.0020325880424552746,-0.0010283706175797215,-0.0117040560113731,-0.00026922512135847427,-0.001745835484257656,-0.0007894293331617286,-0.0014731245077754807,0.000489273214511465
2018-07-17,0.003128027034998748,0.0011157593904012495,-0.000253638186236316,-4.3712464930801e-05,-0.00013117226583347195,-0.0007184388387235785,-0.0017638899721675871,0.0005463029516055592
2018-07-18,0.002720417555236487,-0.0002331763239697529,0.00354936979021363,0.00016053175404167036,-0.000449301936718505,-0.0008609431978742199,0.005576016760790337,0.0001967988473732693
2018-07-19,-0.002726429973161593,0.0004403808049547206,-0.0006698541940791228,0.00035086258054066704,-0.002408576514381933,-0.0005890732624473927,-6.797976214345525e-05,3.5237354373984504e-05
2018-07-20,-0.00014402389527241627,-0.0019017034658647793,0.007405848491485667,-0.0008864854724166096,0.0029545153616151805,0.0004489435249482865,0.00026919693528282274,-0.0009387848408110691
2018-07-23,-0.00026504741720085906,-0.002769844156634238,-0.0004670645188967318,-0.0006097293838773335,-0.000545210960682193,-0.0003968689590407859,-0.008757209831846247,0.0014167902705631173
2018-07-24,0.005254389107052271,0.00020781313606592605,0.005204544808630018,0.0012795464839308488,0.0035515431711957775,-0.0005603450446862723,0.004049201543616654,0.0017528994330027635
2018-07-25,0.005158980779270505,0.0008596059784245377,0.010150834459519186,0.00047316557757341976,0.003261037331061652,0.0011373304368358372,-0.0009327038952391398,0.002560089571894286
2018-07-26,0.00013388617951908238,-0.0013243938104121169,0.0002518813254690941,0.0004993640175261935,0.0006252504645531654,-0.0002060197494196947,-0.0044103829774662096,-0.0006183033709306732
2018-07-27,-0.0021863399697596543,-0.00030273969550260766,-0.0013649177442620177,0.0006776443648693228,0.0012017364276856249,-0.0002586252088461194,0.006551057503027868,-0.0018214892264501572
2018-07-30,-0.004400732613841396,-0.0017525696063248166,0.006485695833609517,0.00010415558921810202,-0.0009301105877104127,0.0008374425954246201,-0.0012287310566976295,-0.0021673296774578745
2018-07-31,0.002623107395376456,0.0016228466517758553,0.000123216181873875,0.0009985157690615585,-0.000991958386392463,-0.00022687758158501659,-0.002716908645963856,0.0026947982475489683
2018-08-01,-0.0012260587248275725,-0.0038154296178342763,-0.013439241195380381,-0.000474549283042425,-0.0011496442358882517,-0.00011800662768368664,0.002534544090889046,-0.0003181239484784773
2018-08-02,-0.0013982273482055609,-4.370568686473957e-06,0.003067268349177965,0.0002825334720045089,-0.006491091311138149,-0.00016993328700820598,0.0008087148607731631,0.0023295604048858996
2018-08-03,0.003616543586531229,0.0017316081518253144,0.0045969799478329685,0.0013777141709583772,0.0024564942824639798,-0.00027037110491767713,0.005484318422466883,0.0017644206893019819
2018-08-06,0.0016398889066165266,0.0013093428046651477,0.002009918979953662,0.0011178136950032334,-0.0007551916448254336,-0.00040906577613086803,0.0001559300298092925,0.0011510096679688163
2018-08-07,0.0039517456555929085,-0.0008538392706703538,0.004897497450378418,0.00035055009797306774,0.0022913101900209417,0.0010368163173630762,0.0010530826513033276,0.0006331688047192416
2018-08-08,-5.404489825906495e-05,0.0001760597236704517,-0.004183209768779905,-0.00013874581475243925,-0.00057168149567739,-0.0006428043306349052,-0.0020691177746114953,0.00017861555144920132
2018-08-09,-0.0001280266220913931,0.0008892166577223912,-0.002808449024843962,0.0002561508895744688,-0.0009042861747841749,-0.0004224829652348383,-0.0006234011916660398,-0.00018253071695457674
2018-08-10,-0.008485367027616554,0.002208345469220374,-0.007778283931996377,-0.0001538243957224908,-0.006454932357794367,-0.0005788393740793207,0.005600696856375098,-0.0016321681210018204
2018-08-13,-0.006119685690312138,-0.0007666591282741833,-0.008102386562097231,-0.0006832720368584291,-0.008590991918210401,0.0004480487691512769,0.006964721391321982,-0.0005650477735606566
2018-08-14,0.004371236191807393,-0.0002872179112159537,0.002733029524711705,-4.916065545708143e-05,0.0009400796305726024,-0.000548914356942154,-0.00026441073091976186,0.002324381663945818
2018-08-15,-0.009282507775984118,0.0008077470629266778,-0.019141685694864585,-0.00012609543783976857,-0.0060521710898753175,-0.0007311192100061259,0.004057735539850338,-0.0010179303122273666
2018-08-16,0.00513783255870508,-0.00031623377855900553,0.01022361237339746,0.0003819440136683558,0.0003105144327457007,0.0005379982043003384,-0.0002468810389639753,0.0016240277694819392
2018-08-17,0.0026492720902218546,0.00023700267243680323,0.004004922334014882,0.0002976406973481002,0.0003359444064513196,-0.00043941452636397926,-0.0005332292436351915,0.0012449607769378533
2018-08-20,0.003479348951525063,0.001843518603869043,-0.000122782274143374,0.0014293274151282896,0.00392852607138147,-0.00017849299528371887,-0.005139036550372733,0.0013049637012934488
2018-08-21,0.001961175951771965,-0.0002433882626397657,0.0013526508132968738,0.00017899495208655275,0.0037046902746332784,0.00048467367917104376,-0.0042018865312100084,0.0005630211026510953
2018-08-22,0.0012507449030805693,-0.0004856755117995218,0.001753469048798184,0.0006002265982474772,0.0024496793231643553,0.0002991616375185302,-0.004778955618059744,0.0004033992084036428
2018-08-23,-0.0014711332609798735,-0.00014989116119230623,-0.005782632161169099,0.00010376373205871453,-0.0009746367001662429,0.0008436335564294684,0.0004509265947323371,-0.000464363488038311
2018-08-24,0.0042894216466676125,-0.00035188531110559335,0.006969443548857246,0.00011708152386007392,0.0004277283639658807,0.0001423232555552989,0.0055992606640029585,0.0019336682846087692
2018-08-27,0.008358163689921082,-0.0001446539377930159,0.0009366525896219888,0.0002965673711825986,0.006031526596027392,0.0010240968198953482,-0.006611287985827219,0.0021858727449815428
2018-08-28,0.0007779958832079711,-0.0017569526441672647,-0.0047788215876591435,-0.00042519286148963193,0.00034325388515226124,-0.00022234751457117508,-0.0023239326578426978,-7.77762762278506e-06
2018-08-29,0.003958896964672043,-0.00047441047280223387,0.005492948041518275,-0.0001105520508880134,-0.0004218258311537551,0.0001745790875424813,-2.7668282219894813e-05,0.000881883316423959
2018-08-30,-0.004678083402057065,0.0006438980745242959,-0.002489997666409627,-1.4790367545547693e-05,-0.00486584551081118,-0.0005146071844592814,-0.0013027809899300857,-0.001172501307636531
2018-08-31,-0.002561641296888917,0.0004638441085969444,0.0014190459958743238,-0.0003657238714537939,-0.0011033706453847866,-0.001344893457246532,0.0016556281151922647,0.0003655270982032996
2018-09-04,-0.0037337854010760065,-0.00022971762419472547,-0.0071132621009808,-0.0010676858256266188,-0.006404962379213501,-9.277429177800833e-05,0.004482430641286728,0.00039088640294919735
2018-09-05,-0.0070110089795741405,-0.0002718052544145702,-0.005195785190844915,-0.0008811652575182019,-0.00563113263549319,-0.00036759781724238216,0.002880176867823492,-0.00039101570368811373
2018-09-06,-0.004276809404621673,0.0012139211324473818,-0.0032537468297536122,0.0005117252415703263,-0.00024301980725726488,-0.0012879992951395636,-0.0028061021056752233,-0.000856179221470921
2018-09-07,-0.0018804044852267056,-0.001548217638509053,0.0018622055947230985,-0.0011858759906225426,0.0012815284624877166,0.0013204565858484507,-0.00115842835574953,-0.00016631315090804872
2018-09-10,0.000909480786443195,0.0004954721207619969,0.00430530990127802,0.0009377632658642995,-0.004322721239848145,-0.00040416885796035196,0.003963301194959579,0.0015574468202575352
2018-09-11,0.0018536720467870358,-0.0012835511023542969,0.0005206252727246061,-9.236797318408236e-05,-0.003144607319908799,0.0010762191498062679,-0.0016784549104835733,0.0012177312632318136
2018-09-12,0.0006983873110136149,0.0005458428045166827,0.005920438463795241,0.0011143634983961535,0.001069809831080596,0.00019335576470269622,0.00032923357238878737,0.0001909382723964012
2018-09-13,0.004724346487577513,-0.0003369379769576189,-0.009008127426298708,0.000979591478487185,0.005501801157248935,-0.0015627765038906949,-0.003464655507859793,0.0007619179537406315
2018-09-14,0.0030426789797875385,-0.0011672401737166773,-0.003188166462161646,-6.518188558852806e-05,0.003840838568438798,0.00030953025299018666,-0.0020790045339073027,0.0001091276916822978
2018-09-17,-0.004400053727380904,0.0003091294683475351,-0.0037752367157307233,0.0004047994222873716,-0.0038296547432687513,-0.0002459493418577319,0.003792190171373999,-0.00034422391469930453
2018-09-18,0.005001590351286822,-0.0010031911078538071,0.007239012853860016,-0.00043471677153335026,0.0005229897066039968,0.0010603715862075314,-0.003211348885150178,0.0005931470080207554
2018-09-19,0.003390019419496948,-0.0014118434188794106,0.007556894104492606,-0.0005425876454721704,0.003917958615402532,0.0006894219029687232,-0.0006161564581473877,5.810176312341902e-05
2018-09-20,0.00621276507224926,-6.373095328400275e-05,0.006212014663776122,0.00045324712787446735,0.0027739540364207856,0.00018937835163335137,6.902955779408693e-05,0.00010898951597786393
2018-09-21,0.0032327948126569693,0.0006568080493199344,0.006185648968760882,0.0003334884869945928,0.00544637914298008,0.00021846894513588566,-0.0057533584464062315,-0.0013161636542474266
2018-09-24,-0.004068521803598024,-0.0016402374286541123,0.00541846726197952,-0.0004787085964014895,-0.002699509841858472,0.00013361707779702137,0.002842923444054568,-0.0013431752632290907
2018-09-25,0.0009996573155007125,-0.0008677769422048123,0.0027236474955123933,-0.0006469271568808169,-0.0004555127889227816,1.70676823690874e-05,0.0007662482828125761,-0.0006457378444886922
2018-09-26,-0.0007547315175461592,0.0013758575010679116,-0.004582099518507555,0.0009307597083202054,0.002301271419433781,-0.0008527607865769227,-0.0004293428466706217,-0.001569836887750176
2018-09-27,0.001689273753601694,0.00016460442113949117,0.0006369423012254291,0.0003863463410090581,0.0026733514849523314,-2.5675088507481902e-05,0.00048707444628681706,0.001991672242182962
2018-09-28,-0.0014696263269886936,-0.0002341735802113057,0.0052549686577393,0.0005838821077387088,-0.001225533276106413,-0.000879535327656944,0.007813012097939609,0.000227056956258653
2018-10-01,0.002166598506936645,-0.0013350974611614833,0.013740646149312663,0.0010135304666139763,-0.0007183077431287139,-0.00020597331469707214,0.0016775482404272068,0.002532467698074325
2018-10-02,-0.002634822184614561,0.000644722512449147,0.009064682181819961,0.0006388790332675029,-0.004154897742291679,-0.00014686530115892715,0.0015571645224023989,-5.367426571371046e-05
2018-10-03,0.0006878972457296736,-0.0017423453334834197,0.0060186317108882,-0.0016082543828745191,-3.6294363533210935e-05,0.0013283181886987183,0.00158566343212585,0.0005008258473225499
2018-10-04,-0.00894504408838529,-0.002859220216918235,-0.010139483255216108,-0.0036467868861523095,-0.009763135047153459,-0.000876522693555315,0.006854263695684537,-0.005930995215071267
2018-10-05,-0.006710027440958089,-0.0016772467673039973,0.0012344002552163388,-0.0018460997784053637,-0.0038421408413768293,-0.00012453906232412493,-0.003172137195703306,-0.003669115928052669
2018-10-09,-0.00586055825106705,3.851924591121682e-05,0.0040241579960647806,-0.0013561174107003307,-0.0023815353657025847,0.00029563934635468136,-0.0005341188328821245,-0.0010177574805364856
2018-10-10,-0.02308292549647787,-0.00036732142901755335,-0.009734729117208884,-0.002712255367756578,-0.0031121895529162896,-0.0008471136938896784,-0.0016334396161672426,-0.031275907403210214
2018-10-11,-0.022585746869182056,0.0019429556855866334,-0.005409843076836485,0.0007527182615077674,-0.010225583500794125,-0.0027810937297938487,-0.0022882896321391177,-0.021584974387181467
2018-10-12,0.010451089334553154,-9.741265371679995e-05,0.0035948122425511703,0.0008958771493377757,0.009146050129909586,-7.091349757315513e-05,-0.0035510522815116463,0.013456505124838392
2018-10-15,-0.005464426925967525,0.00028919453568984036,0.010429338264013566,0.00011560634444481823,-0.002802313823676384,0.0006435760013772107,0.0031119830138210958,-0.005299455966618217
2018-10-16,0.016696610425289547,0.0008779242663946249,-0.0011721033983835064,0.0010859749781864877,0.004967748868144701,-0.00029726758942105747,-0.0030020765626175283,0.021456811976398114
2018-10-17,0.0001580167218571901,0.00010092443399453112,-0.003747722188492986,-0.0003865882628274811,-0.0004888861280659651,8.355171080554058e-06,0.000767109088359863,-0.0004205682509635159
2018-10-18,-0.01065430865712983,-0.0005729820908523589,-0.011035251047163108,-0.0016041273230713918,-0.005068260805226817,-0.0016413693926012884,0.005599107684261639,-0.014128747701482347
2018-10-19,-0.000622153972086015,-0.00018115033570401703,0.0022978363671678154,-0.0011682123599725872,-0.00042270997581431743,0.00014678749695318238,0.0023938097265066016,-0.0013430336202600371
2018-10-22,-0.0018005709585974586,0.0008287029709231561,-0.0018547837134797243,0.00012015410323414878,0.0037874539130834787,-0.0008027682569373695,-0.0021465832921262473,-0.0011843536352057818
2018-10-23,-0.010877410112109553,0.0012087083388966021,-0.00742325837084249,-0.0022079565433397513,-0.008013321731325107,-0.0013662929629738585,0.003624313224045883,-0.0043834492882276815
2018-10-24,-0.019667342896879804,0.0015010451722564319,-0.004144875538023818,0.0006094872552602989,-0.002432454114635067,-0.0010628610828293805,-0.0009826958224611326,-0.025170517755962497
2018-10-25,0.00837338886064195,0.0011497851344440476,-0.002018767318094617,-0.001562741260509182,-0.001738186259212882,-0.0016878497753716193,0.0037635739644421573,0.01565510211108275
2018-10-26,-0.012471559851672509,0.0025027306363459506,0.004371393200976869,-0.0013733761217349708,-0.003102840460010078,0.001233207046811069,0.0022415843495795507,-0.015172021107461886
2018-10-29,-0.002588055957730962,0.0005214442536164096,-0.006955760298556635,-8.647554601426728e-06,-0.0019898428124933295,-0.00013642537339242367,-0.001704282202148355,-0.004378886049083797
2018-10-30,0.010807568661082312,-0.0014411876311797636,-0.009673857865399016,-0.0018454159886979518,-0.00017133129562337104,-0.0007020414406251341,0.0027096429050614823,0.013741919386835189
2018-10-31,0.013625538346136635,-0.0011395948080677235,-0.0047164753536461995,0.0006186690652199786,0.006379883331905833,9.098156442299832e-05,0.0033458320562125277,0.009576660915724478
2018-11-01,0.007815522645961604,0.00013685417535732572,0.004715466622571129,0.0005611185608112798,0.005758029599403158,-0.0029571569670924225,0.0009523040075243294,0.00935446239480372
2018-11-02,0.0007166891267965322,-0.0015569077484742014,0.003564041591418065,6.5249971191805e-05,0.008802147360161314,0.001397810684917622,-0.007865091662161094,-0.004590366830082882
2018-11-05,0.0008713794386957182,0.000615728357778422,0.0038367148654748435,0.0008754325572527197,-0.0011429055436536647,0.0007517058088315487,0.0011943607471736062,0.005566537041261276
2018-11-06,0.00404205237747387,-0.0010139377931236762,-0.006313799587321623,0.0007127355664298893,6.102037571039633e-05,0.0007348909101482226,-0.0008471570641805926,0.004465524368310347
2018-11-07,0.01401872571722026,9.243182334935897e-05,0.0006607534498808906,0.002006362520793858,0.0020592991237238264,0.00021848673422664167,-0.0016737775546159517,0.013326925496579179
2018-11-08,-0.0004457043558671384,-0.0010865439474108454,-0.005445991124274386,4.412518110060683e-05,-0.0018581267892048617,4.3046120871359506e-05,0.0001376452217092261,5.23820026473411e-06
2018-11-09,-0.008297755673000761,0.001570369555977302,-0.004554162139365359,-0.002026430586884043,-0.006088183540685666,-0.0016713630404154856,0.004624556540783864,-0.003675604145757106
2018-11-13,-0.01518166910231059,0.001095938958273723,-0.005243575737725526,-0.0030535762331368793,-0.004050288201891495,-0.0012462692949861687,0.009195350155354998,-0.0013190086523611536
2018-11-14,-0.005237502353961399,0.00032000971227671396,0.02764291444333574,-0.002829431125464333,0.0004876381017773617,-0.0013493096363828005,-0.005493288214388881,-0.006737965614073727
2018-11-15,0.006455070588998601,0.0012193926788993334,-0.02214439704982888,-0.003398113146550175,0.0037373360692493857,-0.00010956624933089465,9.416769760250965e-05,0.010182213838424515
2018-11-16,0.0010402402235512806,0.0005091355294753682,0.0127643688852069,-0.0011273545949574196,0.002115079809329386,0.001786076934468639,0.000663978102004581,-0.002254988660922031
2018-11-19,-0.01047521422119061,0.00031846645898622153,0.01103060541653197,-0.0011671614778233977,0.000350615965085717,-0.00175160289691223,-0.006806856926275584,-0.008909890647409468
2018-11-20,-0.015379357311776342,0.0001054006423871431,-0.021699292422202178,-0.0026758913652829347,-0.006730786293676254,-0.0010356953189746276,-0.002279494910657598,-0.012138128291896566
2018-11-21,0.004579636966765299,0.00033970368394017317,0.004494895633402851,0.0018201487639449507,0.0009856116264480978,-0.00012997060279917871,0.006486324688002476,0.0030115233348358634
2018-11-23,-0.0046936920962531775,0.001456476679532048,-0.022538362923379775,-0.000667595457638093,-0.002372023422912092,-0.0017276725313007946,-0.0025490010337226865,-0.004791428890191607
2018-11-26,0.012392325068355381,0.0005626187539298996,-0.00020180316882171287,0.0007038700420208485,0.0020857880061248774,0.00011176673786628122,0.004044055346492215,0.013509646930807884
2018-11-27,0.0019768814870187662,0.0005940778014087097,-0.003934163185596951,-0.0014382107100581523,0.0006066240880251832,-0.0033765991921644867,0.0015201740690349297,0.0018636298217532207
2018-11-28,0.014819157099359959,4.5529842813107584e-05,0.016327166276416248,0.001652476161618199,0.004675744210947004,0.001717641130750236,0.002859940602966571,0.01184727781379732
2018-11-29,0.00018339160265264912,0.0021612072712472114,0.0020307200738630344,0.0004178629361145322,0.0029264137048214986,0.0026010995475793663,-0.005109302226503187,-0.001084241765959593
2018-11-30,0.003697419583326222,0.0004023722078577371,-0.0009270131070045265,1.7364518572448822e-05,-0.0008941705103914938,0.0002497732742516856,-0.0009142431952497976,0.0022487930134585605
2018-12-03,0.012402665610135333,0.0011620595538953335,0.004896578973106657,0.0034732097885040386,0.00900093300285125,-0.0003716761058913942,0.0028243426083758294,0.007471819492940701
2018-12-04,-0.022096326456531624,0.0022313316956295787,0.005335848975803159,-0.0005989075597723551,-0.0007988456629668001,-0.0015862685179794944,-0.00093049826836622,-0.015899604082838116
2018-12-05,-0.0038429783960621028,0.0003518022049774025,-0.0005143243251809818,-0.0005322845565116977,-0.0041333457143043085,7.485902020243351e-05,-0.0006628524766876254,-0.015899604082838116
2018-12-06,-0.010891770181864524,0.001919321921668515,-0.013079341342003425,-0.004018424158089207,-0.008000539203913411,-0.0024360774464204926,0.0013483837649164165,-0.00016430245909485638
2018-12-07,-0.011463893250871859,4.152626205644288e-06,0.014776807923297353,0.0013381409994573598,0.0016480615885090567,-0.0007443905354445057,-0.0017873189295323222,-0.017108646845194343
2018-12-10,-0.005545035616337158,0.0011554926047841693,-0.008986602597625437,-0.0016638826376228824,-0.006645717139857248,-0.0020479728103343087,-0.0008733681067941701,0.003225294382206278
2018-12-11,0.0019415261949487725,-0.0007417684255052518,-0.0013297561674724737,0.0011108514098315478,0.0007207098295504548,-0.002558959917567938,0.0051452268059466455,0.0005626814536062394
2018-12-12,0.00954183867484456,-0.0005979159578424545,-0.005302693799582626,0.0019873712524852366,0.0054189902870177215,7.826524178033978e-05,0.0023943249872804273,0.004900804586154572
2018-12-13,0.000924968829389827,3.1970978461825743e-05,0.003982039336268694,0.0009474104746796882,0.002863161162171967,0.0002641518232286977,-0.0037073356009680314,0.00026196402103425523
2018-12-14,-0.014654555243101363,0.001510500443987783,-0.015157642665893622,-0.0005423346318718439,-0.004533045755902665,-0.0009568555192787098,0.0006806800974923366,-0.017621300815799636
2018-12-17,-0.014311549274059343,0.000724918895424442,-0.012206229245945532,-0.0010295855095450504,-0.001075181336246767,-0.0011109446285650915,0.00376542944738234,-0.020457507989039593
2018-12-18,-0.003984689058407465,0.001267000565292686,-0.007312825641176335,-0.0022838321550692547,-0.0016268217229224598,0.00033183494874733377,-0.003156390968596434,-0.00015662729322133448
2018-12-19,-0.00785553681971396,0.0017311142602299818,0.003441556252637201,-0.0009096907565364635,0.0018876653133295482,-2.0282265360993534e-05,-0.001703794444215867,-0.015212796795037509
2018-12-20,-0.01486985924742612,0.000692722341472218,-0.014382365529564733,-0.008739951137155089,-0.003326834741825491,-0.0038746408237455565,0.00028339977504043823,-0.01625957924582222
2018-12-21,-0.013777990020613307,-0.001598085700904806,-0.0014796218559205436,-0.0016863851190604966,-0.001282466287770142,0.0011824963127917698,-0.005945751372026353,-0.017573360008237282
2018-12-24,-0.01619366240542386,0.001124775083763185,-0.018739046990793096,-0.0016012485175916917,-0.0013760271355809748,-0.00158274116335555,0.005245644254411319,-0.020589898293228437
2018-12-26,0.023326237996984855,-0.00013182337756578768,0.013008056413799873,-0.0014180787754422002,-0.001396362633533229,0.0016730969433792486,-0.0035828060766760483,0.0331154275622777
2018-12-27,0.006595620931680091,0.0012861504634539274,-0.00529241467114161,0.0014333820406781102,0.0016712430167665027,-0.00250669316229013,0.004353843707623373,0.003401355535885053
2018-12-28,0.00393573624318011,0.0002765927029936274,-0.0027410439497395083,0.001973831077922816,0.0038228803560523823,-0.0002367259582432002,-0.0034168027418888247,0.0021414225174557484
2018-12-31,0.005713780960704518,0.0010522421983431003,-0.011196366698848825,0.0014746157745900708,0.0012260845358926422,-0.0016444376531390414,-0.002021318905610636,0.007423843230156879
2019-01-02,-0.0014133728907740344,0.0023014896598855246,0.003553056458444392,0.0007423728822916195,-0.0033410679210492313,-0.0009004001494548053,-0.0030052261098141297,0.004280934712029283
2019-01-03,-0.015503252255085198,0.0014449829860586623,0.006065225494140791,0.001125644582158913,-0.0009747174521500168,-5.576885705216306e-05,0.006317965954330207,-0.012684409721285372
2019-01-04,0.024442930559073095,-0.002310095421362402,0.011341681364282485,0.004705992407245341,0.005916656754135515,0.004808572059783134,-0.005167406708466826,0.01756149034122434
2019-01-07,0.007508460178022092,-0.0010617976373114017,0.003159527107949311,0.004999172342976199,0.005604372290514396,0.0010216654896132438,-0.0021748698213555073,0.0027769676371357517
2019-01-08,0.007803677511475926,-0.0019787169559492006,0.004734463049362536,0.0033464984759122847,-0.0009582882122144793,0.0027116153947562838,-0.004252888373672548,0.002257707040970724
2019-01-09,0.007785452989480857,0.0002544515243275699,0.012169936238517587,0.0037434183979655473,0.007259624311403479,0.000562314951825682,0.0015720377210262093,0.0010622864807000583
2019-01-10,0.003150126625494631,0.000695994634996366,-0.005328260698406195,-0.0001745094266364381,0.0009678195129514397,-0.0011610811959066325,-0.006590931479995343,0.0008741838784084296
2019-01-11,0.0005122690808371241,0.0011190750880579743,0.0021370517799789153,0.001080724421944956,0.0010038397422547452,0.0007216031372632159,0.0030873243428617414,0.0005791861788079219
2019-01-14,-0.005271089016129049,0.0008602799667595248,0.003123944473671147,-0.0010229218859819649,-0.0027511310209693187,-0.001122874458541312,0.001962440300688817,0.0001550960708928125
2019-01-15,0.009375754826899452,0.0004271831484122798,0.0024981391563599904,0.0009483252624272739,0.004607578740833025,-0.000977443423648472,-0.0010339431577705005,0.00024535049984952784
2019-01-16,0.0023183624366555074,-0.00017276599509386017,0.001901754447416359,0.0022363725770323524,0.0018789166715588905,0.0008287809967161275,0.00338689125594116,3.631030804951383e-05
2019-01-17,0.004573713363076881,-0.0007271086169583499,0.00234760626338637,0.00041014170642694715,-0.00010491282094278962,0.0002750020551874899,0.0019569937299779294,-3.2283902623445797e-06
2019-01-18,0.012516793034771934,-0.0008847364906133807,0.011514792612556835,0.002280624388033225,0.003674162947766975,0.0011408766767366796,-0.00010458826196424464,4.756938311978285e-05
2019-01-22,-0.00994590023360642,0.0017610006277474217,-0.01568378148104177,7.796077260280274e-05,-0.0020615285069615448,-0.002318716192940773,0.003272115836005396,-0.00761189212025859
2019-01-23,7.318460051564078e-05,-0.00019702847734581787,-0.00020957093078699564,-0.0003674683517682634,0.0010328387738958533,-0.0002935957463771066,-0.00014829732510512894,0.0014476896220395603
2019-01-24,0.002324099258424694,0.0024422254223664948,0.0016502324092079186,0.000545264382813104,0.0034838621245500594,-0.001219135472724897,-0.0022400006331539934,0.0020812738106955604
2019-01-25,0.00828957541353803,-0.0004378537665563623,0.010684417737172214,0.0012134587143507454,0.004242173003597712,0.0007784751158711467,0.003993701595298882,0.004603556382248963
2019-01-28,-0.006707690676999167,0.0002123462499182823,-0.014727756200838327,-0.0003591019202122684,-0.0018490646515566538,-0.0017245793811344612,-0.007052720012109548,-0.0037366568629609857
2019-01-29,0.0005894666042075555,0.0006685926336574829,0.007895336141721665,0.0009396536760627458,0.00038774712864812267,4.9111016899638926e-05,-0.00024663201395169754,-0.0007218114421159164
2019-01-30,0.010359613010433644,0.0003901855509064186,0.004710711900881903,0.001681779548196149,0.0022155315266237925,0.003009598197900809,0.0009949292419952904,0.008509423802520621
2019-01-31,0.006841942185495609,0.0022820971823115373,-0.001974505670814142,0.004556958719679316,0.006477677061498821,0.0023133166214144296,-0.004972781421924366,0.0038595329186795753
2019-02-01,0.0014288969635120048,-0.0013220810381764374,0.0029370252465786835,0.00040489561774992267,8.07550289066239e-05,0.001658180557650657,0.0014345500507100262,0.0009299224708750883
2019-02-04,0.004621860173457226,-0.0012243685850874546,0.001772093981947331,0.0004902870967348202,-0.0007483032067891289,-0.0009348127410657714,0.001287734095701376,0.0026888769692273713
2019-02-05,0.006896783398336992,0.00039581007826916504,-0.0027423290130467186,0.003067609906816648,0.0020317712425232575,-0.0007084687734071338,0.0028423700595008317,0.0005304078031825862
2019-02-06,-0.0015007886882210113,0.00029129351501000456,0.0012653716375451425,0.000888793298410406,-0.0013345552211631033,0.0001586856045097118,0.0017198789410828308,0.00015136718577368722
2019-02-07,-0.008711691515718711,0.0011360205515037465,-0.01171993968980467,-0.001674204637126198,-0.0023321173728135807,-0.002092263106941994,0.004261062120354264,-0.0014463975668556066
2019-02-08,-0.0029123355437207237,0.0010295332802122688,0.00029620735462587667,-0.0005907141202768921,-0.0023101737745852375,-0.00013958778367650915,0.001659110053266577,0.0009097628855935233
2019-02-11,0.0021607929582753145,-0.00041755788116526504,-0.005020119265789047,5.3832876185322046e-05,-0.000618234727657911,-0.0007898525107876697,0.0007173969495173349,0.0010646722064703291
2019-02-12,0.010431365018966132,-0.0009364726902633128,0.005513413281162838,0.0014592209738734092,0.002368206850380564,0.0009102799042444154,0.004546579435418696,0.0006238956471112941
2019-02-13,0.0035668412236676823,-0.00022004809389153425,0.0008019995518268038,0.00029272191933438186,0.0002554022623383331,0.0018155360910123708,-0.0032818441880154703,0.00010645089242988757
2019-02-14,-0.0011984936415694318,0.0015505998789914206,-0.0025648964335766027,0.0004593933315139017,-0.0007429653545166415,-0.00016474401206911793,0.004536795965960128,1.1936869945938436e-05
2019-02-15,0.006548987366345238,-0.00019001499617765684,0.012421712253534056,0.0010913066269065959,-0.0028554683905531366,0.0007013082501623469,-0.0014637955124878754,0.00146218234211648
2019-02-19,0.0029917526682831093,0.0009285695141619806,0.004334958146236301,0.0013112028038299024,0.002426324562123105,0.00010698892834515306,-0.0023418972531621396,0.0016872113285616437
2019-02-20,0.003952605560806455,-0.0001167068876766212,0.004738828993890221,0.0005724470016409408,0.0038988593295843734,0.000621533643094585,-0.002892935461939139,0.0013572844494268428
2019-02-21,-0.001929711724714123,-0.0008871469895084253,0.0012612980031653227,-0.00039442940969214334,0.0002366922175365638,0.0009070668145456651,0.00020563671639783898,-0.001199663121715933
2019-02-22,0.004864468716995085,0.0011902556810777782,0.0040860226454092485,0.0010908023872872037,0.003056265542470071,0.0012938870283276671,0.0011762361947380562,0.00302311213835138
2019-02-25,0.002626159005217343,3.470740314714913e-05,-0.009927756291333023,0.0012346767598684356,0.003189234967543789,-0.00034286802413674433,-0.001035798590545145,0.0008113947026758824
2019-02-26,-0.0010061361097275516,0.0007090372770782724,-0.001183469333184806,0.0012038113843418903,-0.0004996194149739697,-0.0001510364795589414,-0.000974606135377476,-0.0003418123790689401
2019-02-27,-0.0008608866518983186,-0.002349648486493328,0.004920673250751739,-0.0001706089333303188,-0.0012012057040114252,0.0003256985793460565,-0.003384517917938812,0.0003695781202398548
2019-02-28,-0.002980777290914616,-0.0004963706212868238,-0.0027188165318878803,0.0004976191578295316,-0.0032679170269924733,0.00041436975148390065,0.0009848185155920675,-0.0006725091798890362
2019-03-01,0.005599654407894561,-0.0013549585600854956,-0.005246441298230264,-0.00013697145317925798,-0.0005527660884803168,0.0003530557610051943,0.0020324972015863807,0.003193660209720561
2019-03-04,-0.0009703168308816682,0.0008127872137492217,-0.0017209619812148529,0.0009129172739211763,0.0006338067057998587,-0.0003053773825845152,0.001874561919196882,-0.0009183467465718745
2019-03-05,-0.000556550218982044,0.0002695681118415335,0.004611335260104377,-0.000385618389837972,0.00018147637406151738,-0.0011242827641342323,0.002612785735529588,0.00017039623457681916
2019-03-06,-0.003619074672556511,0.0024641044774925676,-0.00560942086511429,-0.0003614754134432244,0.0005059196346930783,-0.0010084117954012317,0.002136222735372062,-0.002453467672213217
2019-03-07,-0.00691648972220027,0.0034692474544789627,-0.002766726868834058,5.91300415059278e-05,-0.004003383557183364,-0.0003641777419454151,-4.832784085173625e-05,-0.004168236508549139
2019-03-08,-0.005666075644173096,0.0006314072890593044,-0.000694392409286149,-0.0019312442458985228,-0.004570569523263142,-0.0002866484972658956,0.006922983880566447,0.00018867176762793445
2019-03-11,0.010864914599597486,-7.198247568418505e-05,-0.0025048406307576214,0.0011041422505194682,0.0042143030093608385,0.00040312356575000763,-0.0020817936536192683,0.008241321865798956
2019-03-12,0.0039290989001282695,0.00038517858214925894,0.0075006003452117165,0.002114850162531989,0.004052686856644579,0.00020033202980229703,-0.0034166785672834488,0.000757037921915615
2019-03-13,0.0038580343940929347,4.46329281144072e-05,0.00824023971662935,0.0012660625629553608,-0.00038605942470226783,0.0011527519428452537,-2.8387981836686116e-05,0.0015789128411284321
2019-03-14,0.0004845037602875243,-0.00035394289392631816,-0.002276665391694244,0.00024254995906114427,-0.0006381323348269763,0.0019080581489571147,-0.004719930603481748,0.00014716244845913682
2019-03-15,0.00558281560815177,0.0005961784416054213,0.0028740410635460507,0.0010388362770493704,0.003543267052901607,0.00040451904603955313,0.0026451481292497636,9.784014281877216e-05
2019-03-18,0.004816412140461135,0.0008149539981737727,0.0036893610010418905,0.0006987493620581594,0.0042050119899585585,0.001034238340090532,-0.0013395352393936744,0.001378351193451199
2019-03-19,0.000675755508001585,-0.0006602774569650641,0.002612540425411258,0.0005175265881115495,0.0006717484043361843,-0.0003369977669458457,-0.0009046083941859351,-0.00017570740929240305
2019-03-20,-0.003540162722176943,0.001472922548013122,0.0034600957870792866,0.0011258381686086723,-0.0003833214205869836,0.0012740258636778634,-0.0009334279496984177,-0.0012522748228934737
2019-03-21,0.006540699344732448,0.001895530109580323,-0.00042509037996096876,0.0012575581275561238,0.0012726881732852224,-0.00041939388048850557,-0.004964523363037987,0.0033694634651596496
2019-03-22,-0.014621924569773403,0.003278453026087091,-0.0072769097985476705,0.0007126094012709358,-0.003245351309439741,-0.0029514303301168,0.003979602802941518,-0.009825888754488532
2019-03-25,-0.004985550458238341,0.0008864073016233706,0.002121679526325359,-4.227272630641412e-05,-0.0038067266815503178,-0.0012312015757025563,0.002703626563946404,0.0006991243138486644
2019-03-26,0.007447421287693934,-0.00039862629313414143,0.0009169444903044385,0.0010327059869873474,0.0012940481530217352,-0.0023370535765180334,-0.0015111265343530356,0.004962023529654247
2019-03-27,-0.002565311039038343,0.0023407364699524753,-0.005269045749151213,0.0010915692685989904,-0.0022753701852535895,-0.0014690109530528517,0.002657239499130881,-0.002283186118656966
2019-03-28,0.0015318536161620373,-0.0002205101181572692,-0.005878007540119468,6.229790357459262e-05,0.00018936396218223887,3.856255885326121e-05,0.0024567504097725568,0.002819140286740906
2019-03-29,0.006674564614506218,-0.0006847675996572992,-3.436905224918387e-05,0.0012004843460226007,0.004518946180168422,0.0027714265817534445,0.0022792560149842434,0.0035873388547297265
2019-04-01,0.010924956290755294,-0.0031165456771116156,0.007322975684218469,0.00031194187976712996,0.003731904821868655,0.001898285848412562,0.0005189947680379614,0.004314938532837931
2019-04-02,0.0011617371707893782,0.0005468933553142149,0.002277151719994985,0.0007136490893228095,0.00029733696004833666,-0.00017578277556817845,0.0013254386725876088,0.00046505731384149896
2019-04-03,0.004250976512787719,-0.0020788115786459786,0.003900439806112099,0.0003233853291043639,0.0027970221265188884,-9.22673779930605e-05,0.00010322651673955185,0.00021530168972760908
2019-04-04,0.0009566624763902573,0.0001805393291153253,0.0005634970298721284,0.00015090161165753866,0.0003103265705403827,-0.00011400946435791148,-0.002829263313163244,0.0007193416225835799
2019-04-05,0.0037714658997111124,2.8153817072440116e-05,0.0016440409617154423,0.0011459481910892628,0.0014643523959679823,0.00034575804641323593,0.002701847186155071,0.00100032567263264
2019-04-08,0.0008759721544312479,0.00027796129448842655,0.005000510896488675,0.00041728395591966695,0.0008428930058139343,0.0003483309809041435,0.0009568078367567789,0.00043101921307619996
2019-04-09,-0.003937516844211286,0.0006932399989948431,-0.0018639683530670141,0.000680295305834577,0.0018158622160691451,6.0091300158271466e-05,-0.002841376939624607,-0.0005588521515585979
2019-04-10,0.0020309160536454702,0.0014887868531613386,0.005283324993405558,0.0010324684162231752,0.0007855115891861235,0.0018402905882546339,-0.0009789621490746692,0.0007609970699670173
2019-04-11,-0.0007416206166873666,-0.0004827774009854572,-0.009970995778909475,0.0009100664169078284,-0.0031746884350708866,-5.563350451698312e-05,-0.001264956930942085,0.00014403820887232097
2019-04-12,0.004680302279575721,-0.0028757687547891213,0.005712178044569138,0.0007967729101169271,-7.411073417965947e-05,0.0017045872543082208,0.003083207773860508,0.00029529441817877056
2019-04-15,0.0006870300802249704,-0.000761312476776688,-0.004555386542229534,0.0008513352529005976,-0.0008038113524575511,-0.000429559888287967,-0.0022155131116179394,0.0001762950904237167
2019-04-16,0.0020148348346163965,-0.0009896049996344085,-0.004383912798785805,-0.00010361095314792603,0.0021695842327317987,1.3666601062278794e-05,-9.927599029846412e-06,-2.3599332875324028e-05
2019-04-17,-0.0006334232592558612,-0.0010645804233599958,-0.0037439268604121394,-0.00028353969241090603,0.0010408811888032994,-0.000954806197255742,0.001732858996776443,3.395415543949379e-06
2019-04-18,0.00032816121036949276,0.002549012177433751,0.0005184112993347198,0.00030882375661389595,-0.001142832971019692,0.0007033961441234027,-0.00041558007377828776,0.0007269230993386385
2019-04-22,0.00037841747588129827,-0.00027840635429743387,0.00323408048907281,-0.0005904662741869074,-0.0012778709533449732,0.00040752023207768495,-0.0004220865644919414,0.0012010083750509932
2019-04-23,0.006441663783946727,-0.0005359222061797068,-0.0038538409654041987,0.0011020833997549269,0.0005301888793698784,0.0004439314507769243,-0.0005270656889414527,0.002686429039677862
2019-04-24,-0.0024080643169268616,0.0028213540884914896,-0.002599818686272904,0.001335201343055314,-0.0016584888973724126,0.0004043791991532597,0.0030197799723823415,-0.000985769279054916
2019-04-25,-0.001123750872347618,-0.0008610803619173438,-0.0026822397607660924,-0.0004902942258996349,-0.0031092732201317332,0.0012860235190925717,0.005360410587200715,5.137419256084872e-05
2019-04-26,0.0029850971923980336,0.0016814215958725893,-0.005657934822271615,0.0006142050820071573,0.0008892992383647821,-0.0009742553784366503,4.734941954964711e-06,0.0016214550300112092
2019-04-29,0.001488749035550962,-0.0005118408786212173,-0.0026945531371439517,0.0001164362358242462,0.0016050280632400693,0.00025190219812298853,-0.0009830901585689,0.0006737612559361003
2019-04-30,-0.00010064138189402918,0.00023562749663652536,0.0004408689157963105,0.000525797428846286,-0.0007727792149036705,-0.0006124802617324399,-0.0016201513904330334,-0.00030839005004157404
2019-05-01,-0.00432063439738406,2.9922141452254006e-05,-0.0018899897665388692,0.0002960711061777973,0.0004781034437855525,-0.00120675538477788,-0.003048448800482162,-0.0019286054908372878
2019-05-02,-0.0021192081794265687,-0.0009232703608665907,-0.009038736839171668,-0.0017537416203495808,-0.0009062811785181724,-0.0028035867043824103,0.0014458441627460683,-0.00025507088679921385
2019-05-03,0.006336790122121516,0.00024771655912247915,0.0017082222018643951,0.0007599740811695673,0.0016321617528440482,0.0015495376489540469,0.0021745491241653703,0.0034969878130256533
2019-05-06,-0.0063791932610891555,0.000795476393511518,-0.004455772694239135,-0.00024446318617366047,-0.006074088138882401,-0.000237303935680222,-0.002879771664219599,-0.0017382081649632846
2019-05-07,-0.013227476453251508,0.0018692752273415931,-0.00639506860684369,-0.00039285032275848707,-0.0016969110047478553,-0.0015966115061727404,-0.0001971245986818193,-0.009707936290781483
2019-05-08,-0.0024566050306683578,-0.0003338253272215933,0.000361488937016596,-0.0011629604508444085,-0.0023176037436722923,-0.0008177273565957988,1.680192970288097e-05,-0.0004350640322215996
2019-05-09,-0.007665959188667859,-3.6780090529878932e-06,-0.005606799347933733,-0.0017265947111297923,-0.007504717030488495,-0.0005831424942759345,4.131444861132927e-05,-0.0011396311893494553
2019-05-10,0.0028849682054957744,-0.00018429689661025907,0.0012624353600906297,-0.00034330939717086594,0.0017438364231070847,0.001224501303348502,-0.0013482365783656913,0.006187816021527293
2019-05-13,-0.01809091100701743,0.0013111965376629837,-0.003972526011999711,-0.0019038568081936051,-0.00593109327759093,-0.0009521664847158551,-0.0012763919085423403,-0.019483919594528665
2019-05-14,0.006019705963708932,-0.00014597449704834044,0.012695235723961473,0.0005293395738378278,-0.0006942202121896782,0.001187980686050527,0.00021536180263437288,0.008212550498922666
2019-05-15,0.005314405381605325,0.0012548554246364359,0.0039369720168774824,0.0003323065717629744,0.0008782781326189072,-0.0006182868397226482,0.0027434311627909658,0.006393981527995529
2019-05-16,0.007330247790183875,0.0004304036715684353,0.00811931799155896,0.0010149076261828367,-0.0014905514275628255,0.00033758982903719925,4.3109606811420065e-05,0.008421274221064423
2019-05-17,-0.00447509925489098,0.00044113679721113875,-0.007489396524326675,0.0002003791282149111,-0.005072256547731839,-0.0014560740694786745,0.003329919438298523,-0.011695075018877121
2019-05-20,-0.005378729529297632,-0.0010968314579022924,0.0029186708411058633,-0.00013032454410344431,-0.0009158252029708809,-3.169779595058042e-05,0.0014508043372787327,-0.0033269760364278427
2019-05-21,0.0062006380420568386,-0.0003577994347818695,-0.0019450860505483285,0.00027312646924271234,0.002021400398176035,0.0011421276978378359,-0.0004486590011164582,0.0061482723079674395
2019-05-22,-0.0020775017272841594,0.00122025280353466,-0.010363958989978217,0.0001353278716879066,-0.0001564574104718778,-0.0024426872446365877,8.906183205281692e-05,-0.0010039630942491056
2019-05-23,-0.011771293574921127,0.002710281826641458,-0.012542754743106843,-0.0009155034850495406,-0.004236751972805856,-0.003105919115612643,0.0018320366930744125,-0.00866150944063715
2019-05-24,0.002048339607246707,0.0005265172497156409,0.009463206200121532,-0.0002559781565926181,0.0005505961000477063,0.001131495014279671,-0.0026629982723023193,0.002001059465685961
2019-05-28,-0.0033585974558221214,0.0015116464447421092,0.008810331475318844,0.0008425517266162915,0.001111308745053496,-0.0018428454724710441,-0.001051972822631586,-0.00619576891401985
2019-05-29,-0.007914547133962446,0.002174130306777155,-4.969143075128987e-06,-0.0021069457210223246,-0.0009414513964363106,0.0014547086763323502,0.0013386419155660967,-0.005327074400452658
2019-05-30,0.002261680146438682,-0.0004973902976470604,-0.003693001632566473,0.0011123672130136648,0.0034939930496109177,0.00015520507113619963,0.002446562735758162,0.002026115899329439
2019-05-31,-0.009637274539080476,0.0027905707977095013,-0.017653117579319755,-0.0015027382623200585,0.0010725163178364097,0.00037410496303968976,0.00037198207483535306,-0.011749916409029781
2019-06-03,-0.0007345327589759479,0.0017538012330932102,-0.0030604979501456246,-0.00011460574220156818,0.0037928299340786262,-0.0003226699724023785,-0.004739107728718994,-0.002969582396336268
2019-06-04,0.012773978781471018,8.749523246931421e-05,0.00314750026805044,0.0018252094525333935,-0.00047799407914757785,0.0012663253698824706,-0.00489835382090964,0.020146288441295845
2019-06-05,0.006702231701039563,0.0015260701511320414,-0.015729183667851032,0.0013612098569223403,0.0006893278820624401,0.0009133803836902654,-0.0006065049955210622,0.007291521547093338
2019-06-06,0.0034366764981509364,0.000463111963546203,0.008065965515474116,0.0008111783691681082,-0.0003697080399478473,-0.0015766849279781336,0.0018576728640760098,0.004605076451609569
2019-06-07,0.008761214088278124,0.0019705996918778497,0.0005115721906200351,0.0030711841707914407,0.002258199852297878,0.0007887577191838524,-0.0024332473454563575,0.006472191290720075
2019-06-10,0.006327422549380679,-0.0015366081539675007,-0.0015077970149398605,0.0014661364822182717,0.005264697255844886,0.00010125909792102483,-0.0029113863925532835,0.0024014120833092396
2019-06-11,0.0027621820019078087,0.00031079518228060955,0.005726212587217838,0.001043839535451618,0.0036157068030058612,-0.0010768342731127811,0.0006342179684459825,0.000351391497579567
2019-06-12,-0.0030394307304102424,7.995025081830552e-05,-0.005038977453210691,-0.00042078068612350116,-0.0015029772180965206,-0.0014040022959249665,-0.00026773819517267317,-1.877868852517874e-05
2019-06-13,0.0017876339796009106,0.0012283356150789566,0.006808025498806658,0.0007838942026535675,-0.0011767543007709846,-0.001320543205767688,0.0025758019446460168,0.002458187575240633
2019-06-14,-0.002253908088438839,0.0009650338857251081,0.0027982695898974837,-0.00015666694269922434,-0.002472475163511975,-0.003469269140180309,0.00072518408068456,0.0004516105175548232
2019-06-17,0.0001654630416826338,-0.00013861850973428993,-0.0004486091810662621,0.00045981212544876605,-0.0013561437552538733,-0.001396509746926955,0.005082143796974803,0.0012690605483552937
2019-06-18,0.009801088800716395,0.003782954131460125,0.005844305557143881,0.0029490821257051043,0.005508619132850723,0.002419221932758342,0.0003575442944916407,0.0024254261646444726
2019-06-19,0.004847031733581697,-0.00024645548997026567,-0.006094466594126713,0.0018471035110024787,0.005630204972770225,0.00306626648130659,0.0009053007655905887,0.0013063423738207676
2019-06-20,0.007491267317975336,0.0022663586200760695,0.017861986150470854,0.005254353932921174,0.007109151414810906,0.005437583442029936,-0.004305473329929033,0.00021447160455012569
2019-06-21,-0.002419098479632176,-0.0024337008903154715,-0.0041492512283900496,-0.0008603319257056711,-0.0013034283252764498,-0.0013259453671280452,-0.005911121370706041,-0.0017361981110983753
2019-06-24,-0.0014687747735058214,0.0015124127058453447,0.008208262644757824,0.001506887500810072,0.0005443786563584052,-0.0009980367660109568,-0.0047045895772860336,0.00015100393390399223
2019-06-25,-0.007090285556463405,0.0011179575044620855,0.004494211476363641,-0.0010445057323066336,-0.0023911513411684817,-0.0027449818532924164,-0.0010422555131822664,-0.005368274788550953
2019-06-26,-0.0012348129265407075,-0.001722161379200227,0.003780436361162986,-0.0010770156130285318,0.00045873188111633623,0.0026469325630040785,0.0017807448080906507,-8.315489895782715e-05
2019-06-27,0.004363178215980867,0.0005301964170171255,0.0004896547864859932,0.0008229414495742878,0.0030214511257502883,-0.0006060085952628302,0.00023710149707190098,0.0022335669758518635
2019-06-28,0.004045718331585957,0.0012249652738262058,-0.006688722608098274,0.0012681488535689618,0.0004887326189654259,-0.0012358226188177168,0.0001059050555043406,0.003333092490324207
2019-07-01,0.008240387734983368,0.0008177559499215056,-0.007580446931953921,0.0014017622458161179,0.0038390864605853943,0.0010357837706014283,0.0014057637773883247,0.006497204990237537
2019-07-02,0.003207078965091869,0.0017431797246393317,-0.012331871051838639,0.0008060502122680943,0.000566294126437457,-0.0021468213365805067,0.0051516494677164015,0.0022049776472844447
2019-07-03,0.005319558698899551,0.003055516120916146,0.014373442016395344,0.0013301504510340174,-0.0007933650849305902,6.969911354870462e-05,-0.0013424651946606359,0.0021311357947694227
2019-07-05,-0.0013696373298796032,-0.002993042949821057,-0.001023397286670447,-0.001623485236204814,-0.00041546108606889897,0.0022615058457261528,-3.632440495349165e-05,0.00026905964405965455
2019-07-08,-0.005527308135620523,-0.00021276668514036458,-0.0010506409619466255,2.1563535550383686e-05,-0.004473948912114871,0.0007757145709759161,0.005554701573569076,-0.0006514019842313038
2019-07-09,-0.00011174645891687298,-0.0009018484661971197,0.001321320506993628,-0.0014503551037895472,-0.0016511398879732375,0.0012434664840832443,0.0015094310682983725,0.0004427705510013921
2019-07-10,0.002655991981216465,-0.001379853276131438,0.017755051587113324,0.0004084324396783631,0.00197546950265696,0.0014037796256769486,0.001829276136251723,0.0013628127096320104
2019-07-11,0.0014398533882135074,-0.0016920243111554494,0.0001536882753635501,-0.001214737515424003,0.0017034173768268874,0.0015291822900052043,-0.0046707845548364935,0.0004259320247551598
2019-07-12,0.0020192960789805476,-0.0014783183828380735,0.005755937801378397,0.00024261671163416896,-0.0012974487361117064,0.00040712929819575194,0.000518339219089059,0.0004833913015079846
2019-07-15,0.0011756738005422869,0.0018356015439179303,-0.005694489183626694,0.0009251003898339546,0.002647034626622265,0.00034348544969331485,-0.0033425371905778656,0.00029945707919443144
2019-07-16,-0.0012803751968206716,6.646278577615537e-05,-0.011311296611754451,-0.0005625494071365148,0.0006724553224809837,0.0009720312343524107,0.0009484666512973305,5.663271637534531e-06
2019-07-17,-0.004540351727637115,0.0020512773410726877,-0.0008956538765130254,0.0004731452531351318,-0.001174820905980164,-0.0013378775289178968,0.004465689197293843,-0.0001463927301681437
2019-07-18,-0.0006391955879802017,0.0016661321231482558,-0.008358345224988906,-0.0010380454372954655,-0.0011488356838559315,-0.0018706168917710375,-0.0016009818603723858,0.00033073429801155874
2019-07-19,-0.0014531068411920427,-7.573683255102456e-06,0.005832151675129071,0.00012786085421601055,0.0019492861720830086,0.0013292373631279553,-0.004071196745417338,-0.0031074974930906944
2019-07-22,0.001035481705785934,0.0005760582664605659,-0.002546736243818182,0.0009414402916375627,-0.0009518989176281101,-0.00039653052869348393,0.0035181050143298087,0.002592244090257156
2019-07-23,0.006522550284431161,0.0001299868036325199,0.0028823825890572636,0.0006462081854939902,0.0006648791470610368,0.0007525594384799605,0.001753656186788577,0.003575876484329776
2019-07-24,0.0029481521931188355,0.0016415482088013573,-0.0010271794925438287,0.0015444252176964875,0.0003726491012480493,-0.0007352610998094811,0.0041965447432879,0.001953602551522437
2019-07-25,-0.003865754834001312,-0.0006942677710426451,-0.0041788870870930195,0.00021792499143191666,-0.0001978409319292425,0.0004226432234527566,-5.120552043225146e-05,-0.002001853374300478
2019-07-26,0.0042241374763917205,-0.00022975572319117212,-0.003274597612842878,0.0007270027614566518,-0.0018870401555918241,-0.0015428333788931603,0.0016816806752377733,0.002919496026585588
2019-07-29,-0.0009740177809202114,0.0009150502117561962,0.0034993988888424306,0.0006469138536967508,-0.000654510273807252,-0.0009590843127160742,0.002026351115947289,-0.00010441329944355129
2019-07-30,-0.0036947445229589264,8.789731170788482e-05,0.0008770059494732637,-0.0011527347992656982,-0.00104180182261097,0.0008774994971187944,0.0012954452351181533,-0.0017341972369960827
2019-07-31,-0.007621571361912472,0.0016889801323859085,-0.0015536438436959735,0.0011056716978300127,-0.0015768166823013226,0.00020532176079401943,-0.0003055283730208913,-0.0056490136735629975
2019-08-01,-0.005253120086482078,0.0019237827728045495,-0.024789432922819245,0.0011045890600661298,-0.003617210490056548,-0.0056304297869822495,0.005607541280825412,-0.006293722699653149
2019-08-02,-0.01252255304315134,0.002365096527481813,0.002796080525575861,-0.0016693281110293004,-0.006968354103692487,-0.0014599949531438616,-0.0021183577303546253,-0.004522307504698653
2019-08-05,-0.025771246859634757,0.0036721728455032182,-0.005887273118355497,-0.0035877662192735143,-0.010785970165813208,-0.003907207082305408,-0.0032380834200277375,-0.027505571157468024
2019-08-06,0.005195632518239479,0.0004276071491316699,-0.003874899702462054,0.001209626066142577,-0.0001647970902675436,0.0019309786352887937,-0.008160310440691765,0.01304056848928411
2019-08-07,0.0016368029708680673,0.003690496556070088,-0.006509239581434379,-0.00045985832844178706,0.001092109291268576,-0.0005118731045603564,0.0035147310089833628,0.0008629210383127247
2019-08-08,0.015530264690048002,-0.0019216750590568602,0.013991398897988583,0.0024378593459935755,0.004649454785901659,0.0028051063219117767,0.0004996650502668842,0.018066050438911484
2019-08-09,-0.005442245180103645,-0.0008567218373608857,0.004945417534490148,-0.0003325256165754079,-0.0009228502763988569,0.0003687860576057078,-0.0006081519244843792,-0.0059539703885081235
2019-08-12,-0.008156992293292841,0.0025160915663549827,-0.007657817336097972,0.0012777398235589096,-0.0046535476776865875,-0.002405264602901136,-0.0007683059449143936,-0.011654214986619038
2019-08-13,0.007717668775796127,0.0005629254307951356,0.009909026383046438,0.00023604545559970905,-0.002934493721849615,0.00226455897201705,-0.0005942313975441094,0.014742838916388468
2019-08-14,-0.020176076256229226,0.0027228541640519017,-0.009471338254804984,-0.0014253143891694079,-0.0014607409572429827,-0.0045651878578187866,0.0039495595518077575,-0.02907118724463601
2019-08-15,-0.0008406855591140186,0.003751650711731302,-0.0020453434603033066,0.0004190805789915039,0.0003538665439768844,-0.0014865938143193702,0.0015752682211993552,0.0016170314753608192
2019-08-16,0.011745231067168039,-0.0014210328828735744,0.0008845503710808941,0.0007977946668048183,0.0030796695793796286,3.065134009183623e-05,0.0015339717924500729,0.009717570377448215
2019-08-19,0.011125279007644229,-0.0019255878456067358,-0.0014065078964676017,0.0008042271406854759,0.001613550855191255,0.0010195829020877012,0.0007877242781808569,0.007180952656835903
2019-08-20,-0.004882172936126395,0.0020677179003783736,0.00040150428722925927,0.0016428097712613773,0.000935037923049353,-0.0017729724486119647,0.0017144338608758858,-0.0031818485821294767
2019-08-21,0.006715227950521673,-0.000761178510262395,0.0013376263973071342,0.0021076748192521916,0.0012077884553573352,0.0004145579790236775,-0.0017141777126685742,0.004349266898932302
2019-08-22,-0.002432863447892431,-0.0016390803623153375,-0.004968009569913757,0.0004412604300590647,-0.0024372375121835695,-0.00036407616338784976,0.0009177008035707868,-0.0005274392710773793
2019-08-23,-0.016589356239299503,0.0016450845700775815,-0.004668094613455887,0.0009254817110278754,-0.00021308974609142564,0.0004257940504310831,-0.0003565204657054455,-0.01437828377380449
2019-08-26,0.003668011988116137,0.001242410665326232,0.003809367466376911,0.0002707374002591464,-0.004765616445088399,-6.44994561146417e-05,-0.005559084141915971,0.007513998557436696
2019-08-27,0.00014696767690177662,0.002055100525925135,0.0030348241668921245,0.0017791800592315773,0.0015567429525609963,0.0009507938901807123,0.0037688851724506645,-0.0019999834688121726
2019-08-28,0.003816552293975117,0.0015405260911410476,0.007595178772607036,0.0007388315356103511,0.0005725062308662096,0.0006933611706545495,8.960727194029516e-05,0.004354176087581229
2019-08-29,0.010212128490985151,-0.0008708099133336925,0.004098267124337551,9.78627464081835e-05,0.0015095748656342293,0.0026804808412391745,0.0018833164353506682,0.005832385023641328
2019-08-30,0.004092753295085704,-0.00046234448007679316,-0.006268942717562321,0.0003427411613775241,0.00497150801700793,-0.003155861152860595,0.0023970037123861587,-0.00014265662073723625
2019-09-03,-0.005127798129760198,0.0015760592224399403,0.00017875838621635967,-0.0005506682519658471,-0.0031448500515912233,-0.004437579616650256,0.005731378233237772,-0.001055350680820333
2019-09-04,0.009680852263553719,-0.0006281630256010143,0.018294815694675025,0.0007446269142817538,0.006999994389469858,0.0006168223026385977,-0.0015788939732122032,0.005279963712727286
2019-09-05,0.011313802119520789,-0.004790659646629425,-0.004974885699862964,-0.0009613906359767002,0.0038124858029492796,0.003037702991710245,-0.004590706674100664,0.004145975894157183
2019-09-06,0.0016851622755070458,0.0008509216510535708,-0.001917428866541038,0.0012608402823740203,0.0017291874719935056,-0.0004871830754900053,0.0006458501253192583,0.0006938700860941946
2019-09-09,0.00018749872734343778,-0.0025758750368395705,0.007329252953365139,-0.0005730122414575936,0.0005498946166204015,0.0010852158623393393,0.00018890661468096148,0.0008624557081447712
2019-09-10,0.00032095253063232324,-0.0031722975045647478,0.0038743990277994795,-0.0011707210730398712,-0.0020018985381337027,0.000918962307614013,-0.0011101807179455525,0.0003280258484140372
2019-09-11,0.007858575463448226,-0.0007646284620047908,-0.007054166139751661,-0.0005966187665666148,0.0026175270339333675,7.341197658528031e-05,0.00040553033514401093,0.000697467266399154
2019-09-12,0.003015297821295248,-0.0002523499929382503,0.004613772609343003,-0.00020335101085958737,0.0018069325342996837,0.001650705646299433,0.002838034558829472,0.00016924173447038196
2019-09-13,0.0010748224767150535,-0.005680953084632712,0.001601842922780727,-0.0021501004071292967,-0.00035906725691310773,0.0018803147854012936,-0.0015572979963194289,0.0001533507951244292
2019-09-16,-0.0027023975973836994,0.0018855046699864594,0.034388080357974214,0.0024537076796549923,0.00021206115183051863,0.0013429186172158047,-0.0036247498292036884,0.00015329193692988877
2019-09-17,0.0012116464859318274,-6.235726449791455e-05,-0.018463985808750784,0.00017768897845201717,-0.0024247172996425133,-0.0010044842107277407,0.005638237663985635,0.0001321445141038932
2019-09-18,-0.00017206731424452865,0.002259660133227026,-0.004908061331377067,0.000262584994663628,0.0016029847996799516,-0.003313388896816427,-0.003967983304676848,5.2409449145684735e-05
2019-09-19,0.0010407900030105386,0.001261155121762103,-0.001411726656386736,0.0005969539299100376,-0.0012239642234919434,-9.620879441385455e-05,0.0038649727099744347,8.401380681259923e-05
2019-09-20,-0.0019326477928550247,0.00036899134512440284,-0.002549248167836593,0.0005337730776376223,0.002039225016009475,0.0013465569092259155,-0.001905937056989604,-0.004373947055821348
2019-09-23,-0.0021107890715813095,0.0032395519570196816,0.008533597327048436,0.0011020441455027894,-0.0018142868695965341,-0.0007922471049406354,0.0015753080999147961,0.001434190771375121
2019-09-24,-0.005467730557864936,0.0020937741661748886,-0.006370928933036657,0.0006192744935674008,-0.0015250617022670651,-0.001452858356472353,0.0013136213341184977,-0.005754548043247887
2019-09-25,0.0015874088876819846,-0.0013083518029734622,-0.005718497282122215,-0.0030081585273316726,-0.003139444697704804,0.0004943648957329572,-0.002805935451521635,0.004591917955746583
2019-09-26,0.00030110056419512226,0.0003578412081449042,-0.003486521736444104,0.00047940022523111886,0.001615559629506924,-0.0010211869477267932,0.005931839915216841,-0.0013118432597406084
2019-09-27,-0.0031769546293500374,4.189361078381609e-05,-0.0037761935523738634,-0.0005347359697180479,-0.002199938572444227,-0.002534170307720074,0.0020283206518627583,-0.0039031733169708318
2019-09-30,0.0024804626643589065,1.753533092023723e-05,-0.007071595545904708,4.497019567044596e-05,-0.000237898435420614,-0.0021918768984724446,-0.00042344335326249816,0.004971274225241728
2019-10-01,-0.008502968984434435,-0.0016510446892131327,0.0010839933140627698,3.177758889987253e-05,-0.0008593158760723458,0.0008272931070456568,0.002814008701383486,-0.009257074090447138
2019-10-02,-0.017025426963586176,0.0012032707921172834,-0.004472711607938007,-0.00261197973960432,-0.003353010283122915,-0.00173064301631487,-0.0019676221310581665,-0.016084917372355356
2019-10-03,0.002863497878676613,0.003151475522952074,0.0027914208082449486,1.0922747601327105e-05,0.001683362503367395,-0.0019653433182400537,-0.0017917876748854145,0.007673792609770791
2019-10-04,0.009925774169087064,0.0011965823218067937,0.0024695260163630104,0.0008042495661504831,0.002297291362378262,0.0017402399103323418,-0.0017084415875358028,0.012707257152667671
2019-10-07,-0.0012228885996106833,-0.0006279579545967587,-0.0027535910918679686,-0.00022023978621916768,-0.0008881271042771332,0.00021227240926813273,-0.0009938634166675175,-0.003268886438526475
2019-10-08,-0.010414916146698495,0.0003082861016137525,0.0021373760293748488,-0.0009780727242498346,-0.00035189768072488515,-0.001612514524650499,0.0025403279117055533,-0.014376811697253756
2019-10-09,0.005718297397466143,-0.00156061456449903,0.0005119573593002522,-0.00019806141521112625,-0.0007232890243422962,-0.0008348141552828592,0.0008545131169332976,0.00859864503776646
2019-10-10,0.005074495554222391,-0.003446585921661316,0.00023074885661626937,-0.0008784873715405708,0.0008275857442231172,0.002445462954194566,-0.0005587312251519316,0.006217600684235869
2019-10-11,0.011782988849317987,-0.003853189976839988,0.011335344816941805,0.0007099510698902908,0.004562324913035105,0.002375144518540262,-0.002540740877127301,0.009221696147735202
2019-10-15,0.007882764944251263,-0.0007847231044970207,-0.005269952528359112,0.0014195659604277376,0.0028193618142214215,-0.000532386551185704,-0.001759309612742288,0.008186885197583304
2019-10-16,-4.469175416561583e-05,-0.0001909360942784047,-0.0009445034512546971,0.0008448842845534707,0.0015527482399769086,0.0006561756656953133,-0.0005778603425123929,-0.0004822259144903865
2019-10-17,0.0012747963447668374,-0.0004009135188378202,0.00310699967429211,0.0005544157285875426,0.0014052114225842514,0.000899239964985421,-0.002676675506160131,0.0027836698423331805
2019-10-18,-0.0040497588930970664,-0.00045992437385551394,0.0010647000027180107,0.00010338388748714039,-0.0012772963979721316,0.0008815981037411103,-0.0041311141998090495,-0.0011492856964743893
2019-10-21,0.005506571835089113,-0.0022341000229284093,-0.00529263107185558,3.059383645980212e-05,0.0010599854681584862,0.0003683399986716962,-0.002226108065373489,0.004084732769097199
2019-10-22,-0.0011925105739462706,0.0015162078278847966,0.002871746672651376,0.0007921726509330537,0.002248933172353684,-6.049779677974598e-05,-0.0004966735807501177,-0.0014113456199618792
2019-10-23,0.0016523095593699464,0.0006730192168662882,0.006790909307845805,0.000257600378847522,-0.0009334516630727858,0.0009073986417404978,0.001823810215074273,0.0017128709956378161
2019-10-24,0.0037451791260714627,0.0006163070644365384,0.004243925786789715,0.00018709195598303168,0.0021938225390902544,0.0008037519254543435,-0.0001542150312386914,0.0013768218950425569
2019-10-25,0.0028211193663363774,-0.0016283121412085768,0.001864603636433859,0.00024447495407557945,-0.0006958920072178615,0.0013729298149131042,0.0024258442074855946,0.002132897920276644
2019-10-28,0.0043230413881610195,-0.0025698387861177842,-0.00015405649525097626,-0.00029562658114541424,0.0018716860129377156,-0.0004801378707334214,0.0013909324654091115,0.0017601179999813697
2019-10-29,-0.00019802348060011827,1.554572788613456e-05,0.001465124338194723,7.47530896896717e-05,0.00026842198559215224,-0.001953008299451442,-0.00043812420375644034,-0.0002810780883025335
2019-10-30,0.0021721542540256264,0.0010377012734876898,-4.5215724857594866e-05,-0.00041165914042294886,-0.0008540264099054583,-0.0019869933641157855,-0.0008706053974029127,0.0014773339627358714
2019-10-31,-0.0028794647081082816,0.003664603450024739,-0.0045716120033658545,0.0007108687684422963,0.0010726080848456347,-0.0014230190478377036,-0.002559902488803112,-0.0008390566425395709
2019-11-01,0.007665996978509571,-0.00038339841339217777,0.012885474271191254,0.0002063610676539371,0.0025473824326554834,0.0025718535527814446,-0.001796309018531339,0.00219981714093721
2019-11-04,0.005716255159578199,-0.001845379889628951,0.004724271788561618,0.0007936231936645053,0.0046591022488049584,0.003047894986625277,-0.000693706704168906,0.0007196465021552909
2019-11-05,0.0014336833263193347,-0.0031745931797962815,0.001046518342686664,-0.0013098530284212265,0.0010108736605039079,0.001853553497933369,0.003620236825863543,0.00010061744777757317
2019-11-06,0.0006725544419372673,-0.000543020166749997,-0.007058453356763683,0.0005013594728091706,-0.0004060347779136296,0.00028826290966232904,0.0037385799843518974,0.00040973939727041416
2019-11-07,0.00361056645127068,-0.003926210278924025,-0.001697068750457598,-0.0014366869563030463,0.0006776219600045483,0.001081662836842856,0.0002167066716334265,0.0002086580723832496
2019-11-08,0.0005102901137501556,-0.0013711710254189382,-0.0014384748685994822,-0.0006975380865093975,-0.003017860338516576,0.0008991914397201706,0.003956885948576572,0.0002291752119370047
2019-11-12,-0.00017804312846491114,-0.0007276319913946841,-0.010856793261088005,0.0006869608224962073,-0.0027795037085444323,-0.00075808318424464,-0.0014613186058881622,2.318483773012778e-05
2019-11-13,-0.0019677568441688223,0.0017825669658764307,-0.0008917994782071561,4.253671469746065e-05,-0.0038738444701906316,-0.0027089174353152057,0.0012871648945920189,-1.798849845257047e-05
2019-11-14,-0.001108510578102895,0.002190616483775287,-0.0005699714689052396,0.00047472398943005896,0.00016828869850942576,-0.0019854691655909473,-0.00035139670909545284,2.3171492700157812e-05
2019-11-15,0.0065188150393591495,-0.00010035614739810652,0.002122286352952651,-0.0001410272691285577,0.0019574654285843002,-0.00016410706918790208,-0.0007881954254247425,0.00099039534482227
2019-11-18,0.000853379619840233,0.0012769090819544468,-0.009635203842103802,0.0003096686974333293,0.0007644866579889421,0.0007886746312244508,-0.0021043314589312967,0.0005781207617743364
2019-11-19,0.0004578870055838122,0.0005560417438024265,-0.005939235891801109,-0.0004363733036390929,0.0012703235585753072,0.00019298570101433654,-0.0009581361453647741,-0.00017216605347579765
2019-11-20,-0.0037959164005438753,0.0016977465298455671,0.005393532637240084,-0.00030690754307792804,-0.0012662681329416062,-0.0011787494303041601,-0.0003334055083084042,-0.0011789517923622597
2019-11-21,-0.0027563136568356963,-0.0011510230398428137,0.004159467444989862,-0.0010497620201280647,-0.0023740858511242602,0.0012580095309807637,0.0005717216041778439,-0.0010053455063322339
2019-11-22,0.0027098412261907898,-0.00013309414868721862,0.001479598752161426,0.0007511179751369499,0.0014328026610130992,0.00011799995366645888,0.0009206895966820117,0.00140778207563198
2019-11-25,0.0074001031252397655,0.00043161808750503657,-0.0020790269687231857,0.0015628646779535346,0.0018667519091717486,0.0006752468936557232,0.0031105152531758495,0.004052465408050721
2019-11-26,0.0012961249410730178,0.0012396090128379386,0.0012772516894188454,0.001736874771867358,-0.0014021099978546432,-0.00012046541064059113,0.0007420641481945545,0.0010617309542822026
2019-11-27,0.0037758052870191625,-0.0004735395326114114,-0.0041315215858304,0.0004921402330269162,0.0013004657922685494,0.0006217924652497375,-0.00023841800560309157,0.0011882692774167866
2019-11-29,-0.005620366821042044,-0.0011949035802718447,-0.015643190100619087,0.00020346448862885698,-0.004050204145135783,-0.0019823917938436297,0.0010274564501564498,-0.0011468600766730733
2019-12-02,-0.007074419207367499,-0.004129227969794191,0.00037886355469308715,-0.0018498376884833359,-0.0009291964364349169,0.0018654199561536355,-2.8009752912838692e-05,-0.0038112400974183894
2019-12-03,-0.006471576815113222,0.0030506803014252013,0.002675722823238813,0.001653425629994498,-0.00040791729739004455,-0.00035370232664910795,-0.004613142825462324,-0.003702151118773245
2019-12-04,0.004287900110872445,-0.0008447102099111595,0.006472077868283199,0.00022715528427342787,-0.00030989825471123487,0.0024488056463439767,-0.0017991446154114188,0.003483813223382548
2019-12-05,0.0016319251528815856,-0.0015293533603846113,0.0033615271349789586,0.0005976899237301156,0.0022232807565798593,-0.00040333782904322657,-0.0010448496487796,0.0015315572078713588
2019-12-06,0.008167495052661133,-0.0014456367169676135,0.001629025335541112,0.0009037897430981376,0.0019483988225640087,0.0022133418789676007,-0.0015613334680872892,0.0038549369275520215
2019-12-09,-0.0018938956690933598,0.0008462270271560987,-0.0011966085703838283,0.0012375908723831872,0.0013124314868376578,-0.0001968339911158079,0.0025793053549276745,-0.0010696689846473209
2019-12-10,-0.0014303064728799944,0.00019911253945715775,0.004770548105335515,0.0007993874446314939,-0.0003071136694958253,0.0005776443891943872,-0.0003192650559077359,2.250488126055414e-05
2019-12-11,0.0026204470037298863,0.0009236895609570192,-0.0023982936879042185,0.0014145943868884123,0.003412079926583481,-8.598824613059719e-05,-0.0007905807908142881,0.0015241973334878642
2019-12-12,0.006642894056017934,-0.0023595421522533025,0.009470493179756689,-0.0003925627351943797,0.00392106203240773,0.001343453602107303,-0.004056307176147134,0.0023682117338410633
2019-12-13,0.004529167948083235,0.0017498756913074784,0.004273123452372529,0.003204074832878556,0.005998776376669875,-0.00048623683151749475,-0.0036247726974130146,0.0009378405663407305
2019-12-16,0.006739423108358633,-0.0008903170861026435,0.009848607971927336,0.00042990551016198726,0.0003014875535411389,0.0018329043199816208,0.004441611506150522,0.0011096210445118546
2019-12-17,0.0016621588201617518,0.0001943865710640866,0.0012425927974852977,0.001423444410282315,0.005239046412325839,0.001218482730674042,0.00027354564225667843,0.00027066053124059604
2019-12-18,-6.385769409521538e-05,-0.00170447998097244,-0.0019476900587261817,0.0008259408743662819,0.0022345918182124424,0.0009761978925173498,0.0006351384046008324,7.771512219602015e-05
2019-12-19,0.002527748686858022,-0.0009297516032470312,0.0025675136219804992,0.0005092280640832778,-0.000731096496360262,0.0007263855938872688,0.0018275412062458418,6.661373084259934e-06
2019-12-20,0.003944021504168405,-0.0003103758670744863,0.0005622950914763278,0.0001913803229287689,0.00041776753787856215,-0.0001326995881960613,-0.0005645846784465558,-0.0005412646048632455
2019-12-23,0.0010584541657765564,-0.00016976706172721094,-0.0020803359492369447,0.00023948033396582443,0.0012849242892102799,-0.0007852490831589121,0.0026325779362430524,0.0007528237977287963
2019-12-24,-0.00017104798255273028,0.0004858605572264471,0.005491074370773019,0.0004354875436316627,-0.0003973533245175763,-2.9034484974266306e-05,-0.00046389212949438097,0.00017399042151434703
2019-12-26,0.003291675247601777,0.0008963274413902431,0.007492702054000111,0.00029440485992938666,0.0008695106980101968,-0.0003350622880795573,-0.00046530362427699146,0.0020905141817002646
2019-12-27,0.0012487964778358338,0.001057327356998938,0.0010037958882318618,0.0010084542449799836,0.002970635646702905,-0.0014563020238955726,-0.000535463205939668,-0.0009194231949757217
2019-12-30,-0.005633711195398672,-0.001770061518065014,0.0005618529552564697,-0.00048280892567264004,-8.110881137230673e-05,0.0009357083623541262,-0.005581506347102527,-0.0022265812251456188
2019-12-31,0.0002830466972678744,-0.00031001554962349935,-0.006230518957102349,-0.00025807178908087173,-0.0012665940156266285,0.0009843783434992925,-0.002328315372577272,0.0019807133771105987
2020-01-02,0.008373195872375404,0.0015315607015749075,0.0014206939336039001,0.0013512859294042665,0.004327981316088592,0.0023976524197779625,-0.0028907493855288013,0.003936389589445766
2020-01-03,-0.00412818801039293,0.003560468489584256,0.004484937649137388,0.0017696387547667778,-0.0009029028938300194,-0.0010856985293332677,0.0033848367849207417,-0.0030403957036939547
2020-01-06,-0.0010088480442350558,0.00018060347469451817,0.0034583082483377156,-0.00043265334944274673,-0.003575147433329381,-0.0010346056590079256,0.0006639439162834382,0.0023589188387027724
2020-01-07,0.000832017835382681,-0.0012967359159332561,-0.0008756960413564998,-0.00015014189098648848,0.0012427169080124125,-0.0017766152531352164,-0.001829753817564228,-0.00035206718346246805
2020-01-08,0.0014250965582405348,-0.000956441181129464,-0.012207555941829085,-0.0008893230568177593,-0.001396453803300324,0.001242480803842816,0.0029489519222833938,0.0014702752760837987
2020-01-09,0.007632694680652874,-0.0009009800764547718,-0.0015852314224097277,0.0007983974994707596,0.005759299857099602,-0.0009905069308224768,0.0039403130541828535,0.0019417152234873056
2020-01-10,-0.000869204640072663,0.0009528321704226459,0.0030875033209272315,0.0013389549658657904,0.0015846790552317151,0.0005426100839711623,0.0016981907795035056,-0.00010465712905959348
2020-01-13,0.005368629593823349,-0.0011104063515898657,-0.005071139361673016,0.00019622635577444232,0.0030651356793032322,0.0009341661629400644,-0.00022406111854333943,0.0013240208572633636
2020-01-14,0.00010174903604488448,0.0002804620277905398,0.0006848094950908765,0.0006922833968681205,0.00017014574540716472,-0.00011051072411771834,0.00020159889807791487,-2.4232399955737252e-05
2020-01-15,0.00021364424238813325,0.0015361158293687558,-0.003984221891391015,0.0008574784865980176,-0.0011927421961298852,-0.0006787881419916264,-0.00028465715156944515,0.00017669889135031288
2020-01-16,0.005552116704542709,-0.00038492564528268573,-0.005261274130444737,0.00036563197738727045,0.0010767540208100259,-0.00030068860726339963,-0.0014847757974338904,4.104169456732285e-05
2020-01-17,0.004796031142654267,-0.00013870136879811116,0.0025543624786892425,1.866198179613063e-05,0.0016698635512155406,-0.0005692904173220104,0.0011032207234471514,0.000909756326864308
2020-01-21,-0.00433774691062293,0.0025967223248777424,-0.007529924073031868,0.001230949573249662,-0.005493609085812819,-0.0005058311496859424,0.003137969935746998,-0.0014038680587257104
2020-01-22,0.0010558271504324088,0.0003259953063485918,-0.006772281442344197,9.431877418430743e-06,0.0020672531051633245,-0.0010884133592594658,0.0002774857696055122,0.0005082388946655689
2020-01-23,-0.0025558929443154524,0.002586408562974329,-0.005686992204618313,-0.0008472989354857299,-0.003397979610693425,-0.00011259119912976345,-0.0012897799505207086,0.0004325988718529958
2020-01-24,-0.003727385261936378,0.0015475412063048585,-0.011650029932066864,-0.0004166635243644137,-0.0007033506712696131,-0.0012803299778432198,0.0019813747584196406,-0.005323200353038004
2020-01-27,-0.01558425971326215,0.004154112778364427,-0.013984941526952278,-0.0028960467377048163,-0.005159404280111142,-0.0028138908534982576,0.0013806077504676662,-0.0112377816535708
2020-01-28,0.006577262125559991,-0.0010719870147639535,0.0011000956085591815,0.0015732011201641358,-1.5229298140242677e-06,0.0012610238484396241,0.0012632160378069912,0.007837710255211194
2020-01-29,-5.350639026556772e-05,0.0014758691487120165,-0.006047434451853173,0.0014341206024544137,-0.0006694812926775468,-0.00010107924543656388,0.0004614285385518002,-0.0007324837965891787
2020-01-30,-0.0036790150996428464,0.0018932889783214277,-0.00951214891940787,-0.0010382687259693382,-0.007584779177479302,-0.00022284152076146313,0.0004784876737453647,0.0030504275192515637
2020-01-31,-0.012929482902819357,0.0015603640294537089,-0.0040559951798655345,0.00025771444755974234,-0.0028187359521867983,0.0004689681630063447,-0.0007853888790292363,-0.013913734053653693
2020-02-03,0.004247292512242995,0.00017350026975605478,-0.010097487722476307,0.0004269395287472941,-0.0006349565693636949,-0.0016890399514729593,-0.004261831008040451,0.006739963802619331
2020-02-04,0.014854004552058885,-0.002155463857121165,0.0002831973197001789,0.00014881691716573915,0.007534493903325919,0.000509405289304099,0.0037556165416399168,0.010996012615886796
2020-02-05,0.009202176024688102,-0.002338349397818951,0.008619290123095046,0.0008085785559945988,0.001343467306821048,0.0010396241524108785,0.001345519209748236,0.006272848236519535
2020-02-06,0.0062839377527306286,-0.000724262451583291,0.0029439567002045417,0.001492421641740471,0.004395797022571213,0.0004390100386697515,0.003055202950538849,0.001764776011861768
2020-02-07,-0.004767956486886093,0.002470382654031555,-0.0028002711753047807,0.0009831467351588794,-0.002914378540678431,-0.0006687364684223596,0.0020793610226474968,-0.0021048444404534353
2020-02-10,0.003030578794945404,0.0017602612261775727,-0.0073809060515617085,0.00040265578028321177,-0.0013891874769383437,3.9082006234592015e-05,0.0023903936935989467,0.0036497373355639626
2020-02-11,0.003914364974417117,-0.0012545211175439721,0.002474487718376894,0.0012317200837486217,0.0038545897469242194,-0.000516191553874501,0.0016299281080880412,0.000762278566890828
2020-02-12,0.0059899770319840175,-0.0012786005763106736,0.010356115734413873,0.00019147420783484055,0.0030897634389031887,0.0014088641264877744,-0.0009855046502392772,0.002194744055468389
2020-02-13,-0.0018172926682664572,0.0003553534745917128,0.0021436857035344145,0.0005412273352776273,-0.0009666934693289722,0.0009632786448785513,0.0020267116418608566,-0.00022335934439975417
2020-02-14,0.0008353206983553571,0.0004436874103868169,0.0008283728878981764,0.0006529437466211816,0.0006883876955626494,-0.0006629200078018815,0.000687877962173733,0.0007598376554767247
2020-02-18,-0.004109056139082179,0.0015091397698055006,0.009682253150882458,0.0007438781158704108,-0.0027022578650224543,-0.0002228895373050932,0.0008039712411664901,0.00048625996050534167
2020-02-19,0.005869870788624454,-8.109515133846193e-05,0.006052438009591665,0.0003667488834628971,0.0025930243313236267,-7.532573398483233e-05,0.0030648765732199656,0.0005851291405361112
2020-02-20,-0.003437237373759439,0.0012747575658309637,-0.004663117781717674,0.0006204726699290506,-0.0021867836608366036,-0.001275535474937417,0.0019895782128636075,4.9491082588570576e-05
2020-02-21,-0.008438790472551683,0.001816784215289868,0.0004603531451703555,0.0002686690823554658,-0.002617137783900962,-0.0009553377822029141,0.003752282322054601,-0.001521276329249244
2020-02-24,-0.02931098687295507,0.002382816432014556,-0.017639564840192235,-0.004008659325914421,-0.009055301875421166,-0.0016141118141219657,-0.0038511761158663838,-0.0229752458249458
2020-02-25,-0.023790053389468147,0.002086418096799669,-0.009254023011322488,-0.0015515350829725552,-1.6718584400469753e-05,-0.003862931683902837,-0.0012476697885714927,-0.02676251978534482
2020-02-26,-0.004782183583734378,-7.561222202933118e-05,-0.007825869864860436,-0.0016971458864707303,-0.0049819050103238685,-0.0005765046495291859,-0.0031665712003151603,-0.004092423953860102
2020-02-27,-0.03390275192385227,0.0006239115956425787,-0.014341412562291034,-0.006383715711233961,-0.00614601370186828,-0.0011220838668904998,0.0017541296908485382,-0.04400326604777215
2020-02-28,-0.01750423753726803,0.004912801294158176,-0.022041299936564885,-0.003573489138048214,-0.009412812815401581,-0.005909889689893699,-0.006715798571110265,-0.008815033292174802
2020-03-02,0.02817296618867583,0.0003784349183242439,0.021088710120803943,0.0020460000005786514,0.004823561997481252,-0.002781834233211544,-0.004642418600691256,0.04737770751026972
2020-03-03,-0.013688835708382141,0.00242154446942372,0.009893892206030486,0.005093939519968671,0.005575136459213388,0.0036332674451402536,-0.003840987107650018,-0.02889712717462417
2020-03-04,0.027371484288396697,0.0024774464457754664,0.0004998129410133665,0.0036731396618736034,0.005202928721571669,0.00017430074543511864,-0.004925981934321588,0.04174635689343548
2020-03-05,-0.020531969757190793,0.00021188100556129836,-0.007471037671029357,-0.0028611139376611416,-0.0002316012855686687,-0.0029758610098482574,0.0022894445368575322,-0.03304317660030115
2020-03-06,-0.023176458653462906,0.0053752529216272715,-0.026018686855242168,-0.006936978386770487,-0.008861224712197247,-0.006423974020370871,-0.007170536202801059,-0.017543494068393783
2020-03-09,-0.07337257752994514,0.0037864348985935936,-0.0415519368586284,-0.02389151327915323,-0.030241004684400996,-0.021253409321400074,-0.011931740550479408,-0.07772782164871034
2020-03-10,0.030830465901026505,-0.00919479118376626,0.021308355988760075,-0.005899042521047615,0.003522752245854651,-0.005911151057571007,-0.0012131979296429174,0.05209102591795095
2020-03-11,-0.034895055092146576,-0.000232999843767623,-0.014422069577587682,-0.01031598561407171,-0.010069371642286959,-0.003639023479092951,0.010279525581289528,-0.04921026785349453
2020-03-12,-0.0882350027765017,-0.006797325959984557,-0.031309330454457884,-0.026459871319617967,-0.03288533094183386,-0.003568668199175895,0.0031079028980602885,-0.09845015536491836
2020-03-13,0.05514926828932859,-0.007911625987489013,-0.013023477899855418,-0.003833070273255579,0.002125577074467977,-0.0026674028819546614,0.009745367580016984,0.09447194829351008
2020-03-16,-0.09172017799045123,-0.0014625393535001032,-0.041826521587294,-0.022231685140427226,-0.027807709439431356,-0.014340453140404996,0.006794355533015439,-0.11468814685748402
2020-03-17,0.04203137923129446,-0.007509828598106061,-0.009089339665857177,-0.016229282235842135,-0.007637258202616681,-0.010085157224541286,0.002039255949775054,0.05826914422887447
2020-03-18,-0.043480819267788184,-0.009730263274665918,-0.04082728797262486,-0.03139469536876799,-0.02784802790497411,-0.001659523477419933,0.013200057791456388,-0.04887388210429161
2020-03-19,0.007747883815682088,0.0031913458523764038,0.032702025179971395,-0.021352835310517848,-0.015176957865958943,-0.008672396869899512,0.01314343644473781,0.0015064800961485656
2020-03-20,-0.016583567151883083,0.008835030071630834,-0.005369994070372142,-0.004157500772096034,0.019931465815562283,0.012397367996522801,0.01546333123137944,-0.016937273149001453
2020-03-23,-0.02985033646263696,0.0053527225773470355,0.014844512961195766,-0.011227699495214571,-0.022225483526282785,0.014706047680193901,0.0017766862783765713,-0.014472052448670836
2020-03-24,0.07815156408296547,-0.001544521228672491,0.02830205170779493,0.006120878105434213,0.021308999590434103,0.013598151939003933,-0.004485467690838907,0.0552774370797226
2020-03-25,0.025194044822895723,-0.0007668380058037385,0.0033726589770743387,0.017583695451768244,0.021270432413812674,0.002629410734766302,-0.005345554469302072,0.0002939168486503772
2020-03-26,0.03767272487887635,0.0077539686864679935,-0.010354575667857857,0.021315399355855857,0.011982515690245055,0.0031279370107790694,-0.006050572900565321,0.022879088067323694
2020-03-27,-0.02636814424519046,0.002137239222990306,-0.009693802839299603,0.012353200009146137,-0.003522926947258772,-0.009240705900230961,-0.01712282756165351,-0.009778586118217636
2020-03-30,0.021196251084821094,0.0022449304395246172,-0.010423993589175062,0.007363622520291935,-0.0061146339494033515,0.0019373986070609917,-0.010440045631693984,0.020420958983541515
2020-03-31,-0.005283229220981178,-0.002398586544591852,-0.0033690283273108412,0.00567966838825934,0.008205775233721698,-0.006321926651704501,0.008245167341855542,0.0005573053610862797
2020-04-01,-0.03661748247241975,0.0011934187492618762,-0.025394406924787505,-0.006706388810264474,-0.01025850062450038,0.005226356204738547,-0.0015314788591601625,-0.01685396515792642
2020-04-02,0.013972595221793449,-0.0005389822008655123,0.02083186202973336,-0.0023797912324227677,0.004719898686600406,0.007762358865505914,0.004483816686868813,0.014522393136941536
2020-04-03,-0.01166891989887403,0.00013322506444718424,0.010466996735114698,-0.0037734665856328786,-0.0021439853087229697,0.0028948321919526343,0.006685199467393765,-0.0002416179213358684
2020-04-06,0.05496226758351769,-0.0018708197871749046,0.009962095345069366,0.002209699503035345,0.0082925289148566,0.007277729154330559,0.006510297748953731,0.019366815958859973
2020-04-07,0.007202060928958642,-0.0034262990325996667,0.006343082505700204,0.010486208549086828,0.010856287810171616,0.0006964993928290086,-0.0014907350401403008,0.0009112046575505126
2020-04-08,0.020134761290076797,-0.0006094897591450434,-0.0011889326455035156,0.004927189806642696,-0.0020241650355876106,0.0007036093927756948,-0.007328261324867302,0.005966934461694329
2020-04-09,0.013493500750045795,0.0022452507600769223,0.005161741729696245,0.0245824855435956,0.009241738278632228,0.0014106974579952691,0.0008037492748067532,0.0019397577977515177
2020-04-13,-0.007643593026406881,-0.0003604212463656499,-0.0014727432340237436,0.011561411194519422,-0.0005109716114159448,0.004133382229577376,-0.0007024979267231668,0.00126363124085177
2020-04-14,0.022546262978176912,-0.0003858665327872159,-0.005296127773659898,0.009173652683766187,0.007440895265455605,0.0013221396101037453,-0.0021047305723471688,0.0001741619217713873
2020-04-15,-0.01954154247434986,0.0020653329487644867,-0.017262195305915495,-0.0014440561030826806,-0.003555036629619035,-0.004294284945215221,-0.005178284782768272,4.3611424045797255e-05
2020-04-16,0.002624792272016341,0.001457536836404427,0.0013891080379401786,0.0006923034504701662,-0.0012527995928808453,-0.011146399744329405,0.008652233170600487,4.360273589426571e-05
2020-04-17,0.024862322454765218,-0.0005538109547169048,0.0005866725018439098,0.0027822631070559267,0.006989769726055121,-0.0010456872308178822,0.0021235513951480822,0.006443136761649926
2020-04-20,-0.010330269238456535,-0.00116659842290362,-0.0018869248209550384,-0.0024550862330317558,-0.0009843967097810289,-0.003631968435992672,-0.0007657535909971758,-0.01000058901358497
2020-04-21,-0.028185146298173647,-0.00040878481833034347,-0.03990198986411114,-0.008981229845209604,-0.009621164295427939,-0.00010357302068508822,0.001028519397547889,-0.01747051075774836
2020-04-22,0.018020634269893365,-0.0013000260448829406,0.0196788115723327,0.00022724983416905193,0.003131592322730988,0.0056301240265619334,0.0030626272654870057,0.017032915798922577
2020-04-23,0.002225834485199696,0.0014531766333575888,0.0014997579408750348,0.0014085903973017342,0.0015143431016847266,0.001915418600242802,0.0026306051256124174,0.0015725580432656703
2020-04-24,0.00505504904126769,0.0023448207879723237,-0.008865409902412968,-0.0018599140385561765,-0.004967018792395195,0.0038271016885542686,-0.00043844036169293776,0.012383435320475866
2020-04-27,0.016546455809520244,8.113828304956262e-06,-0.011437163660901362,-0.0009087653682663956,0.005439923437884335,0.003822933962545627,-0.00275695299406864,0.009419068381236906
2020-04-28,0.0006796743591345742,0.0017354761609215672,0.001440854206258446,0.0020283859437039697,0.0031645141327817186,-0.00026764989776628667,-0.001828656759958358,-0.002042594184811952
2020-04-29,0.021678580728632192,0.000602902508597436,0.003923294256557941,0.0023649041556592977,0.008053686459312995,-4.378291369910858e-05,-0.0028163611346337936,0.010036003590108178
2020-04-30,-0.00863262237695669,0.0020624934367830306,0.017070896313611507,0.002674827695633908,0.003921232922692859,-0.0031116920836692374,-0.0036981560133796387,-0.003486488567057988
2020-05-01,-0.020916619596424844,-0.0006430155814339478,-0.003155189825669724,-0.0018539511458259496,-0.0028325944217550266,-0.0025862548875760227,-0.002594102178565927,-0.010803644621378361
2020-05-04,-0.004871307607041764,-0.0002994483465342479,0.0043536344636208365,-0.002373353956515467,-0.01084824025209038,0.0005225734742804189,0.001902386510617804,0.005504097483443748
2020-05-05,0.010145673394088816,-0.0006251223231043768,0.02193188296763452,0.0029324093272129815,0.004647339351678118,0.0015955384656716198,0.0017189754963915505,0.005540958355917202
2020-05-06,-0.0032833377429485,-0.0029273958104380714,-0.013612671233980989,-0.0013594250207646598,0.0008295572761664002,0.0003521749789233697,0.0024479167704680727,-0.0016720578765007878
2020-05-07,0.00889868966460331,0.001719284627287354,0.00869394113693892,0.002231569603155881,0.0008222157421290362,-0.0016885592188942145,0.003640732541956293,0.00711149587072416
2020-05-08,0.01472945447328392,-0.00046396632566166887,0.005227296681847437,-0.0002863612628909107,0.006011594940865039,0.0016505055405624525,-0.00411680850719498,0.007187839793687123
2020-05-11,0.0021469115825576758,-0.0012090718297131599,-0.008622758811861109,-0.0008763496030950946,0.002764368360268532,0.0002835138855703523,-0.00016906432232943747,0.0018051135991408505
2020-05-12,-0.013050289856341346,0.0012134278853251133,-0.0037374648329285497,0.0031523219664764458,-0.0011259775370751847,-0.0014294415024804774,0.004617292383679139,-0.004434646481298954
2020-05-13,-0.01409890180874226,0.0016258192046714524,-0.015108779445203136,-0.0021854942568104384,-0.0007534013032380549,-0.0006774775236819686,-0.0017798206464175736,-0.0059077476880491035
2020-05-14,0.00043198952562798485,0.00026328394679734355,0.010956232585015468,-0.0030900062160995278,-0.003820198045719577,-0.0003964499744664174,0.0011111789320839005,0.010031162013701722
2020-05-15,0.004240895978626457,-0.00034842244506479993,0.0060607580383336464,-0.0002781942358116241,0.0015320993848042862,0.0014035045997893292,0.0012046257840896413,0.005385397042819739
2020-05-18,0.026826926335854963,-0.0011536126671126358,0.02220412464951841,0.00587991868560026,0.006314326713863631,0.004438557614195204,0.0013519912301649395,0.012644466457247627
2020-05-19,-0.002943477701246,0.0007888092569415028,0.0033184252369769297,0.0037109902407801766,0.006141410599551604,0.00018362395125848252,-0.007490307359417581,-0.0036054579386200713
2020-05-20,0.01264064635203036,0.000879077780165971,0.005797141683886708,0.006290031993900802,0.004829904510805076,0.0014510165299086442,-0.0006472117798610455,0.006947667558405956
2020-05-21,-0.006521367575779891,0.0009889249342616478,-0.00929363821958703,0.0032609657624787292,0.0014352645464051866,-0.0018046255539134748,-0.003964522204402243,-0.0022467296102630318
2020-05-22,-0.0030504543303970454,0.0007836533437793114,-0.004352827019069661,0.0012491509639467656,-0.009325799444078672,-0.0016314273628154075,0.002363253110980512,0.001791754277196389
2020-05-26,0.017914497481032167,-0.0013396112377332626,0.009729284383436487,0.006439159237154468,0.009435508677473295,0.0019651536808900083,0.003270986223600225,0.004307494305561243
2020-05-27,0.010721282457538483,0.0011277650157717532,-0.010747619281753796,0.003952768273175955,0.0006503468134692011,-0.0004476315046402224,-0.007557485763375338,0.002906534588742271
2020-05-28,0.002827284511636863,0.0005336728398895096,0.0015999140239977615,0.003272205155470809,-0.0006865930705936404,0.0027670630090739223,-0.0004332784803930956,-0.000702018505701918
2020-05-29,-0.00010332250318841888,0.0011548381341717538,0.012180829139240934,0.001331857525756852,0.001960666025669574,-0.003872307576487377,-0.004084410349542877,0.0018641117939884099
2020-06-01,0.007246777065649501,-0.0011650216843797857,-0.0003720890357756468,0.0017153158196328343,0.00828381013529729,0.0032885718032883426,-0.0025150130812814364,0.0012099882785470471
2020-06-02,0.010478384864558465,-0.00039172286282914694,0.004260255243128374,0.005358326799200152,0.0069207387861349315,-0.0006774030296309297,-0.004094932885991498,0.0016262467879415764
2020-06-03,0.016080262635042288,-0.003230898861857312,0.0018525193959506912,0.006087675111667223,0.009111578178538282,0.0017637242901995531,-0.003334537098331758,0.0018436904311374457
2020-06-04,-0.0026196131406170608,-0.0007798569601933037,0.007061207509994316,0.0013464838542183498,0.00037153452863262213,-0.0003561285492418298,-0.0022023520594389723,9.415207721422677e-05
2020-06-05,0.020842107767779207,-0.0029410889152691965,0.005299799697568807,0.008000336376590844,0.006016913909309174,0.003970983668400874,-0.005307673439524319,0.0011289788528637045
2020-06-08,0.008054811019919705,0.0015290513452037911,-0.0008094390835461041,0.003442896911362714,0.0034090507575244345,0.0009417218410991968,-0.0005149298883284636,0.0002557127563516448
2020-06-09,-0.006022417083431953,0.0009620294712238464,0.001312968899815059,-0.0019784458658170466,0.0008605845865888084,-0.0004482343532110633,-0.0019260579683594292,-0.000154248270198909
2020-06-10,-0.0032538810887391078,0.0010074273209080052,0.004267858917028222,-0.0012339436628087898,0.001408245806209718,0.0018055990720993176,-0.0011687008761346318,0.0001055581400804306
2020-06-11,-0.04594579339003465,0.004549429107137326,-0.014017220715535872,-0.009196082612203027,-0.007806088319271065,-0.0033415670194336666,-0.0032394986522367164,-0.007301563246287024
2020-06-12,0.006500614345891253,8.193153112515668e-05,-0.006040087778865078,0.0009865888889520112,-0.0027490223930047887,-0.0013781109147570358,0.0073698994464939105,0.004875248804855159
2020-06-15,0.000440594012344897,0.0005004927964271988,-0.0009313704247727262,5.1652757038034256e-05,-0.0077878529993715365,0.000315372468221331,0.003499237439627656,0.0022240178681090295
2020-06-16,0.02248120450826189,-0.0009721690298415076,0.004642596494158801,0.009899513257179115,0.010440847181953294,0.002348982726629867,-0.006905252104906223,0.0006945690431506057
2020-06-17,3.1071075662836254e-05,0.0003021993993855054,0.0020397370542133753,1.3736064750557962e-05,0.001855184044978712,-0.0009745790756812145,0.004549524663935545,0.00014011081397916623
2020-06-18,-0.0003364296915841725,0.0011255597221096257,0.0007237168140195371,-0.0019153732507236289,0.0003994789610779074,0.0012069305837194566,0.000608008434399121,4.777511232582073e-05
2020-06-19,-0.0011201316843405197,0.00024908353116551705,0.007078536470710694,-3.536740248440976e-05,0.0028118567970310316,0.0021605286127741596,0.003245114120239423,-0.0066560872621641235
2020-06-22,0.002291222061857201,0.0010828206855782228,0.00400764717854799,-0.00039918847774119694,-0.00013469100915564455,0.0014709368227170394,0.002726383245971853,0.006076697516908014
2020-06-23,0.006752072335290326,-0.0005841845576680327,-0.001881948668422917,-4.756315119544e-05,0.0054469310713478195,0.00245679784793551,-0.007973290712931513,0.0027552052966497765
2020-06-24,-0.020825276120382395,0.0007829722556869423,-0.015490958568902891,-0.0032698422141459126,-0.0015100954216484127,-0.0028298847246785996,-0.0026553616811793024,-0.014724268851467904
2020-06-25,0.006011660850963085,0.0005083929162093326,-0.004097479226853074,-0.0024641639791484703,-0.0023553220650887087,0.0004770938741607278,0.006702992370152705,0.008701634006567571
2020-06-26,-0.014335221329453274,0.0008222996882561229,-0.003602857620646016,-0.0011325599393018028,-0.0015027839344786355,-0.0001732187978022992,0.000942253048120234,-0.0160024601528855
2020-06-29,0.0073952624599027735,0.00016852479906507287,0.016196987727408442,-0.0027486944719619876,-0.0018589357077434662,-9.189629422934331e-05,0.0011926897576350903,0.013876188546746692
2020-06-30,0.010232241913127138,-0.0005065097953054987,0.011403797464801834,0.0006881847272766417,0.0005800968871626474,-0.00041611333868329936,-0.00022775959262288925,0.00985416515185492
2020-07-01,0.0031475279351667385,-0.002782632766709836,0.003187467212884909,0.00177783478748309,0.002647608682295185,0.002582503357256405,-0.0003290338618093802,0.00461811202001775
2020-07-02,0.009801711715828032,0.0018614908995142952,0.006880574107548864,0.0041170319883965575,0.009063272495430666,0.0017272214085684023,-0.0027099823137667345,0.005226280687005624
2020-07-06,0.017148574834669396,-0.00013409049039277978,0.008349274990836741,0.003842163138581911,0.013482862508279047,0.004230334928329138,-0.0001288061855887479,0.005717051925707961
2020-07-07,-0.008544917699098232,0.0005790120010169874,0.005453840854051905,0.0011976958769078004,-0.0022125418605251114,-0.001692603690232275,-0.00425924976590375,-0.0033778578724196983
2020-07-08,0.0051979035484084665,0.0005895664530362388,0.003770559912078342,-0.00048086896735474174,0.005406898125820251,-0.0007922997831353307,0.0025243522358402437,0.004380353743029175
2020-07-09,-0.00322107544770186,0.0011430706171249637,-0.006688552514201607,0.0004545939330489523,0.0031758741889334253,-0.0008403210118299587,-0.005352122583077046,-0.0014575241725017453
2020-07-10,0.005544219049472143,-0.00022649447649411016,0.004360098680331636,-0.0008194980275015529,-0.003673415674491831,0.00023328707473757593,0.0032568603854445932,0.005494417145675922
2020-07-13,-0.0021836270709720495,-0.0016753502651976838,-0.0021953047594514773,0.0020812015936102824,0.0012498013274952627,0.0018329107056365146,-0.0017538858062147167,-0.0034791704659635435
2020-07-14,0.005715745508607239,0.0016305938904979443,-0.004720623310800998,0.00031816923659969685,-0.004021072023679447,-0.0010940977354423342,-9.786879985929087e-05,0.005212070503518606
2020-07-15,0.010399820573701734,-0.00015445159444246184,0.007387049206475404,0.0038784965933272076,0.0029638951685321234,0.0010473221028935997,-0.00400946977675587,0.0024582017929471235
2020-07-16,-0.005828731153054234,0.0016282892346564436,-0.0028864563801601294,0.0018888611152219402,-0.005754991577895315,-0.00010825172790651649,-0.001741002783631651,0.0005060434046291528
2020-07-17,0.003446567560874836,-0.0005990916570110749,0.00031755692493499186,0.0009897038518089983,0.003439766112992678,0.0026748455527801918,0.002676298105238395,0.0017501789172070013
2020-07-20,0.007697876144362048,0.0011174787126322693,-0.002774913897575193,0.0038489772186572125,0.004028398703852258,0.001217785870055943,-0.0032268482230740636,0.005445754106144595
2020-07-21,0.0038295938359876104,0.00046598942285650533,0.014722802028229098,0.00492371378990345,0.008377170100856845,0.0010373842072857187,-0.001948022692435436,0.00010138340318980307
2020-07-22,0.00019279433118927212,0.0011441348969741026,0.006717105654785926,0.0023739134332059542,-0.0015487944415961353,0.001026340904594969,-0.006468107968186976,0.003184149745919329
2020-07-23,-0.0074752525448437915,0.00038203009437890454,0.00568119308358076,0.0013559590807988074,0.0004426666719250849,-0.0020212460836314117,-0.0010921593412054342,-0.00517959924953545
2020-07-24,-0.009226173053510334,-0.0010024452826503329,0.00037186632479139223,4.950737069834284e-05,-0.005819516162959138,0.0002703466787110642,-0.0015889799842701002,-0.0012644508830388036
2020-07-27,0.00637968190918684,0.0007710807649752627,0.005168916800551792,0.0005039742093498112,0.0043708833347832635,-0.0005164943405807643,-0.004746651395802104,0.004874936308554545
2020-07-28,-0.0031943644945240045,0.0003009755444470019,0.000408132301485542,0.0002604773758159484,0.0028587973226718725,6.387306806709958e-05,-0.008544941743528156,-0.002476587301587363
2020-07-29,0.007504273055238408,8.115372530873573e-05,0.006740067757350398,0.0017170102337229819,0.002044908967895439,0.0019948315143996087,0.0020615479871692877,0.006166425463232572
2020-07-30,-0.006468724825670702,0.0016748800475306135,-0.010735548493283476,0.0016919358805147831,-0.0010168252783779531,-0.000599370327414972,-0.0040925209816405905,-0.0020246993690418934
2020-07-31,-0.00029227171840636725,-0.0002547287614756644,0.006198523780503817,0.0012703138735221996,-0.0002583739252579635,0.0012828771881701062,-0.005757628952513527,0.004277354532715749
2020-08-03,0.009361826375636794,-0.0007730769244715608,0.01788330058638369,0.0008597963298358269,4.912673259630514e-05,0.004179316323609905,0.0069794249736785385,0.002823175226439856
2020-08-04,0.005509924342611805,0.0020762740817244275,0.00913266721424536,0.0011910823254826285,0.004720407046738628,-0.0010102503673088403,0.0017131534979599738,0.001625659004590918
2020-08-05,0.005964008178274615,-0.0014364105970900655,0.00917744729218154,0.0017434878061915236,0.0051232186032467856,0.003925917581730887,-0.0042774393022636525,0.0021123111171852727
2020-08-06,0.0027107451203980727,0.0006810073460497334,0.002065314009695596,0.0010334642844600837,0.001752265373547886,0.0005031143284874862,-0.003792526073897351,0.0016195301798047955
2020-08-07,-0.001811337035130667,-0.0006367601239486098,-0.012471145169759635,2.9728518238714106e-05,-0.005022997985391413,-0.001245622086285092,-1.5569665608117234e-05,0.0005871204513654748
2020-08-10,0.0015408931787311063,0.0003991787320154816,0.006429418881796189,0.0002152337840164775,-0.0004455965321602566,0.00033644657454412474,0.006638983552788691,0.001073965589870862
2020-08-11,0.00029890110548594915,-0.0030120810762423677,-0.014277254063072531,-0.0007634370569634341,0.0015249622206125616,0.0013118316795907026,0.0019021767114644206,-0.0016886721250176319
2020-08-12,0.012040994891760836,-0.0013138952785006432,0.00541128118818438,-0.0008547357385776056,0.0003716710754918491,0.001877233031191694,0.001191259192522054,0.0027561871501664893
2020-08-13,-0.0007060860760288113,-0.0017538485921564041,0.008064565065246698,-0.002504595857499925,0.00040638744946237907,0.0009442786844756634,-0.0029210813248585765,0.00032328160245035373
2020-08-14,-0.0025558685133367453,-9.48427309840353e-06,-0.0004422236383781697,-0.002271600709240562,-0.0017824225963672985,-0.0021241743402278246,-0.0009923906632102186,0.000557972644826854
2020-08-17,0.003730578379755689,0.0017554894367106998,0.01710840961362651,5.302634029716865e-05,0.0018095690949007425,0.0004094914124075366,-0.0028474361957615546,0.0004321298243208704
2020-08-18,0.001118862845546331,0.0008249894429093518,0.006324975991616888,0.0002933085568979421,0.0012199816709453136,0.002433039733627851,-0.002492526621887148,5.553938537187216e-05
2020-08-19,-0.0019145512094156049,0.00032169987785971574,-0.0019294615589407706,0.00024007115475813687,-0.0013826261249354527,-0.0007931668695346783,-0.006581083961176293,-4.810314732991431e-05
2020-08-20,-0.0024349393535098795,0.0007123808466234282,-0.0076420861956595035,0.0002700917522602597,-0.00592504423389858,-0.00197826379212096,0.008786061873029327,0.0001755443640157117
2020-08-21,0.003139662289150891,-0.00022091738557546983,-0.00451735390469773,0.0005257737552080477,0.0038432955880449296,0.0010461209984407027,-0.0034780183022723454,0.002013454529376435
2020-08-24,0.01046167794206102,0.00010855528924461618,0.0027260769435153765,0.001623541414939289,0.005498620675048948,0.003630739500132929,0.005699600759377033,0.004371556331028958
2020-08-25,0.002971014065763533,-0.0029077197173724366,0.005060455330713897,0.0005889697813581729,0.0014513287368976427,0.0015821933109451125,0.0006124191374210497,0.0013556887682755535
2020-08-26,0.00811794833701066,-0.0007265127178512576,0.0038893814883796175,-1.979104522872314e-05,0.0010043632879435807,0.0019747728960574085,-0.0024794352532951924,0.0016947631868180822
2020-08-27,-0.0009584945081705043,-0.0011504316059459342,0.0043992271216950814,-0.0007315585530490387,-0.0011335167382244494,6.612227129387804e-06,-0.0026783516203835456,0.00018997131537638043
2020-08-28,0.0026178014633336023,-0.0003115053423538794,0.0071498523771602925,0.0007651024067068301,0.0014218860445577258,0.0018228789877083873,0.0024589798905121363,0.002869028467635848
2020-08-31,-0.0030943017507355174,0.0003315357957219045,0.0024529482844553364,0.0013486511594089977,-0.0053350088927983695,0.00319582269644636,-0.009196600468212357,-0.005040350968307872
2020-09-01,0.00591523364253147,0.0010023156861518666,0.002550244884570485,0.001457839051955767,0.00663622544370227,-0.0011028817919180867,-0.0003944636928313594,0.005673865957838841
2020-09-02,0.011529963825638123,0.0023309993256026896,-0.009108171970113455,0.00243134067523213,0.0008182880749395882,-0.0023952404525570126,0.000558303268192395,0.0017178737091095074
2020-09-03,-0.024591950274045003,0.0010987959906921029,-0.007374369768399636,2.8477200865439887e-05,-0.002899441831481575,-0.005879113186544882,0.004880227949177085,-0.009966558483040256
2020-09-04,-0.009644185437907316,-0.0021597076466064124,0.0012915143202610112,-0.004023098350239918,-0.004105086290290498,0.002355579174653233,0.0021444538802830593,-0.0008728598384114217
2020-09-08,-0.016894374987420822,0.0009203909640740693,-0.01374331516666446,-0.0011051298670024746,-0.004025506462041329,-0.0002193685746214591,0.0018537834818497245,-0.011417074550018802
2020-09-09,0.01399281454948168,-0.00043749113766530236,0.004310605546259205,3.9766146774400344e-05,-0.0005293054036437502,0.0012818676122386963,0.0051594863528980905,0.012028871639592242
2020-09-10,-0.00997786125537955,-0.00037505029606584863,-0.0030050460575130277,0.0004613172242576069,0.00011518488964238346,0.0003648290008175792,-0.0030260630556523394,-0.008164720674011494
2020-09-11,0.0016306846121128314,0.001654917577938153,0.0009354140111188846,6.146956384726062e-05,0.00182826351818199,-0.001936510836588079,0.0010840275737420413,0.002458823206904526
2020-09-14,0.01066924844351006,0.000675968019075801,0.0026381572756699946,0.0003089833180720869,0.0037131318645829193,-0.0008371439581975615,-0.0010539436599842356,0.010616120263869966
2020-09-15,0.005162934399070262,0.00017266279476472188,0.0007074955122914672,0.0005118827089723221,0.002790782651096776,0.001982352726702552,-0.0024187793069468944,0.003912686223698036
2020-09-16,-0.0020488668942355236,0.00015065293415797985,0.006974276003322044,0.0009508313855353445,0.001367127938491878,0.000925243959129407,0.0002772950916527517,0.0003237589358167425
2020-09-17,-0.007770759669207117,0.000830643264741393,0.0012283248310081317,-0.00022376966705092152,-0.003472704348924812,-0.0008435097280033999,0.0006560081596074241,-0.003689931825598036
2020-09-18,-0.0066381356255689975,-0.000565672260133121,0.008009431811318224,-0.0005628398228420761,7.856928266513811e-05,0.0002644443917930728,-0.0031888909059194503,-0.0018027224277223587
2020-09-21,-0.013298272160533331,0.0013744194726381996,-0.02479600085867347,-0.004032147426451161,-0.007290549114787848,-0.0027515538760488623,0.0007357554046731885,-0.006420419788301957
2020-09-22,0.005487879372553716,0.0002575345589217792,-0.002276149635000635,-0.0015579447192942354,-0.0026456064661363595,-0.0010091888368261026,0.006308139305716054,0.006686945449535997
2020-09-23,-0.013354919789562237,-0.0001476732368867695,-0.0032424595067596872,-0.00131262880231261,-0.0026501621566360524,0.00018727903315496341,0.004732977325100363,-0.01434755543897478
2020-09-24,-0.002725618011979536,6.55452184919247e-05,0.001394786418177174,-0.003894112379794501,-0.007054247781294565,-0.001344518606046785,0.004805265668603065,0.00247571698874397
2020-09-25,0.010526598121307218,0.00019111766408633766,-0.0025334713172769584,-0.0014176066337860617,0.00036874369639327734,-0.00037630778335462356,-0.0004982190652379481,0.011577380952380955
2020-09-28,0.015294159572104815,-4.049862728879864e-05,0.004265807558259149,0.002198671030121202,0.003765732521832651,0.0030196098302806007,0.002341269430429671,0.008279360113062439
2020-09-29,-0.003251319647306594,0.0009730509146404276,-0.01015198397187952,0.0013308451285008237,-0.0009886182393569977,0.0013396469764055396,-0.004106434818810678,-0.0023120526560208242
2020-09-30,0.0034054908969325727,-0.0012720186548054958,0.008291187104049446,0.0012120855832061016,0.004660851247342238,0.0004323980540876793,-0.0029448080939464827,0.00420156817747167
2020-10-01,0.004975705304368005,0.0002477230380948714,-0.0085218190476258,0.0016270975409884757,0.0011950384106517867,-0.0009615169105671173,-0.0008734931203361329,0.002539583122383815
2020-10-02,-0.006935683357205924,0.0003460223385858607,-0.0063513393137527244,-0.0002489836998980866,-0.0012263302057239024,0.0004901510127537367,-0.0007971246746313332,-0.0024407488795421205
2020-10-05,0.015208552170370903,-0.0015666742598671958,0.017799132427359456,0.002042687141780497,0.003384317996011166,0.0021090025951007174,0.0007621568758422459,0.007969771316836993
2020-10-06,-0.006473162194986693,-0.00010493041166311782,0.004926499372758497,0.003266710853311572,0.004386156687571692,-0.0003445289987633604,-0.003960343167262681,-0.004207270460119672
2020-10-07,0.011492289311369175,-0.0007314410284462114,0.005671366959977752,-0.00015037665384328716,0.001423894318423413,0.001286136418006234,0.0046885634127409315,0.00703826956484036
2020-10-08,0.007455362982935287,0.0009633369359436705,0.0049507823908328304,0.0019657532735362416,0.004034998582933728,0.0016685670824925225,-0.0017902755658434355,0.002946449070237145
2020-10-09,0.006031552835551046,0.00046258158146764703,0.015148772389224996,0.0010860756005824145,0.002454315333535273,0.0011378802598833726,-0.0008310839934009273,0.0015642752309663942
2020-10-13,0.008326805226891032,0.0017109111659921238,-0.009294812599862057,0.0028454625218872543,0.004816015503031563,-0.0014912976126739697,-0.005646357090056897,0.00013767617277119502
2020-10-14,-0.004490401255487686,0.0004328197727115124,0.005859539038812344,4.6738031412085415e-06,-0.0005440119594553076,-0.0010957258894827016,0.005485728295651304,6.204383713792264e-07
2020-10-15,-0.006235898063247392,0.0005046449824386623,0.006028369429573998,-0.002186857567802758,-0.00503975449349496,0.0005236389143762343,-0.0011096673472336116,0.00013765283558589967
2020-10-16,0.0016024752222043913,0.0006586886686692828,-0.0007165618243950234,0.0009302167523037918,0.0013585822691120407,0.000981457826560117,0.004087601533793617,-0.0027659755241514427
2020-10-19,-0.008850350098984239,-0.0007474238838759084,0.002512253492584582,0.00047825296028628503,0.0008143100556817365,-0.00015293021135820428,-0.0008460600621620351,-0.008121270712335227
2020-10-20,0.0022078519178556967,-0.0008955777086364303,0.004909207617833233,-0.0005567073145226975,0.0012804565043967467,0.000920187109191839,-0.0021879056218220283,0.002563252305741981
2020-10-21,-0.003534134078400386,-0.001038410647089727,0.002649868556617896,-0.0003093622945307906,0.0005645616530655798,0.0007863184049112792,-0.003400124481722222,-0.00028623859186823755
2020-10-22,0.0020416287067058004,-0.0015747183344482997,-0.003907645753685707,-0.000668176069886417,-0.0009322533740588927,0.0012022635889163968,-0.004360970162804567,0.0035087917927252633
2020-10-23,0.003689064357670835,0.00018147288522744052,-0.003685272427837971,0.0009328708604252944,-0.00010236522214187586,-0.0006707255638325194,0.0024462688140125532,0.002770814432532054
2020-10-26,-0.014969552716513868,0.0011440234542423931,-0.004578579803699434,-0.0007977712866490072,-0.001659775079584447,-0.0009550256211683372,-0.0017790451757192516,-0.013304590090457225
2020-10-27,-0.0035080814238475865,0.001590216561010249,0.004837920714874577,-0.00011976012493460923,0.0014864245975188316,0.000547682988498055,0.0027456881900307373,-0.00184068714795268
2020-10-28,-0.02710635488652887,-0.0002509797908880285,-0.019675676325844958,-0.004595944449201828,-0.004805081839694788,-0.0017386260980029045,0.00027111238548105376,-0.028471025936183746
2020-10-29,0.006566293979788173,-0.00011433619783826069,-0.007255123238146111,-0.0013759439413660536,-0.0009918605393995214,3.381933226964673e-05,0.0032235763341601498,0.010323600379884145
2020-10-30,-0.011817764480890303,-0.0009381933359552064,0.003201882944400303,-0.0008317881395641602,-0.005525983314826126,-0.0010782349332978391,0.004775020608838387,-0.00995910929251772
2020-11-02,0.012713182021826286,0.00026739126224287755,0.003916743635903807,0.0017618604007916593,0.0035477918629649033,0.0006391505690690469,0.0023470297960239694,0.012191460091202344
2020-11-03,0.015836164307607516,-0.00047337193497906107,0.0018454732257549343,0.002825164827126947,0.0027152172338931525,0.0005969767658985381,-0.0008216445393371963,0.01440508318145709
2020-11-04,0.01945402251125853,0.0027598595249689662,0.005981776027833818,0.007852884685656958,0.007091521471762725,-0.004304831008536292,-0.00987838494024218,0.018370851572491666
2020-11-05,0.018548840473202856,0.0005275826615463219,0.006871773544257864,0.005329597014491793,0.010979908171410327,0.0010498985050045873,0.002685318911674006,0.011853877891604003
2020-11-06,0.00119214750772193,-0.0010024033659936317,-0.005052336339744079,-0.0004898616955605007,0.0024867430068509925,-0.0013028126793934725,-0.008176176550138914,0.0028899604490926546
2020-11-09,0.014541428827019176,-0.004657074734905476,-0.0010186640211538812,0.006177758891244422,0.005842045494566938,0.004213720718406533,-0.005118297300146013,0.005029395391040336
2020-11-10,0.0004426869365876995,-0.0016228958918207083,0.016709110261477624,-0.0014713364663486385,-0.003579594610066483,0.002900489790622185,0.006477988650875011,0.0015838120629894424
2020-11-12,0.0018415587432185963,0.002765097212895229,-0.003312422175327978,-0.00108486769013324,0.00207080426359888,-0.002138709070034661,0.0024912527545060126,-0.0030461339108918905
2020-11-13,0.007630324977427027,0.0006506415801100007,9.334646935269527e-05,8.57443838957805e-05,0.0016891645914202816,0.0003629476105655449,0.0001567550160237463,0.005301567975575272
2020-11-16,0.011705199679134892,0.00021949192078477562,0.0006083471642499893,0.002481708815763184,0.00458211284801631,-0.0004134894342930906,-0.003907204463360792,0.002880816682803855
2020-11-17,-0.0019655653401797423,0.0007619199665873988,0.0015461608820582006,0.001709360917115521,-0.0004850100645159968,-0.0004726159020702614,-0.0016326447953564083,0.00010271330987857704
2020-11-18,-0.0052800336579867605,3.344482903825382e-05,0.004088990132818526,0.0015146729012170178,0.0019844446391540337,-5.212744031302119e-05,-0.000766129118956349,-0.00036314185890903297
2020-11-19,0.0014583265399919275,0.0005477006082017843,-0.008825245938060855,0.0008252605114889344,-0.001686948598477108,-0.0005054037738938533,-7.892869898351584e-05,0.0009733031099328548
2020-11-20,-0.0017711653208006496,0.0007842461901317654,0.008152637390459716,0.0008236160726325159,0.0029288075298566883,-8.432157917548366e-05,-0.0006548837992674805,-0.0030845927040061504
2020-11-23,0.004558755126789193,-0.000222958268731166,0.00030755330381174726,0.0008163052281946803,0.0029864424439206894,0.0006517869631416096,-0.0008895517301759082,0.004613745763186771
2020-11-24,0.013548198154275137,-0.0007414876568944906,0.007747907961451561,0.0022739403854752705,0.0016236010654490799,0.0021875837578331225,0.0023698123876805255,0.006712322019649919
2020-11-25,-0.000671999750527752,0.0001293618253224493,0.0009501018715423526,0.0004020722571782875,-0.0019280320299299753,0.0011008486893819835,-0.004220749993989692,-9.92063492063492e-06
2020-11-27,0.004434612699375539,0.0006132186879113432,0.000133928970911501,0.0012735049713954781,0.003925400546915403,9.624869413160653e-05,-0.0010959523507285684,0.0011976862738085957
2020-11-30,-0.008430892443044813,-0.0003132314717079976,-0.006072775937583564,0.0009562894700128388,-0.00697395711390159,0.0017578415647090395,-0.003255042949130149,-0.00027344928352542877
2020-12-01,0.009856841860772103,-0.002475187702832471,0.0025616549376819343,0.0002372419554488636,0.005297556188027034,0.0016634328710029012,0.0025758305175604956,0.0033357477383748947
2020-12-02,0.0016833011631680937,-0.0003427432960212085,-0.0007285798933500343,0.0008361806094941193,0.001400056929788466,0.002285020433686835,-0.007605410895639042,0.0005862497283391277
2020-12-03,0.0010469706219780382,0.0012691717706346027,-0.005794141394378694,0.002507774982008415,0.0038327182687527142,0.00127153478363784,-0.0016199186584591185,0.00041421896759999963
2020-12-04,0.007429788737639808,-0.000916648239967699,0.0031320189873685123,0.00039248445975740285,0.003203790545611592,0.002256837478111562,-0.00375170512141354,0.002740770823299188
2020-12-07,-0.000890213909061488,0.0017701674317436632,-0.004825371943826673,0.0016611230046599589,0.0008513663506437896,0.0002850908586922163,0.00181833518469654,0.0005739416138550779
2020-12-08,0.0022570505693990995,0.0012888908801254372,-0.003618964722264717,0.00042599354486519967,0.00018958543579139134,0.0007794522078621302,0.0003965635478837548,0.0008905134849930607
2020-12-09,-0.004320243235419874,-0.0002926266771490993,0.003705282557699785,-0.0010719994266750966,0.0002949173453148712,0.000441675933886998,0.0005353367816054444,-0.0010452421877019337
2020-12-10,-9.203296157641597e-05,0.0006740842092927468,0.012704752310509304,0.0009431652785707789,0.00036421779823669523,-0.001277418949562792,0.0017353652425593502,0.0004277799778600655
2020-12-11,-0.0016167700057963753,0.0011001739421663602,-0.00027427018334010846,-4.0421544996730645e-07,0.0009957753947646567,-0.0014782074142729584,-0.003929428909128063,-0.00015072816611202413
2020-12-14,-0.0019130507699572587,-0.0001856008630492734,0.0042345558549306325,0.0006220266570140853,-0.001469567255478092,0.0007945704861718195,-0.00013947881344722468,8.061123984374193e-05
2020-12-15,0.0071607270251499485,-0.00019881636842630226,0.006943778298395242,2.317110785580164e-05,0.00011386260216561155,0.002275510689853988,-0.0006885257034943137,0.0021777349526535318
2020-12-16,0.004265321523970111,-0.0011732222381198533,0.004117881852279603,0.00038095756012771485,0.004139183269088793,0.0012666084432089164,-0.002347942621815813,0.0005420720587035244
2020-12-17,0.006019885457312168,5.615191507194469e-05,0.011021708112274575,0.0007612544700732804,0.0028752329872212138,0.0015074852953850248,-0.0027273120837901788,0.00014053977393050363
2020-12-18,-0.002276751244606212,-0.0002648392249097964,0.006004330405907676,2.030702966718808e-05,-0.0010683229627110177,0.0003231030161254811,-0.0046188794260461075,0.0031141704701951657
2020-12-21,-0.0067073440691399425,0.0005624996054076958,-0.0046080553420861595,-0.0012689253346283792,-0.0031463217917442367,-0.00020466146705744315,0.004720806997775773,-0.004109080307187896
2020-12-22,-0.0005097764888953527,0.000865099915441847,-0.005364468957808144,0.0009134966395996424,-0.001872331772957429,-0.0004777749372515405,-0.0012239934784652462,0.00036152615030785593
2020-12-23,0.0025987859861518526,-0.002045819249424896,0.0062281133884721,0.0002192921240194212,0.0024519122920623896,0.0016193033373554933,0.0037360449732506407,0.0019118536193254764
2020-12-24,0.001818255324119089,3.9058610861508394e-06,-4.9205215278924665e-05,0.0009016773080452789,-0.000972185694945027,-3.8719475827342364e-05,-0.0017596444688491308,0.0032653525549149244
2020-12-28,0.006029508436275399,0.00015919589091420991,-0.006781242859281467,0.0023880252744737152,-0.0001033796760856872,0.0001481711973920774,-0.0014804603076610245,0.0045275471685258025
2020-12-29,0.002264218994690015,0.0014907076758082004,0.007897625482328896,0.0007670095369834206,0.004405839258514561,-0.0008223920702826737,0.0005323732770843304,-0.0009640005689301679
2020-12-30,0.002106563745468504,-2.171767135369377e-05,0.00625533183530228,0.0006121110928705486,0.006021031658889079,0.00031950543129211084,-0.0023092500893246992,0.0010544964972212577
2020-12-31,0.0018156387811887663,0.00031895867195989023,0.005948519639590788,0.0005342268649928594,0.0008582141174259964,0.002061511304195518,-0.005048070678739691,0.0020123089850292764
2021-01-04,-0.005348716804111831,0.0004860103233235491,0.0074753012025526085,-0.0001809769133350403,0.0034649549252523727,0.0013717144643023982,0.0016623970189852955,-0.005191653168267163
2021-01-05,0.006072403886657784,-0.0004546748553982627,0.021546770412705953,-0.0009277570910695921,0.003396755794561627,0.0012784586640721685,0.0013384393755033752,0.003788210206200826
2021-01-06,0.00477735387097703,-0.0022815998074895093,-0.000730224066166818,-0.0012781246862585084,-0.002514158005534491,0.0019909124865982175,-0.005027687081538668,0.0019415459443521742
2021-01-07,0.012999222404722432,-0.0011596302947457172,0.0004725339596132527,0.0005521553019774194,0.0011751081398438906,0.0023695853934602162,-0.0016098450811045106,0.006189900952947391
2021-01-08,0.008832957903638172,-0.0004898380544685277,-0.00815829335165682,0.0002749050776451933,0.007600410873981589,-0.0035648496118019235,0.0055925036296466946,0.0010884338035641926
2021-01-11,-0.005027761306685219,-0.0010749815668727682,-0.0021365914424975262,-0.0009237264770699194,-0.0016995987110464536,0.0007688221443448162,0.005551225675890947,-0.0003592372535357824
2021-01-12,0.0008650311540623678,-0.001619437561037407,0.014297237682078278,-0.0010467915437498366,-0.0002507112545551915,0.0012868097061913275,0.001643235668662868,0.0011023771458975927
2021-01-13,0.0020434194744936352,0.002700858584006072,-0.0001505738537995405,0.002155103379091228,0.003332205526759683,-0.0010601601507136404,-0.005099012368943057,0.0006832640324246131
2021-01-14,-0.00010625374166858274,-0.00036628026983317465,0.007460274962147994,0.0006924636480570068,0.0016090022636907212,0.0012527838284687176,0.002756944150497098,0.0001571144915837652
2021-01-15,-0.007290139662677742,0.0004356515262487259,-0.009345344399394573,0.0005317782750971278,-0.0031829746690549684,0.0008942100352535842,-0.00030294550518006336,-0.00020639972954491494
2021-01-19,0.0075451895200291715,-0.00014476109223634517,-0.005065686473820741,0.0012144032949883753,0.006099822256832658,0.0012422582489872713,0.0054635859857270486,0.004338033615757275
2021-01-20,0.01054585220239782,3.122656194868286e-05,0.0031374788181624314,0.0012254670470060235,0.0050172792643301874,0.0012170810297744694,-0.0034327239578363367,0.005762254545704592
2021-01-21,0.0009391524081348357,-0.0014990069196222035,-0.00015813773371428088,-0.0006539265414140183,0.0013587416615128004,0.00273788980466394,-0.0007055508139552913,0.0005591206035464924
2021-01-22,-0.00353825496632173,4.07880760609269e-05,-0.01466703683953371,-0.0009747411956331997,-0.003125986934935565,-0.00030059653814351606,-0.0030669970529297874,-0.0005737774152985931
2021-01-25,0.0027043480703221935,0.0023050078103859285,0.010914538818546126,0.0008098956936786528,0.004719628498382695,-0.0010006824654906765,0.0016155030309210616,0.0010746569634452528
2021-01-26,-0.003916852202932331,-5.74261428614942e-05,0.006286250913966984,-8.57061783177904e-05,-0.004963940011762299,0.0002034074609605918,0.0012275902306244646,-0.0004423099991138435
2021-01-27,-0.018866239992993715,0.00043974084093648667,-0.0003562713260825912,-0.0013136563135095149,-0.004486684827924326,-0.0005452484022967496,-0.0019497510240459315,-0.014445335519437353
2021-01-28,0.0033017674932512065,-0.000549970210060502,-0.0057242708908816445,0.00014468431286321912,-0.005046937079604282,0.003148578732318663,0.005899137336651039,0.005834023855004122
2021-01-29,-0.017705438023403818,-0.0014782773306844744,0.0013201604651862707,-0.0009466437831922803,-0.0050241251117906635,-7.834783278415358e-05,-0.0010525900938188615,-0.008859738490470026
2021-02-01,0.01652647827031232,5.283830073258274e-05,0.01869928296651583,0.0007016456021262995,0.008174283434428678,-0.0013356741100674085,0.0011711201434696505,0.010655215845188503
2021-02-02,0.013427552524346608,-0.0012746111641768977,-0.004064153105059443,0.0008337790352490937,0.005198372844453602,0.002862600221341882,0.0031882854581308795,0.007689164089272926
2021-02-03,0.0028603106650935462,-0.0006439906695225539,0.006680479840977449,0.0005725449790133008,0.002546666061867705,0.0022720723639428897,0.0015352772403292025,0.0021563582710600105
2021-02-04,0.0067238319071541205,-0.0006955070682211573,0.0020579814178148027,0.0009783343196272719,-0.0009341385798791217,-0.0006312341889864737,-0.0003568629759727049,0.003911001775404743
2021-02-05,0.004623497541835364,-0.0007071046913060486,0.0060095756217919735,0.0005862242520009775,0.002272457870911641,0.0009774884797861816,0.0049866550609487525,0.0017715004466772098
2021-02-08,0.006665532578885169,-0.0004357752083130273,0.012981714796446863,0.0014939832306386845,0.0009515127922515817,0.0019087698299111722,-0.005722506293145413,0.0013153358624505061
2021-02-09,0.0005422520652176632,0.0003919468909006407,0.002762750029339045,0.00040356048344961646,0.0020818601722014255,-0.00011834924505471633,-0.0009726100389626513,8.633409359285468e-05
2021-02-10,0.0012352593751592587,6.34997501851919e-05,-0.0029004442139141883,0.0008673773536889473,0.0036492522607367165,-0.0007518530767074427,-0.005374674987802197,-0.0001013538261314895
2021-02-11,0.0025057980716945206,0.0006080554707617369,-0.0006899143637488448,-4.038583868245519e-05,0.001245480196522371,-0.0005533791353494744,-1.19486598418872e-05,0.000644608368895827
2021-02-12,0.003968389157050811,-0.0014720160100768155,0.007029972673640061,-0.0010718255812817935,-0.0002575390624620311,0.002018937260653053,-0.00017893031780480406,0.0010289454619727743
2021-02-16,0.004206788745138057,-0.004392248531171783,0.011741412781062032,-0.0010312755422678622,0.001536503062658767,0.0006649541261856129,-0.0004744384842464422,-0.0008891576685766345
2021-02-17,-0.0016944193163748956,-0.0005239327419502504,0.0017627741706854104,0.0005530063924690576,0.0005135131547083005,-0.002768191663258479,0.00424163114495979,0.0011682358627325472
2021-02-18,-0.006465232154381851,-0.0013007059594921323,0.000451860921622893,-0.0005400201223379697,-0.004360435750705812,-0.003123559239021967,0.0016936133997766945,0.00011976423085550133
2021-02-19,0.00012266687535648078,-0.0019599787679702384,0.0007034773059018451,-0.001080407144082718,0.0004918781667750912,-0.002525031234907771,-0.0033578864107418616,-0.002886630332169593
2021-02-22,-0.009027415885639567,-0.0005269181288962366,0.016402568365344185,-0.0013271861775756234,-0.009158390937718756,0.0015635033117310515,-0.003624776156413323,-0.00399787969572748
2021-02-23,-3.6915844327378746e-05,-0.0006842405497655357,-0.0009488368932604963,-0.0008549963592486498,9.880517846664324e-05,0.0003332913784739322,-0.0030674581755720798,0.001034581944904278
2021-02-24,0.002940722365289561,-0.001315124542357571,0.01112328673943822,-0.00028629834678025603,-0.005415239400568247,0.0007516870264420161,0.0010154078914106357,0.007062098996696553
2021-02-25,-0.013111606867598014,-0.005806558675207707,-0.005316293689230556,-0.004445007870504692,-0.000379756856902543,0.0002788742440472669,-0.0009775469875806797,-0.01911514567173519
2021-02-26,-0.011715936353038326,0.0016244521915467546,-0.021131869745855424,0.0017015778275717762,-0.010129778009971025,-0.0048447199648744554,0.00395518905813419,0.0025769523295673725
2021-03-01,0.02124955816708688,0.0032220313319819894,-0.005819131537029254,0.0012330430011482706,0.006133835548017345,0.004312273699301095,0.005400827671682151,0.01499815163014232
2021-03-02,-0.0050800572550433135,0.0010644366614503185,0.005553697240894306,0.0005552431069691166,-0.0006077962332642758,0.003212483408262523,0.0022405890245689175,-0.004863356483070536
2021-03-03,-0.006519191893910115,-0.002359372830305373,-0.0045041372235924085,-0.0017532132560101556,0.003490473674831348,0.0020291998451750226,-0.0024414500606081413,-0.009344026579196052
2021-03-04,-0.013074561815300057,-0.0012813335810848093,-0.0010530626302654668,-0.00266478012530299,-0.008563731011109119,-0.0012279378339444813,0.003301805050557327,-0.010343470062919769
2021-03-05,0.0096731572480924,-0.00015197876245761634,0.012698134243184033,-0.0016388918041589596,-0.0032468899096273706,0.0015336427841737832,0.006329438390656028,0.015829556898731036
2021-03-08,-0.003677583825496067,-0.001410245351994266,-0.005718381211308155,-0.0023153010438959564,-0.010212263021242974,-0.00010336317917070126,0.002751227906587106,-0.0038013806379267544
2021-03-09,0.012897486830621785,0.0014734916587795575,0.0005995683999553747,0.0006483361083129746,0.003166303016507551,-0.0010924223762791563,0.005225575945879024,0.011106003266749187
2021-03-10,0.0045015120707168396,0.0009457959031933582,-0.0009345909305234712,0.0008372498981546239,0.0026718997509332155,0.003451478392433094,-0.004208772010498407,0.0055543257129409326
2021-03-11,0.011074472121305445,0.0013717324647371297,0.010926698169723836,0.0022356463494668578,0.009759011011035448,0.0024620961463936997,-0.0020621314463913354,0.006054862933201599
2021-03-12,0.0002041011596665476,-0.0031831592400739183,-0.0036769147670351,-0.002967186992544579,-0.003672503987305309,-0.0018044148072423605,-0.0039316545887680965,0.0023785310584059417
2021-03-15,0.004206978530699545,0.0011865586925945747,4.2442184164748174e-05,0.0005298962348421532,-0.0015791817272481025,0.0012902212852354822,0.0031409114274572048,0.003132285554561054
2021-03-16,0.0010593801869854035,0.0003639675690428112,-4.855049428728057e-05,-0.0002915736369720423,0.003190867251409857,0.001831280295183202,0.0014871673288059384,1.8469368013007657e-05
2021-03-17,0.0008759936595712836,-0.0019068641307383395,-0.0031121979830705747,-0.0014037192914952647,-0.0017805019285295248,0.0011495423738064892,0.0006466521142134418,0.0017170888470712574
2021-03-18,-0.0079829014243897,-0.0020040410094853355,-0.023728614189966267,-0.0028152682092410174,0.0004821243878126213,-0.0017879587841379552,-0.005411277995120201,-0.0031226250980382563
2021-03-19,-0.0021631851817664693,0.0005277585622572078,0.010275390562126929,0.00015354172879192827,-0.0020761345045108327,-4.324066606398169e-05,0.004759976305754643,0.0008476797896153409
2021-03-22,0.0037988785098373224,0.0021485714251641475,0.0017490489907958982,0.0024262232517913485,-0.00026796776190285795,0.002047619826402336,0.0028163366537472534,0.005841382416183627
2021-03-23,-0.006699511579793616,0.0021727228821511236,-0.017588479745914452,0.0016255410262302815,-0.002584288614324918,-0.0019933084866772255,-0.0031032079434735182,-0.0041140101341936245
2021-03-24,-0.007695204087332342,0.0012950422199889176,0.013995451172813122,0.001540778418721611,-0.0062561636938848605,0.001184842405518749,0.00692913290935504,-0.002245280915451031
2021-03-25,0.0028809318752203495,3.774176155783012e-05,-0.016039638619588868,-0.0004659727042607087,-0.0029342200324672793,0.0017370732346011497,0.0019449182701738454,0.0037319207299513547
2021-03-26,0.013904481402042179,-0.0012456787123226955,0.013710931351256705,0.000136149715038536,0.004371540936961456,0.002367137529252883,0.0021866798884275784,0.006464342752459362
2021-03-29,-5.2879703004460356e-05,-0.0013761387809383076,-0.0023747884525601947,-6.189220845728153e-05,0.000358274039963391,-0.0009761836630676202,-0.00024789630047250544,-0.0007788340290169838
2021-03-30,0.0006309581477264347,-0.0021788352550810796,-0.014072108404671624,0.00028771023988664044,0.0017432854911469914,-0.0011926047289395614,0.000941229657331899,0.0008299660038438072
2021-03-31,0.0009100402417943409,0.00010884614742571182,0.008352547463615278,0.0017831842561640053,-0.000504124024768334,0.0009167043873307135,0.0036863406805336396,0.002141947833877145
2021-04-01,0.010782606308526376,0.0014334228005943638,0.00465801678390324,0.0028181000286105263,0.005814089836883433,0.00016597865448431115,0.00015188825296030828,0.0027829050310071214
2021-04-05,0.00829837545259674,0.00027875053244200696,-0.00984981178201868,0.0013183539822230526,0.0007341393352484219,-0.0028551926819789797,0.0007453915569468617,0.0017394810696964912
2021-04-06,0.001097173455499456,0.0009460888879502582,0.0071753275392721135,0.002036332644845851,0.002777555209856301,-0.001580862986940268,-0.004486050195830149,0.00015772864279032237
2021-04-07,0.0003365687494710001,0.0002977106649871053,0.0019002109163777424,0.0002161000007197322,-0.0019985571444588865,0.0014626893746739755,-0.0025693600213345658,0.0005441604751040052
2021-04-08,0.004807801411704149,0.001308590137065335,0.007535243667527813,0.0014154364999514944,0.0016858034571515948,-0.0014503594001600284,0.001421736731978207,0.00041355381002542433
2021-04-09,0.003580355348109554,-0.0019320076357722483,-0.004380983924021276,-0.0006344269340727515,-0.0034916935512191846,-0.00015004453229583437,-0.0036504528331794406,0.00035290381386524625
2021-04-12,-0.001847592028164169,-0.0002442020762947972,-0.0053153466012529575,-0.00030801302903057384,-0.0015897811430551209,0.00042674508015527746,0.0016918179486873353,0.0001388764337771131
2021-04-13,0.0032664200139074563,0.000644488483842609,0.008781387789397221,0.00022191105087502325,0.0003266117695160904,0.0010684960639555374,-0.0014091239222322471,4.027014900243007e-06
2021-04-14,-0.0014378223850311735,-0.00031093248147814336,0.018536197835536318,0.00020667656576048852,0.0032275168475730124,0.0007980235879090358,-0.0030397181285579666,-2.8517241969694442e-05
2021-04-15,0.008405606255906172,0.002382770485586583,0.007917346019999083,0.002620191590676091,0.0025877577584880332,0.0015207746870831151,-0.0024588044251256935,6.446717663658449e-05
2021-04-16,0.0038610189786050576,-0.001110294273981316,-0.0004055527310506624,-0.0005803424813427216,0.002423493320289901,0.0017731099284181706,4.668110285499516e-05,0.0006037331620621144
2021-04-19,-0.004182179114492224,-0.0005029003058028781,0.002973975280017338,-0.000733679517915109,0.0004055657187651884,-0.0013906914105372703,5.473660394250679e-05,-0.002133161527517935
2021-04-20,-0.008567125155418099,0.0007121284098437264,0.002218726012171357,-0.0005106435658062902,-0.0006419895703161779,-0.0018879532115059217,-0.006554499181694262,-0.004544793528113733
2021-04-21,0.004487422966454246,0.0008962117612297038,0.0033076843505493226,0.00025572733346205243,-0.00254175510852865,-9.179331794628709e-05,0.0021023720394153234,0.0055605497915405585
2021-04-22,-0.0020648234471498327,0.0002787136045701355,0.008059994478093057,0.0006855347829191394,0.001494987088634229,0.0008605195985629255,-0.0012315525127958304,-0.005037897769485234
2021-04-23,0.00762573972816275,-0.0007788058991523239,0.00489709559223187,0.0004773302966361359,0.0027963429001059193,0.0006040432326863687,0.0020736852944460704,0.006946080786197883
2021-04-26,0.0024124799187937086,-0.000550674228451753,0.012675013126116219,0.0005260454454596774,0.0015426201814640382,0.002113056209026354,-0.004205316802379233,0.0013271018901950592
2021-04-27,-0.0008469118249513019,-0.0013511587107633784,0.006168321660534859,-0.0005751633374645127,-0.00023077932822113497,0.002694386564904172,-0.0002146269818915636,0.0003053437235163492
2021-04-28,0.00042098301717955475,-0.0005680546006822884,0.001233489509692187,9.586421492139282e-05,0.0006791920980324254,0.0016127234144660552,0.0007453594703170641,0.000648218037678594
2021-04-29,0.0027411172591207734,-0.0016057289557842248,-0.00025440943262874385,-1.5494812339278443e-05,-4.356599513148224e-06,0.0011478663847557247,-0.004032103183613245,0.0022596275860314098
2021-04-30,-0.007194238390266306,0.0002966266138482498,0.0021458780078867147,0.00048310780204222634,-0.0036795106348228245,-0.0012578738893200825,0.0012750919506416825,-0.002334405828458419
2021-05-03,0.0012643223772672906,0.0009365983592282467,0.0066774782710519506,0.000954964577748052,-0.00223333287212476,0.002050267823662466,0.007006536421288789,0.0019725796314200906
2021-05-04,-0.0070515506220391825,0.0010310205689965434,0.0075566304928718405,0.0001589366971715189,-0.0006861806325350087,0.0014711099207722622,-0.0028758474807368817,-0.002769759205167166
2021-05-05,0.002799100684087985,-0.00019358984013614358,0.0062269966808543905,0.0009097946264491674,-4.6100305014288704e-05,0.002623468295730902,0.003215523997784242,0.00040265121748087605
2021-05-06,0.005610144089837321,0.0006119178287838145,0.006993667491531885,0.0004661920523117202,0.002468880395777932,0.0008049559000000706,-0.0004891972216020113,0.004466259691201102
2021-05-07,0.006787505249941794,-0.0003130784417867072,0.009294720061182626,0.00048492775823242293,0.0026684377106186395,0.001080132883040097,-0.004019077236538049,0.003265364799285331
2021-05-10,-0.00633996239508502,-0.00044940251072930206,-0.006192320544103092,-0.00040318334488417264,-0.0004958216196968235,0.004106418113472898,-0.007669864786088221,-0.0035595907271108395
2021-05-11,-0.011191899697707475,-0.0019766341004273324,0.007609781631784418,-0.0023027085518165457,-0.004749007763242057,-0.0010315505110657375,0.0012324200665563279,-0.00490118234972311
2021-05-12,-0.014699732392108167,-0.002312469890630131,0.00011951032987592699,-0.002156664233390193,-0.004577206176574315,0.0019204614639671824,-0.00028162687012744936,-0.01610985896176994
2021-05-13,0.0033357048098847986,-0.0002289045989257388,-0.023191528689853046,0.0001355175326516522,-0.00578096954154184,-0.002320154612944769,0.006567128113578402,0.010749760957681908
2021-05-14,0.014292512309658922,0.0006694744741453706,0.003060891658134757,0.0014904556970967485,0.0048596658130990785,-7.266072853395755e-06,7.484870655027898e-05,0.011740303178866351
2021-05-17,-0.0012204297114166375,-0.0004482050255513959,0.013776028034695497,4.5866254008186634e-05,0.0011863121557185495,0.0019748322684165487,-0.0049640595683236866,-0.00012974513810989354
2021-05-18,-0.0010578500431077332,0.00020078006371274657,-0.0010695183745124905,-0.0002563439935619694,0.005697963469680504,-0.0003362834941611492,-0.0009793815286366359,-0.005222911167650468
2021-05-19,-0.005191849212076572,-0.0004345143586008349,-0.018368897670248484,-0.0018758974784770178,-0.002125868690953181,-0.004324240989276751,-0.004156779286644041,-0.001608423139241111
2021-05-20,0.009632635461401395,0.0012216675213483684,-0.006054488432061212,0.0011476766568916717,0.0009799126037422278,-0.003633017819370199,0.00492444386657076,0.009721750687973906
2021-05-21,0.0004768351890880651,0.0008750029304674167,5.717157776045086e-05,0.0007847127715734703,0.00039368157165745596,-9.407341202161135e-05,-0.004659438225276591,0.0032164936789607413
2021-05-24,0.006364061117478703,0.0009266294080434778,0.007557748426241495,0.0011549102919146458,-0.0005053941068438076,0.001961795786803444,0.0027351432836277834,0.0066466367383735455
2021-05-25,0.0012434140723099117,0.0020136099202614833,-0.0021158003755280207,0.0014645699706201996,0.005491403470761487,0.0002768095290310857,-0.0019289549568674014,-0.0007608285508554302
2021-05-26,0.002110553076687205,0.0010672676697130233,0.0023415230271613186,0.00027204283372576075,0.0019217226536519766,-0.0016873620733072192,-0.0015942512822386679,0.0020623208927994852
2021-05-27,0.0007371869405548348,-0.0012964093210685258,0.013074897645438488,-3.251093769559569e-05,0.0004749075376936325,1.3259640720075794e-05,0.003959994711074,0.0013353871496846524
2021-05-28,0.0036593694012010737,0.00042038234737743483,0.00023060508182551895,0.000978310313078745,0.0019434649317202955,-0.0009130790254130439,-7.114134489771828e-05,0.0010340154580350867
2021-06-01,0.0021304939608648766,-0.00037636782975466467,0.014145393056838962,0.000190650523339142,0.007437347006885471,0.0034859541746787848,-0.00245529685402468,-0.00024116071653487172
2021-06-02,0.001758763483059844,0.0008190720602428203,0.003252427010623593,0.0011898392284308888,-0.00015681694497157175,9.994599322027398e-05,0.0010987356866645204,0.0017179783578187612
2021-06-03,-0.0026686331359715098,-0.0009785147938207951,-0.01253700668541321,-0.0006060137233084517,-0.0017417542303265238,-0.0011632886402096476,0.0003510393408230339,-0.001599018787763884
2021-06-04,0.005796899877764028,0.0015997128391676328,0.015233783994429905,0.0018938202603291708,0.00040798519657510394,-0.0013775106055078368,0.006355898843742214,0.004193608152676364
2021-06-07,0.0004047217061922459,-0.0005222691601245111,-0.00555428223004314,0.00043580951577929514,-0.00024799949893661673,-0.00024342056608017693,-0.004190986530393959,0.0007848196295113019
2021-06-08,8.222995312981981e-05,0.0016536458086804705,0.006513888315698135,0.0014084779721088901,0.00015352000938125086,-0.001893841779593064,-0.0019476716465173238,-0.00018588800425375365
2021-06-09,-0.00159973126402454,0.0020604622673610407,0.00030476878347477363,0.0018279969409482953,-0.00014473170096459544,-0.00352777372445201,0.0017504362469789037,-0.0006146328776357124
2021-06-10,0.0037816828643902124,0.0011722666546634451,0.0023635376163666844,0.0012919373808382483,0.0018236602792967348,0.000926434058579062,0.0002128582986067329,0.0026135898117083723
2021-06-11,0.002789453529644692,0.001160774956611854,-0.00040962025400345106,0.0005598189723914681,0.0011232846906714998,-0.0007214624045778217,-0.0007194535319158257,0.0006881517844630536
2021-06-14,0.0023531922433777442,-0.0012675643986459152,-0.00712692567093084,-0.0003110831204767517,-0.0003181110263282494,0.0017710864977940055,0.004628247086339687,0.00048514001000857785
2021-06-15,-0.0007267338937814949,-0.000767305500572435,-0.008192848851582524,3.298074641681078e-05,-0.0016295815965783741,0.0017968543750286337,7.546251741707977e-06,-0.0001808569611391975
2021-06-16,-0.003458834687927259,-0.0012276081239175009,-0.0013750139887309333,-0.0005789615180564423,-0.00242842372197631,-0.0026866657954538464,0.0005426026199761846,-0.0008602492936958473
2021-06-17,-0.0001367515913618056,-0.0009290063054193332,-0.03547104795000285,0.000587755475253171,-0.0013267282519067577,-0.0035229089387338597,0.009420230818569353,0.0016111314278679843
2021-06-21,-0.004116985468653545,0.000752623596024049,0.01617092156478076,0.00021396354422401618,-0.0025818921920521855,-0.0017829364938580783,0.008576819368484312,0.008161324151068327
2021-06-22,0.005634253532907729,-0.0004988749580664087,-0.00038757302530741946,0.00029942031341948503,-0.0008898460223864387,0.0023369764182505914,-0.0033146101123444627,0.0026664327330847893
2021-06-23,-0.0007667230323517793,-3.9776079485098794e-05,0.007929762742828339,0.00026047419219946686,0.0033281877509557392,0.005508423821840469,-0.001430504053747339,0.0003866731149400393
2021-06-24,0.005659362239141463,0.0004518426714663959,0.0011264164060065583,0.0007124936317913,0.0016869729955884686,-0.0010993706197871544,0.00042726710175244875,0.0015223733517162662
2021-06-25,0.0036186854391689117,-0.0017656637821602207,0.0008677721547530104,-0.00012846853646849567,0.0028469463256548125,0.0006397642645987744,0.0003188426996054705,0.001373260592952874
2021-06-28,0.0008540410572213441,0.0016121336951233965,0.006803814571181765,0.0016011310690411727,0.0007953323373300865,0.001612178799846431,-0.0007898446801436476,0.0006651698582951559
2021-06-29,0.00024967618636643205,0.00012014900012061732,0.0014117510952343147,0.000589718139675488,-0.000840197423987484,-0.0007635287892561182,0.0009450566069093558,0.00010991585484657614
2021-06-30,-0.0013666719720487276,0.0015069450761946766,0.01439686588243697,0.0010123083979123647,-0.0005454973202112931,0.0012999513932805407,0.0022357289044498962,0.000353983613883313
2021-07-01,0.0032974043649454444,0.00028534266876948375,0.0015559184423572846,0.000618439971345841,-0.0015280099129662773,0.0006817662758464849,0.0034126843831536746,0.0009128177687418914
2021-07-02,0.00413496475319034,0.0017038182490432317,0.0030134894261975354,0.0010183635611709428,-0.0030288977599851642,-0.00019805398554773035,0.002477977505406459,0.0007479774610266498
2021-07-06,-0.001723172723286115,0.002564465025762164,-0.022938999553493843,0.0023174477736296662,-0.0016976764222304765,-0.00033341981644441354,-0.004126202109098864,-3.20646150795079e-05
2021-07-07,0.002469890368866723,0.0018361660359054509,-0.003484065738996811,0.0012006193754863558,-0.0007905801273508595,-0.0015940552343789438,0.0029805442026953344,0.00043296877559354516
2021-07-08,-0.010887226029351849,0.0013172737818849865,0.0010917969029143103,-0.0005203837633302677,-0.006003631182391005,-0.0031076261666025395,0.0018135467222901713,-0.001063530799159962
2021-07-09,0.008830911244019279,-0.002093177038922167,0.009931909015248352,-0.000884136835825522,0.000131346491944236,0.002552548660374354,-0.0033503459798388535,0.0014170554166985981
2021-07-12,0.004840349037997604,0.0007448905055833843,0.0050138198234386585,0.00044936930379416704,0.0021993833005379236,0.004164819847710777,-0.0023187601307625982,0.00037065412146722874
2021-07-13,-0.0006095773422836959,-0.00015504184202216333,0.005464931642303028,-0.0009530684829044067,0.0028138262530925996,0.003027887939319629,0.0008092395549355036,-6.300388715448916e-05
2021-07-14,-0.0005385961878862866,0.0013715836797869917,-0.0007642101640266908,0.0008706127125690854,0.0004505838066656979,-7.660268852793806e-06,0.0061139654716186875,0.00013164221898657178
2021-07-15,-0.0031720730399169227,0.0009323420005267535,-0.002975483849356719,0.00011271494515211474,0.003237782698777536,-0.0012857795681140427,-0.0046346363705255245,-0.0004522419371145392
2021-07-16,-0.005664526355878075,0.0006277447894136645,0.0031983063412919567,-0.0003626441666736091,-0.001962612770305779,0.0020976496924546284,0.0019663111947505474,-0.002364111271260205
2021-07-19,-0.015230695968710151,0.0030975116929357394,-0.024789429918904836,-0.0014587231840100469,-0.005230374735319106,-0.0045227984039917235,0.0010835847161680956,-0.00924930177824409
2021-07-20,0.009362376369385783,0.0006494627984887979,0.013257864818893716,0.0005293905830315082,-0.0018018762178108828,-0.0009701379317803571,0.002335589994285625,0.009149974603814203
2021-07-21,0.00836082558384369,-0.0016826297370045819,0.014868354253083893,0.0005501283282674296,-0.0002439310856311476,0.0033177929246044346,0.0012206813467523503,0.005220525084232352
2021-07-22,0.0034306520950820097,0.0014771615712863338,0.008499394421297246,0.0014056379736411605,0.003941109393548225,-0.0003896560352505407,-0.0014453478489530047,0.0011066334936815968
2021-07-23,0.006743483125550875,-0.00020166475338952996,0.0019076301253769022,0.00011757733752552065,-0.003942006801183289,0.004005956155543222,-7.370827356112386e-05,0.003895864423467932
2021-07-26,-0.0015262413067144932,0.0001306728423091985,0.009952292638401727,0.00020490097274165062,-0.008178369538715835,0.006488938491778451,0.0009655174027314306,0.0010703106926661986
2021-07-27,-0.0064558324252916525,0.0009647350366797425,-0.008364940329279891,0.00030101525043416675,-0.007423318855108315,-0.0024228885335138006,-0.0031167726767833415,-0.0016899294078123962
2021-07-28,0.0022191444771249348,0.00038334829766765164,0.003607261125042205,0.0003689692805346811,0.0041284358799010415,-0.002417252630174005,-0.0014016331106292412,0.0007106670834524986
2021-07-29,0.005870401962721849,-0.0004079255582997932,0.013768216053321935,3.2906587027514665e-05,0.006978268705719341,0.0073856290447242845,-0.0018114685489888371,0.0019966126726543077
2021-07-30,-0.006483759693020031,0.0007658719561865257,-0.01262613279534971,0.0006219988507170426,-0.004425013269564686,-0.0014599593559041502,-0.004181783661764027,-0.0016180674100824911
2021-08-02,0.002963466259925862,0.0017436818463847702,-0.005490771221837798,0.0008675816293473359,0.004754520501375662,-0.0009599199741416875,0.0029796480914032752,-0.0003478681959926067
2021-08-03,0.004887499459462574,0.0007393082925064909,-0.004182659665975719,-0.0006098940587092261,0.0005620522272266023,-0.0006080826885573876,-0.001050951073706452,0.003739492147327972
2021-08-04,-0.0008209191351363443,-0.00010109739794547105,-0.0051937704344173444,-0.00037582550155498275,0.002879055429808408,-0.0009849423619757713,-0.0006571793260283787,-0.0010728058214503845
2021-08-05,0.004123704991314125,1.1533264104002204e-05,0.004721337971306283,-0.0006316160666424931,-0.0010890498965171508,-0.0009627809435555079,0.002859208263271018,0.0021181115920692385
2021-08-06,0.00029273403706734367,-0.003302963425269778,-0.006478010308178595,-0.0017482016051118766,-0.0029424290539330155,0.0013479354410810274,-0.00024074596746548327,0.0014450792339982031
2021-08-09,0.0004921862656222298,-0.00027014073663186313,-0.01649665907240202,-0.00098869791056041,0.00021332495896593615,0.0009586188842293231,0.006630988974062335,0.0003609361314702908
2021-08-10,0.001570473843344,-0.0005428283910556497,0.013497733539844325,-0.0010103302504476887,0.0015170944396425373,0.0020279397421539835,0.001030026748435553,0.00036952145436600634
2021-08-11,0.002291504795150423,-0.0005381071123434445,0.00613530423374734,-0.0004069327186939309,-0.0005572731840847944,0.00043819999944272325,0.0009550199152774663,0.0009492241567050974
2021-08-12,0.0017081465706294873,0.0003138900519783827,0.00017900755195169313,0.00017433320175256337,-0.00147452434011216,0.0010463966366128785,-0.0020091448998710293,0.0004735477937199195
2021-08-13,0.0006973714499971861,0.00114629066277242,0.0019985228746102536,0.0016611068734036282,-0.001921039251919447,-0.0014188845646236903,0.0011312061051935718,0.0004428398982918913
2021-08-16,-0.001867692590281489,0.001126603551207894,-0.001529447813962326,0.0004850545454133992,-0.0019898595557235462,0.00036387907953039367,-0.004943390087938537,0.00014673323834649696
2021-08-17,-0.005655840286331671,7.265912351320788e-05,-0.010870129165393616,-0.0005417381136793798,-0.0041852587973974,-0.0016332398100108447,0.0006931884623115891,-0.00024486463993275145
2021-08-18,-0.005513853920096479,0.0002091305344864902,-0.0053318141019880975,0.00030271451425160076,0.0017768621448490266,-0.0014437299444687302,0.005803344789265585,-0.0014851934951224056
2021-08-19,-0.005166543102577326,0.0007951847373706466,-0.016879845167764605,-0.00057898948906695,-0.007611779778590404,-0.0014352799788719395,0.0012562387967658406,0.0016810869528221305
2021-08-20,0.004327876897389371,0.00021578342546927363,-0.008216620124309315,0.0004009731649685988,-0.003159079658777971,-0.001904717927527555,0.0038950013160596875,0.0021481305056703427
2021-08-23,0.008971924156932853,-0.000769482074763872,0.021671218481111455,0.001218995100811504,0.004976105153845311,0.0011848076750802239,-0.000791299125070255,0.004783139847077044
2021-08-24,0.004565975313610948,-0.000794153986312629,0.01335039280874376,0.0004418800065005057,0.008861297224039347,0.002017116848292644,-0.00513001718718864,0.0007073371933437378
2021-08-25,0.002034305603953157,-0.002740868165293364,0.004035987203267177,-3.791793879411868e-05,0.0013241397976102908,0.002249864588095507,-0.001093321765935129,0.0010867836392037032
2021-08-26,-0.004895127855014636,-0.00029041712239515907,0.0019853861244676697,0.0003844857138366797,-0.002261166425515996,0.00020605944737472903,-0.0011017991670457805,-0.0026149746121566174
2021-08-27,0.006182463627169043,0.0007441644261883318,0.014730661774871956,0.0019045512710871625,0.002319359937514528,0.0032411192134236266,0.0024354672775879216,0.004201916616920298
2021-08-30,0.004271343379096659,0.0007966862683482012,-0.001786225063375302,0.001378705457223217,0.0038692127166357207,-0.00033472402125922507,-0.004218679340624809,0.001484306995802631
2021-08-31,0.00029825823383692327,-0.0014291279975536476,-0.0020174488535682155,-6.536015217036843e-05,0.006203934339480517,-0.0015217933208976353,0.0005221993016246707,-0.0002808021608004752
2021-09-01,0.0025536039513312293,-0.00027903520993785016,0.0008260081644755668,0.0003564911988305552,0.0010106235376957612,-0.0016178227183194505,-0.0005752110903227692,0.00048037874876442064
2021-09-02,0.00248353704301566,0.0007887882818298553,0.006737781371918971,0.0010988285728743884,0.00014712167819559783,8.966255740761042e-05,-0.0017264782198199713,0.00045434588845386645
2021-09-03,0.00033212191970392044,-0.001286880873205243,0.004152816325289332,-0.0005182257043057859,0.0006559451855525237,8.66322507716566e-05,-0.0031537076355575566,0.0005830335228480865
2021-09-07,0.001112024192329286,-0.002495506394220215,-0.013639891458735199,-0.0010689204534317322,0.002309528999956804,0.0019777966690616156,-0.0005459584449994948,-0.00019457222313897795
2021-09-08,-0.003146369857699971,0.00038798643036023204,0.009348489957583339,0.0006128670408194536,-0.002761628987752566,0.0015159666796236149,0.00391615928139144,0.00029502550557783944
2021-09-09,-0.005254889129168128,0.0020258131916948475,-0.0012761904708474493,0.0016935875480397543,-0.0031124367182539378,0.0008990305716483071,0.0016263587677427527,-0.000911599044875111
2021-09-10,-0.0034539457163968667,-0.0013928635487508668,0.005573240661950229,-0.00036109299371930306,0.002158657825649313,0.0022363489867441855,-0.0020787539766953245,-0.0027775632824029394
2021-09-13,0.0010423219600355414,2.341430647571082e-05,0.005847215305416575,0.0011712271580608723,-0.0014748488635287068,-0.0020183080324728264,0.0010050879230614207,0.00285159329556709
2021-09-14,-0.00335641429630259,0.0011672051995504139,0.0018820426156756275,0.0011871643894403648,-0.0010388919573204353,-0.0029065855574385013,2.7674286928514036e-05,-0.0003064282904045812
2021-09-15,0.0023923323845991607,-0.0008400508347213509,0.017619459738805777,-0.00010770406652601542,-0.0019787237505727714,0.001332004728795133,0.0005938953660840074,0.0028872595576514893
2021-09-16,-0.0010470573129416018,-0.001219223795352742,-0.00998393261155991,-0.0005181457190234995,-0.0035853907876202164,0.0012558105769089334,-0.0023269823112777033,0.0004872634174724388
2021-09-17,-0.0061111670978435065,-0.0017180638718145792,-0.01059354816373278,-0.0005361955030334875,1.7526895882372998e-05,-0.0010625622737419071,0.00444543870749281,-0.0006096721664290095
2021-09-20,-0.015863265608349907,0.001858406108882693,-0.015328941077883485,-0.0010602417038348634,-0.0062807760591527114,-0.002446294607185706,0.0037051156507825755,-0.010520444017834552
2021-09-21,0.0010842587942186176,0.0005802693955175075,-0.0029822969100263496,0.0007302069965302915,0.0008544724397300585,-0.0009033623565699589,-0.000279851072200743,0.00010704450946622531
2021-09-22,0.007022660121339485,0.0005453492608327503,0.014405620997739265,0.0011907544628140586,0.0005208960163166595,-0.001252878568778093,6.943491439304061e-05,0.007903795173019012
2021-09-23,0.009539255292793125,-0.003973663553691853,0.011196240854679995,-0.0017260158026151885,0.0016235397358917213,0.003897297216727713,0.0028891206347243514,0.007523643045824568
2021-09-24,-0.00012963595485512294,-0.0025416957113477356,0.007546049474312288,-0.0011027095486154327,-0.003090039078593106,-0.0006591254178712758,-0.0037910260450143562,0.0018284636343111392
2021-09-27,-0.0020143743803216706,-0.001065871264563334,0.018660562646564384,-0.0006304417514921501,-0.00014304194469298617,0.0029363421078941743,0.002184638297254571,-0.0004825104269811864
2021-09-28,-0.0167302943926921,-0.0025182807181562627,0.0008941718535644738,-0.003437357943707886,-0.0030309148452450953,0.0014076132398938013,0.0012848359965818013,-0.014194317798041334
2021-09-29,-3.503261889900026e-05,0.000954967265182105,-0.013075170458717833,0.0006732775774960564,-0.0022448932520576447,-0.001795891081291745,0.0035498507072944108,0.0018653359165950233
2021-09-30,-0.0065674311367665775,-0.000898684785552295,0.011643157403436388,-0.0006822421712966098,0.00029622405273425077,0.00015948841583446338,0.006834596997063125,-0.009722301332642147
2021-10-01,0.0033370862808040137,0.0018853107012320235,0.0016675643552508722,0.0008645552247373067,-0.001602508717583869,0.0007511418277130755,-0.0008842376344899705,0.010603405033474933
2021-10-04,-0.010473008507591109,-0.00037674501192815903,0.011152094337684637,-0.000790094169381328,-0.0031410827598063683,0.0005246409018683229,-0.004186931703754282,-0.010184276603790033
2021-10-05,0.007706978247487261,-0.0020625052258827713,0.01763078548338063,-0.0010655286432572299,-0.0009339033678626282,0.0037736856646987116,-0.0012864916918368108,0.009054352111745689
2021-10-06,-4.756547161984818e-05,-0.0008027919503369119,-0.021778574255268822,-0.0017249608363627213,-0.0029892981369057047,-0.0002600294219967658,0.0017587760335302516,0.004028478674754676
2021-10-07,0.01087028111811098,-0.00034421536221570517,0.007363689711872101,-9.831991204933867e-06,0.006869052610937542,0.0014308762881456438,0.002292887174720093,0.007037447130247265
2021-10-08,-0.00043625919572173324,-0.002222595447059572,0.0027167270649557707,-0.0016455004621302673,0.0003053157637136909,0.002457288273523317,-0.0005071260476849915,9.675695553127413e-05
2021-10-12,-0.004466138168685097,-0.00141372882224885,0.0010489608895838719,-0.0009688090077869194,-0.001695817486561376,-0.0007017717508868149,0.002845734869623584,-0.001910735024471666
2021-10-13,0.004033735856917608,0.0015735070987421883,0.005325336193942964,0.0009264104995155064,0.002437639234065144,0.0018848269360898229,0.001362385378340214,0.0036140932936737148
2021-10-14,0.013044492492666959,0.0023228014998253666,0.010972636424328141,0.002768902602211998,0.002479009840332258,0.001911606245901032,-0.005133810262644145,0.015346160544563536
2021-10-15,0.008175721692446325,-0.0016558991159782656,0.0030398031834358076,-0.00027849225919048817,0.004519424642202263,0.001969197847896953,0.0004951681768670113,0.002592982635794028
2021-10-18,0.0018405104476802213,-0.0022909382343054507,-0.010617339756345679,-0.00038720381976927733,4.5392337139068136e-05,-0.001037564194512619,-0.00039734529904644766,0.0017699329374094906
2021-10-19,0.006185980088323972,-0.0016135672106922462,0.002779232317702529,-0.0006883770320252558,0.0026474287702643188,-0.000329510519751941,-0.0004741506311931598,0.0031822434423128044
2021-10-20,0.0033986839118827273,0.00013861665165307844,0.011908419606083498,-0.00027629921600499376,0.0015720870369133571,0.002886563794563868,-0.0015938948864305802,0.0013256847627674316
2021-10-21,0.0005009711193513566,-0.001501381968668969,-0.01859962157345082,-0.0007133184960799954,-0.002805136145549155,0.005644343875931157,-0.002250617513181896,0.0011566526501330164
2021-10-22,-0.00023793616105812767,0.0004057450136230378,0.005458201716988664,1.0752806959979342e-05,0.000300288389173875,-0.0015370208164195986,0.001405291856862556,-0.00042756005339946725
2021-10-25,0.003026054936882827,0.0009385059034759169,0.02009683416108613,0.0002238648802168952,0.0012923863243153087,0.003043829920338137,-0.0008567346044260349,0.0019496266219221402
2021-10-26,0.0023479193322267,-6.218345166531005e-06,-0.0015399189683010463,0.0010429317674998438,0.00014901179549734465,0.0015227522368292945,0.0014167618413845062,-0.000222588997374118
2021-10-27,-0.005524554059829623,0.0028856036319060752,-0.005687547202418231,0.001901040052310765,-0.002390614287325384,0.0010667658034968497,0.001239286498125436,-0.0016073580616699724
2021-10-28,0.0057754176064837345,-0.0018302041490450784,-0.007423225599768013,-0.00043739315210208354,-0.0020940669110285394,-0.005033399636319991,-0.0005299281946273826,0.002780668229460026
2021-10-29,-0.000510008853324162,-0.0035205222593868934,-0.009026481518514895,-0.00039615982867043933,-0.003072718843488812,-0.0033083347429211374,-0.005383630217426383,0.00030668798683189944
2021-11-01,0.004330470979792922,0.0003794626558038305,0.0027502714735439305,-0.0006478506120659256,-0.0008553496078690048,-0.002081099806370945,0.008500940882200103,0.001052048380571635
2021-11-02,0.0020116654103570553,0.0039439120447611106,0.005540267530942866,0.0011404019007854925,-0.00015653035785024124,-0.00218097197471101,-0.00242604707183236,0.0008928354753237388
2021-11-03,0.004413921377729257,-0.0004463703261845198,-0.01042754675869303,-0.000475292978749009,-0.0005724060135815538,0.0018387713028455988,0.0022610942508169973,0.0011621881633767982
2021-11-04,0.004621799557403638,0.0039151376929893785,-0.005415954328986195,0.0028195153976267374,0.002539779320947063,0.0014470773236516798,-0.0027040255455152984,0.0004592043017684122
2021-11-05,0.0014633751234549906,0.0035417864980864856,0.0015681701386465517,0.003934986733294765,-6.85985428125702e-05,0.0001620234820438604,0.004927628956008734,0.00020585863948000547
2021-11-08,0.0011394598834504664,-0.0010725773075666801,0.00042526320358752254,0.00022327487273269273,0.0011634813633350652,0.004498504993288965,-0.001034811497702015,0.0003676116316422617
2021-11-09,-0.002418349918264917,0.001964191661648662,-0.0030155196633538605,0.0011957909125033582,0.0013367991836301255,0.0024267304221854413,-0.002212681104137748,-8.871630530590261e-05
2021-11-10,-0.005351839617125898,-0.0035459763477362015,-0.004442940254200301,-0.0036598251586046015,-0.0009270492184034788,0.005853458133154743,-0.0005041208197721359,-0.00030853828405327246
2021-11-12,0.00878216027185944,-0.001090217983089692,0.007639281048416968,-0.0016390550490375745,0.0029823962909626377,0.0022265506588440287,0.012433898495083806,0.0005746807167108847
2021-11-15,0.000761620528484197,-0.0009093616555809425,0.0034910909865757734,-0.0022940323755156976,9.15612946494115e-05,0.0025536214311159267,-0.0005099668975302452,0.00016411419690779414
2021-11-16,0.003345288203267438,-0.0005921008262543493,0.0017541101322598228,-0.0010654724850018506,0.0005521286130420985,-0.0012396222291405357,0.003715808143976762,-1.6347040170061963e-06
2021-11-17,-0.0028271287494241125,0.00036389609206958216,-0.009009974556491518,0.00010111585183584234,-0.0008089281891376218,-0.0034689282757195405,0.0042808553554174456,3.97945385646525e-05
2021-11-18,8.339880658917439e-05,0.0011925587284724924,0.0013683306845413744,0.00041774574419232156,-0.00328338082287594,0.0013073995777634906,-0.0014292964905864292,2.7363891586673592e-05
2021-11-19,-0.0018962399425387023,0.0022772141955647363,-0.0023305865889739707,0.0005021036012964663,-0.0008253148838124373,-0.002624252196338883,-0.0021313837106740063,-0.0011822681468926734
2021-11-22,-0.004103774076173317,-0.002517801425542554,-0.002136348783919406,-0.0020734481693320483,-0.003012289156317168,-0.003906024367805072,0.005669900437358377,-0.0013993106719571659
2021-11-23,-0.0012236049682937346,-0.0034481063394136923,0.011244877028041144,-0.0041783923709362795,-0.00363473287673259,-0.000255656337346033,0.0034152667507774126,0.0013980153060706767
2021-11-24,0.001126622190863935,-0.00012541383034522238,0.0033446964774772937,-0.000290139076408702,-0.00037439641147970495,0.00016052639017094528,0.0006313276584075656,0.00139603580946116
2021-11-26,-0.022480864595703053,0.007295238322950792,-0.0336508703914172,-0.0019232317987154192,-0.008675651203978141,-0.004752020209699559,0.0027662046872563018,-0.016435273494240753
2021-11-29,0.007126540352038002,-0.0009269545254153244,-0.01382607468498217,0.0015554726271345464,-0.0015738368149734025,-0.0005668611613285357,-0.00581037530335804,0.011068440559234982
2021-11-30,-0.015362603891491433,0.0024119290856768117,-0.029606490586614097,0.0003770917058539047,-0.0013768944752023987,-0.0034733432026266,8.257437270531298e-05,-0.01356558632013779
2021-12-01,-0.00455237568183694,-0.000635045266625689,-0.006216352609585385,0.0015966110443999314,0.0050359354325699305,-0.007556915869243674,-0.002117551241068827,-0.011695852765323445
2021-12-02,0.008201825649015981,0.001294953581541891,-0.0008998917741820045,0.00035685772967178895,0.003216661944811846,0.0014911443534457725,0.0004892514585113084,0.013608307628456362
2021-12-03,-0.006950210536040358,0.0017460268395302124,0.007096598137208454,0.002523689824123021,-0.002319535717892973,0.001094382654601711,0.0007523535142965887,-0.006605337136526302
2021-12-06,0.008076907408429068,0.00034418730623467784,-0.0010260320223921206,0.001136095857496222,-0.003047468343798213,0.0008547317855572834,0.0014835974943405716,0.011210971860868868
2021-12-07,0.020683594534006512,-0.0018109366734958222,0.010405343897865104,0.0030462982910426707,0.006804936636479701,0.003132709356603036,0.0007839723453493264,0.015059342598929859
2021-12-08,0.0029192470467905075,-0.002295755012265166,0.005785542924199782,-0.0016484555833914062,0.00157834207153484,0.0036053942942624317,-0.0006271737808476452,0.0028211492201782097
2021-12-09,-0.0054054897168180575,0.0015780604534399222,-0.007222774895274531,-0.00011472237289796853,0.0021714279408295437,-0.0035917659417527004,-0.003410683891075128,-0.0037644076796735314
2021-12-10,0.0032955138151507303,0.0006084064408607204,0.003567180389995073,-0.000219693471725424,-0.00240140181852548,-0.002127227781781982,0.0027378329478320307,0.006671031824828011
2021-12-13,-0.007145137607249408,0.0021382728742865066,-0.004105099499997678,0.001432956583744349,-0.0015861032611584188,-0.0013526409716921872,-0.0012814629317600135,-0.004180919250066773
2021-12-14,-0.0071064992649334194,-0.0006172440555360592,-0.005352351718607673,-0.0014379950851643676,-0.0026719689150835556,-0.00341920878760249,0.0027285351803014724,-0.004693577766459367
2021-12-15,0.01040154323210699,-0.0005179442184266248,-0.004860198011057493,-0.0003726666788616773,-0.00276087142240378,-0.001952658867854784,0.0019998025481995363,0.011234000309369862
2021-12-16,-0.0029037553435612095,-6.834395250587857e-06,0.015876303420172357,0.0014182620970899838,0.002975109993169889,0.004175382585668963,-0.0018709562413873337,-0.003863816965109368
2021-12-17,-0.00781618538152803,0.001260561240791913,-0.006331176264112693,0.0003370062616972258,-0.002304543172605574,-0.0011690174751903815,-0.0039021698687806694,-0.007969783827344446
2021-12-20,-0.01291284503134923,7.413916789514859e-05,-0.010801850353569032,-0.0013388825469099143,-0.008048051803910147,8.668724552352014e-05,0.006251207986845753,-0.005789164313224593
2021-12-21,0.01652473650504186,-0.0036815218456342723,0.01848953723709349,0.0012287136682312182,0.0038446496307095145,0.002496618034886877,-0.0009037204205779581,0.010322158049116214
2021-12-22,0.00816139157226362,-0.0005730313776748042,0.016255463088233925,0.0015670388447755256,0.001887656395877139,0.0034093230950869025,-0.0009881760201757572,0.006144103435987069
2021-12-23,0.006728037212730775,-0.002011085047131844,0.0017549864223030175,0.00028964216435171106,0.002608244883109545,-0.00043636586351814,-0.0035282243721957984,0.0030318513922705016
2021-12-27,0.00879865992989196,0.0002425107016861605,0.014932621269852875,0.0020476523542021564,0.0008962903736937977,0.003082626047304027,-0.0017905940767423134,0.004594149772570366
2021-12-28,0.0010277278031703195,0.00022322096257102462,-0.0031825416997269484,0.00014293147689240502,0.0016553663625516984,0.0013242673270428273,0.0013708856413159332,0.00019784067584963647
2021-12-29,-7.61695466540924e-05,-0.0025535605149527795,0.0012827458645628175,-0.0013196149916645196,-0.0024917085458381746,0.0017696081437958977,0.0007553129358033317,0.0009227746099627398
2021-12-30,-0.0011973075266937473,-0.0001731025952986465,-0.007571164626890637,0.0006651641680733067,0.0018001974819574365,0.003137528075489948,-0.002832977720768959,-0.0004331080499779483
2022-01-03,0.003129999646368764,-0.002918709670357533,0.0003563979466847722,-0.0027633919794315064,0.0017902287161034923,0.0038722356287953508,-0.001108386065051148,0.0020502728441192165
2022-01-04,0.0014747592801563124,-0.001513728719308516,0.011207543543235754,-0.0007389411637533594,8.519611229876874e-05,-0.0024773443493675273,0.005321210726358938,6.72793618288536e-05
2022-01-05,-0.01384449287859254,-0.0013255250573987688,0.0057371132343884464,-0.001608407614720775,-0.004304182897462487,-0.003400173737216461,0.0012452871822306033,-0.005823850502106287
2022-01-06,-0.004296732422372352,-0.002833825861646899,-0.0036917286634337797,-0.0024805332035676363,-0.0031325713748002783,-0.004872606047718331,-0.0011030115230493687,0.00022710235630943874
2022-01-07,-0.0020580297556584636,-0.0017138780320360093,0.004972007859523264,-0.0022389529693496945,0.0015788688512026155,0.0015401664475885868,0.0010783369243667629,9.222023777092355e-05
2022-01-10,-0.0024536072050212686,-0.00017663109131235146,-0.0042269815578998785,-0.001712949758181559,0.0008089885494448112,0.00019291239168417462,-0.004384373772217565,0.0005660950523152297
2022-01-11,0.008010731589058772,-0.0004394781435735573,0.018897113806141598,0.002417053851117712,0.0031018521943504,0.004958266476137396,0.0010667222649018981,0.0031502175292595137
2022-01-12,0.005718410653416972,0.0017888528025733817,0.016076215800162642,0.0012909309353808295,0.006263945053134134,-0.0016006979464580073,-0.0030082410808986992,0.0016994810744810683
2022-01-13,-0.01032307367502957,0.001599317604727124,-0.013126024757188237,0.00020646417658890524,-0.0013360000713484163,-0.004974643626046049,-0.006746891235706598,-0.005092807031800118
2022-01-14,-0.0024081143973408658,-0.0030994686557710093,0.004798512176100977,-0.0030744748896225026,-0.0035005745409983947,0.0014288732024244633,-0.0016824917096393,0.002007484589913877
2022-01-18,-0.01319180395299554,-0.003276147899910675,0.005613157589379225,-0.004273291940099367,-0.006942549264186993,0.0011976897924331764,0.004327323773618774,-0.010003277416505496
2022-01-19,-0.00788181239815563,0.00011427977684900222,0.012654175397187861,0.0009212525478555,0.000648531348797902,-0.002958458410514342,0.004606109679495596,-0.008613894930032917
2022-01-20,-0.003905491859066823,0.0011779379290722035,0.0027357036166209326,-0.00020411004470340945,0.005375693260612042,-0.0012883804076202487,-0.001307375112152842,-0.011379361007645661
2022-01-21,-0.016833280256067194,0.002723120704783122,-0.0035271929344807495,-0.00118541006093994,-0.0019971308621811214,0.00017373344883941932,0.001184265899342396,-0.012694572626032874
2022-01-24,-0.006002654828138077,0.0004938492732960209,-0.0070497870675161,-0.0026464168223277683,-0.007077846918088442,0.003591632804567757,-0.000819723768909153,0.001836392906555273
2022-01-25,-0.009640211365145113,-0.0007288696117510818,0.009560157973658423,-0.0010424055704822634,-0.003323097001758631,0.0015083500366285252,0.002579142893742059,-0.005211685413240541
2022-01-26,0.0012923812616401408,-0.0024313951990673987,0.009573034229846377,-0.000891656770705318,-0.00017804681364253324,0.0009897130174810753,0.00047679489709828715,-0.0025881203344152114
2022-01-27,-0.005919889713093174,0.00010331401093081057,-0.004117791881402566,-0.0033989735320641644,-0.004769035128621853,-0.002335163651096872,0.005411805132013114,-0.0018972137174136595
2022-01-28,0.01509978321084685,0.00021900078825302092,0.009022322126680337,-0.002844202963171083,-0.00022971764312377987,0.0026726102837641985,0.007697980624031375,0.016853478542704615
2022-01-31,0.016285485862577644,-0.001368903269349764,0.006679187393271701,-0.0001951727163188255,0.004734441659731021,0.001712968237429946,7.102840890960138e-05,0.011062772905305473
2022-02-01,0.0070726693603804566,-0.0013319563966012972,0.006586519422892711,0.002515125070410995,0.0016183953461512282,-0.0012756546359921073,-0.005309600760330047,0.005044586300430065
2022-02-02,0.006841188426548938,0.0007051455349358693,0.01560912895527714,0.0021105829845638247,0.0007010370009552106,-0.0009908567242447042,-0.004501557497897157,0.003471436056836008
2022-02-03,-0.01880486640040443,-0.0049468385532680185,-0.008423724677323408,-0.004780683691701671,-0.001590585606181901,-0.0032615801354288765,-0.0021233264529130214,-0.010335056987091662
2022-02-04,0.00460036259733968,-0.004682106927108654,0.0021337927675353697,-0.007234957725462754,0.0013066902833824426,-0.0009627573827872826,-0.00603116922305702,0.004418925358227221
2022-02-07,-0.0013955625372084836,-0.001289226763435425,-0.001607216895053132,-0.0013078929078626734,-0.001118279212178704,-0.000459313101408676,0.001308522723598049,0.0005017266196550074
2022-02-08,0.005640913938786551,-0.002376522546507631,-0.004422115282602357,-0.000290284173406008,-0.0008083619407507755,0.00145294826544895,-0.0006772687075221606,0.0043971423070848
2022-02-09,0.015143604599118487,0.0019027928833841633,0.007619206163733716,0.0027486409153621217,0.006257405882776712,0.0017750230968116565,0.0019407939965467857,0.004837274738926067
2022-02-10,-0.009846670933484425,-0.004811948211231843,-0.0022913883296554415,-0.006066769135414341,0.0016113405728936897,0.0025073310244222435,-0.00027686428679207786,-0.006254925866554262
2022-02-11,-0.013904176757421805,0.0009949001740952367,0.003703227075230886,-0.0025936880537542283,-0.0025778237608172438,-0.004024644161361612,0.0018220156608661497,-0.01054308705148862
2022-02-14,-0.008536280695795451,-0.0010514831657046587,0.010988935737209526,-0.004983574752327214,-0.007324672794806535,0.006973915864392666,0.0014626951507772379,0.0001450875972735299
2022-02-15,0.012904805766753602,-0.0017561948144217633,-0.010923077452716446,0.00022895947117199664,0.0023654048480882595,-0.002169608208780316,0.00323740741634837,0.012275719449859978
2022-02-16,0.0024325086785450868,0.0017414173908690044,0.016239583845564044,0.0009912953579647497,0.00472032199147054,-0.0021446931879406383,-0.0025134941681551615,0.003056282032385871
2022-02-17,-0.015287963706064079,0.002558413844316465,-0.001231709368333467,0.00011862273150912147,-0.000496855256634754,-0.0009264696414290619,-0.002251171317385614,-0.01601599304177178
2022-02-18,-0.00797910701303225,0.001554496187559351,0.000846058737302735,0.00021694304390987849,-0.0029137699396862503,-0.0010389902008418606,-0.000599044213820954,0.0009459419891737819
2022-02-22,-0.012650106167158415,-0.0013575083511611853,0.017152094929188157,-0.001263448785999788,-0.008087686648725579,0.001341147702111245,0.0028544260842593427,-0.004110341147912944
2022-02-23,-0.012018826981786102,-0.0012067010081752928,0.007032974480515352,-0.0012785262013563449,-0.0024181323091229147,0.008399195459467435,-0.0005160386332069278,-0.010717432295005514
2022-02-24,-0.0006124142876927308,0.0026342964147381466,0.008116098986012543,-0.003223857041965339,-0.019379277003494882,0.004507663327108169,0.000862323991577929,0.01040112212730041
2022-02-25,0.021453864896970466,-0.0014671946709678642,-0.024894050461491034,0.005426674712023327,0.007077636864263581,-0.004788140769538041,0.009321318277002444,0.012347029886789184
2022-02-28,-0.0004269698675389511,0.004961511157334708,0.019192552467516978,0.003282857477014767,-0.004036042240213334,0.008314576999747247,7.908417462587636e-05,-0.0014187986443712998
2022-03-01,-0.012503956230302949,0.009553251175596056,0.041407587148119464,0.002394329989941191,0.0006546892228279977,0.004008038127631508,-0.004549392039846278,-0.009607137192408433
2022-03-02,0.011024663791767952,-0.004394302113835813,0.023509398078237966,-0.0033535466618250464,-0.005179741454658534,0.005897704905536538,0.004898795724038951,0.011772978193513228
2022-03-03,-0.006666111357182392,-0.0008557096356314964,0.006773112127460823,0.0005707750409280954,0.0013145190831909458,-0.0033843561109077047,0.0011152347560778875,-0.0014594006495401658
2022-03-04,-0.014593065846712239,0.004461704891781914,0.0333725779925376,-0.0013533758651138263,-0.009352370424093984,-0.0002820579614002394,0.002335637249115008,-0.0035868899436921286
2022-03-07,-0.02518174617662646,-0.002439925619972605,0.030220789510442526,-0.006765078817177994,-0.013695641008845169,0.006935915877317456,0.009484422487689992,-0.018359693349860505
2022-03-08,-0.007147464331237663,-0.005985460547600708,0.013511280793165692,-0.005106198746095159,-0.007422788025948095,0.0063350990758067605,0.0033171018654303275,-0.005078572807169801
2022-03-09,0.023671257645668832,-0.004186988084924204,-0.051227078020266346,0.00020921724707337883,-0.000804847287308382,-0.005611963141725629,-2.2695992690113798e-05,0.02111590689660984
2022-03-10,-0.001689710298132885,-0.004688408327903149,-0.005674277312850718,-0.004288465422020183,0.0037071822060333846,0.0030159223957981762,-0.01015289153073673,-0.000976763370206657
2022-03-11,-0.010059559792854634,-0.0002704916721639417,0.010124459768113858,-0.001794854084739417,-0.005317290748689256,0.007372105954169483,0.0033892673461104472,-0.01036640663564955
2022-03-14,-0.006131448013809349,-0.005436605199611944,-0.020493434374405838,-0.008336080631587606,-0.011570346157389985,0.00015768293817042256,0.007403745410300422,-0.005335487164285302
2022-03-15,0.009855614805315082,0.00028206524768007444,-0.015345218173985787,-0.00028503041527702113,-0.009697976125816729,-0.006730100842836206,0.0020810075841177778,0.01989976650464701
2022-03-16,0.026468710120618976,-0.0013052931484996311,-0.010083425073331199,0.005697096705975136,0.0195318636368343,-0.008272927474272662,-0.0016199499885118929,0.018553930111277882
2022-03-17,0.015015863163355524,-0.00010936186607883876,0.030472164121480082,0.006019562661165723,0.014162391693404377,0.013216471786338557,-0.003987544332307191,0.00641221248082442
2022-03-18,0.00956552783734883,0.0014128707026493492,-0.007950661352275446,0.002082746947844227,0.00156727929287462,-0.0013898058185404238,-0.005691931008792395,0.004457892182898227
2022-03-21,-0.0011077984693014687,-0.004948851173107105,0.018726795245538174,-0.003850182408689884,-0.003877543174007466,0.0017244136978223912,0.003428154369459202,0.0016254821213080417
2022-03-22,0.011322945206948386,-0.004327425002575258,-0.0009560809427292983,-0.002292656369607671,0.003472678896784442,0.0014722539050497918,0.0018621076036857698,0.004337554164805924
2022-03-23,-0.0071842902297418075,0.0015809705418872832,0.02623833171643326,0.0015369053985106573,0.003760735096448727,0.0010796067566134493,0.0008032243496913782,-0.0042213696110230845
2022-03-24,0.008450447642827385,-0.0021566903921223404,0.0024208026548638403,-0.0011229686725774846,-0.0016186309605202916,0.0028967172251013196,0.0006151908288971608,0.0058458545230389404
2022-03-25,0.001128419153011051,-0.0036141788468911254,0.005340487515056514,-0.002484991278567317,-0.004218696555542937,-0.0006041880522411613,0.0014502938306246715,0.0023610153559379785
2022-03-28,0.0054208182388769234,-0.0008485993048581886,-0.02802729701943556,0.00020124884889678445,0.0007009640797215258,-0.0001767185100516322,0.001198038619730335,0.003017367547292271
2022-03-29,0.012773702467312974,-0.0009101659245463356,-0.020460048599210624,0.005805511914558426,0.005775013483040763,-0.007757413766600441,0.0029403183889860074,0.0020761671141922952
2022-03-30,-0.004037545137711973,0.00133131215650224,0.022884668627858606,0.002220235715640961,0.005299803641406172,0.0001873126160194527,-0.006015515019085482,-0.0004190062167723108
2022-03-31,-0.012888620851735855,0.003022064544198355,-0.01615797177390259,0.0010675389814861047,-0.0015103127159166619,0.001872485430321369,-0.005979986464056952,-0.0024117940856769773
2022-04-01,0.003419817977115502,-0.0026542051151672743,-0.004291114564242626,-0.0012137186683501167,0.0006180521269196696,-0.0051353001212132154,0.0045285121582188115,0.0024098692463621727
2022-04-04,0.008344720743670275,0.001193211766850788,0.013654412271494842,0.0019057149682234042,0.005373611037204233,-0.0025121629221440678,0.003133077605014911,0.001964737316675635
2022-04-05,-0.009140120322400792,-0.0063050590244797975,0.005101051158295245,-0.004129338780015579,-0.002972889409628262,0.0016410185441739777,0.002967251585477504,-0.0020722228294918657
2022-04-06,-0.010836822240284084,-0.0032587844926210033,-0.013420368387142823,-0.005762824965463697,-0.005229982319400683,-0.0030005164855481103,0.004820009457540797,-0.0016611298610886172
2022-04-07,-2.6528688842941754e-05,-0.0008325033586773945,0.0033213712218276956,-0.0024948969822548464,-0.005292713873412354,0.0006121928917016684,0.0018510435627423494,0.0018041441382755207
2022-04-08,0.000539135162246862,-0.0020345085000464283,0.011916814412997589,-0.003940940198353271,-0.0010093304783135749,0.003616539497360849,0.0025364660156528274,0.0005790615402106569
2022-04-11,-0.012814405680566843,-0.0041751010375709495,-0.0037144430126736963,-0.006467158121259686,-0.007236630995226541,0.0031859945122177935,-0.00018477791095783402,-0.004389214953043607
2022-04-12,-0.004063965584131623,0.0016850562743465191,0.022749628237253527,0.0015440212812770193,-0.0006840226326314611,-0.0023252330413547906,0.002912941284186399,0.0002647130419580312
2022-04-13,0.009349139756360158,0.0015620000121350896,0.01713702192029627,0.0008281594043667128,0.0030697852110568224,-0.003367358657150765,0.002176161037318769,0.006314699405843016
2022-04-14,-0.006490584262783971,-0.0029965687947283606,0.010840585619686104,-0.0018095881741057474,-0.0012194749152311557,0.0037428244111220588,-0.004674257172644802,-0.004132675462503443
2022-04-18,-0.0015580625509141078,-0.0012333962574877955,0.01940558022183809,-0.0023405590831165226,-0.002322548074234902,0.0033329342546845053,0.0013967872334503806,0.001543333373946809
2022-04-19,0.009553675705025255,-0.00382693542385264,-0.027173657902577354,-0.00256908470735322,-0.004806083424984053,0.002519213307253021,0.0031256203586538245,0.00792753282355536
2022-04-20,0.0007876611627242846,0.002482795640817836,-0.002246300658806089,0.002341563750740971,0.000647861867631394,-0.0012205789011312529,0.0025818314869041625,0.0005583444941164694
2022-04-21,-0.009965711079629003,-0.0026976041059133984,0.002066603116400567,-0.003035566420378766,-0.003846676362688954,0.006813893343996735,-0.0064003324923518345,-0.0078010492172804645
2022-04-22,-0.021504509427513963,-0.0013028285525924943,-0.01727574177069784,-0.0038993493826442907,-0.0050309448511486774,-0.0006439339632058338,0.003313100706647143,-0.01873588553097243
2022-04-25,-0.002381978752534253,0.004513635011664863,-0.016969770286626874,0.00019494375362467668,-0.00948624823819763,-0.005100734943204399,0.0048747423841273285,0.005354098779426564
2022-04-26,-0.019311162576751074,0.002662433822644483,0.011525666138458023,0.0012892729837753025,0.0018743232558830962,-0.004650042040050373,0.005317158624207119,-0.023741760695371972
2022-04-27,0.0012732389936878751,-0.0011404019239322106,0.010604284234135907,-0.003264274105079279,-0.0030545979852308596,0.0032228105453544487,0.00516802139923489,0.0030117544180035647
2022-04-28,0.019707586300526336,-0.0027978765743322145,-0.003725841621976245,-0.0015637134176268886,0.0027764400245777676,0.006141226451694903,0.006918019571687362,0.020323774666472904
2022-04-29,-0.019787139988726988,-0.0024403078404909187,0.002412462862400777,-0.004748269701597962,0.005402740905296977,0.00011196978039629268,0.007281161023248162,-0.031324977319307765
2022-05-02,0.0016772290890403995,-0.003263357045519544,-0.0038975062165800714,-0.00492444726164869,-0.0025512932768669916,-0.009081865341262096,-0.003148142007874055,0.006329895550277365
2022-05-03,0.0034150232303025827,-0.00011833167868717805,-0.002716917444090239,0.0014981689823450716,-0.0015465880299930124,0.0027767136666769776,0.0026767762496247016,0.00455051987586248
2022-05-04,0.01659514621432203,-0.0006275865416728089,0.021936382154953103,0.0016856497591156926,-0.0002482694020200665,-0.002234498187722478,-0.0016320252571782046,0.02672466967373812
2022-05-05,-0.024648223837864004,-0.002868081103174136,0.007301213146976204,-0.004433151579335304,-0.003160872757164753,5.032977369079372e-05,-0.00918837084183477,-0.031277860567516115
2022-05-06,-0.00940459270291969,-0.005130817488793272,-0.015581375503980954,-0.0068911421609692885,-0.010795921012299403,0.00020361473956287401,0.010632788960721395,-0.005377923454287315
2022-05-09,-0.028543859211543433,0.002420551170957541,-0.0428068490642177,-0.005503315590379288,-0.006670209049451089,-0.008436286104168356,0.0026249375485558613,-0.03152683332633919
2022-05-10,0.0007939027754929827,0.0033000988279786813,-0.0011382979717505571,0.0014868222638008354,-0.002699350767725147,-0.006638623998823201,-0.0005737051742606969,0.0022027406573229768
2022-05-11,-0.008350926167783967,0.0024298109690407354,0.022395956054816278,0.0015454875195425543,0.0023679573099873487,0.004677678347751568,0.002324897750811017,-0.015662800106761667
2022-05-12,-0.004839422519090398,0.005520909541300378,-0.002079241411794919,-0.0022616268209367575,-0.008303260786428342,-0.004835759203262513,0.0008099152750657979,-0.001936693218016905
2022-05-13,0.023001950572176265,-0.0030651824779378335,0.009134885706684992,-0.00048102123358948493,0.005313977936316367,0.004879795436642187,0.006064931623511294,0.024099018647545732
2022-05-16,-0.0025165940313071956,0.0012934657444613417,0.01973506471760391,0.0001507302260847164,0.0010611473103459593,0.0010759981982642053,-0.0017148835369069637,-0.0028533437628982306
2022-05-17,0.016985407605614088,-0.004895785419531485,0.0060196823761481605,-0.001427457997135151,0.006910221327206704,0.0014269829748292384,-0.0037292820352741174,0.01938133194996374
2022-05-18,-0.026289307732955104,0.0022824916409688533,-0.015170461692719272,-0.0032398487354180273,0.0010748013026150804,0.002291210708488478,-0.0071982293237167205,-0.039403666891678714
2022-05-19,-0.0082328299857499,0.00249672128299685,0.011382341952565067,-0.0008145497093998478,-0.006220842359883568,-0.006958361044669625,0.003892726948677927,-0.007120235321984892
2022-05-20,0.00419878980309587,0.0012083463941997773,-0.004316176515389048,0.0015763135146444006,0.0076905782399351525,-0.004937141959396096,-0.008225211217144701,0.013291886775216888
2022-05-23,0.013039282437290823,-0.0023392106413022474,0.013864695671833705,3.06634056600695e-05,8.158275607841311e-05,0.004509300046105835,0.00013164669998655398,0.008951604702786132
2022-05-24,-0.00957935042683875,0.0037737354929853416,-0.003182168833628629,0.0030715699099862714,-0.0040471094706353355,-0.0031075642266378267,-0.006995683268860908,-0.0027872196767228853
2022-05-25,0.007591693397647558,0.0016501367462896876,0.0013189070998381957,0.007160108539635023,0.0024331087736254807,-0.0003792343824278177,-0.00433529646008235,0.00451467783867967
2022-05-26,0.014209678068287124,-0.0011832917005979216,0.00874226063351582,0.008910507757094033,0.002575223277349995,0.0067317102004159635,0.0029650746822806884,0.006853454461953756
2022-05-27,0.0202421932704099,0.0009562515495825873,0.004568944427967647,0.0046502352087770754,0.007586892798975641,0.0013393109215137367,-0.003073833764010603,0.005343857255323847
2022-05-31,-3.9631803543027785e-05,-0.007370923406813313,-0.01880899214209484,-0.0008067812688201449,0.010625203890999657,0.0036620135856239022,-0.0028296317810982963,-5.2441981669515555e-05
2022-06-01,-0.0058430340927855045,-0.002677236276848438,0.01110475985245687,-0.0011770587921029253,-0.0037529976028721546,-0.0025540945470464704,0.003689726976694896,-6.0948547670114513e-05
2022-06-02,0.012445521603149956,-0.0004709887777156531,0.0077352428913723065,0.00031368610122663995,-0.001814106419434188,0.0015733320950748197,0.007799222754617752,0.002788756672267656
2022-06-03,-0.010764685642617544,-0.00025403492543971687,-0.00010771264745554912,-0.002841214621788746,-0.0005896685141841608,0.003220806675518051,-0.007633261212599329,-0.001159384631065441
2022-06-06,0.004696220419982877,-0.006540729206623497,0.018697586473399273,-0.0032167325824652205,0.002017606673029437,0.0030059874418234545,0.004133444483348292,0.0011959180428754656
2022-06-07,0.0049856580295612124,0.0016149845562901887,0.0006998690623992942,-0.0009668810414355856,-0.0030388497384755096,-0.0007466231679236213,0.004056431231409308,0.0013343399535747035
2022-06-08,-0.0052023123152758815,-0.002655733318418707,-0.002721302288960259,-0.0025029608675476212,0.003050645188447021,0.0012101952411046613,-0.00020091717992865021,-0.00017943724899291983
2022-06-09,-0.018369668387200867,-0.0036301461794284507,0.0041935478485132455,-0.0045108340242409955,-0.003255299413574105,0.0005633472459702915,0.0024280800681439896,-0.0035340386251566437
2022-06-10,-0.024118111219595596,-0.005443168096581164,-0.008608981621300504,-0.010138818804157878,-0.006496447366284941,0.0020093664945483036,0.007008077321124961,-0.0085363034433251
2022-06-13,-0.033024683442693915,-0.009584162964157072,-0.016104338961064092,-0.022558433986430072,-0.018079094182563645,-0.002242004227892558,0.01076513435767712,-0.024813443530118585
2022-06-14,-0.005157111178713403,-0.0058890554730586025,-0.03137033758874528,-0.004064539772779741,-0.001479509914003378,-0.012637403766725508,0.0057314368712366726,-0.0015913854567083164
2022-06-15,0.010626878712182163,0.006394823118996762,0.002926725737037794,0.007707837987958055,0.003129768815307069,0.001697154461627992,0.002403824159936452,0.014547155963235536
2022-06-16,-0.027114119508777058,0.0010882711174011847,0.006763207102663105,-0.007431432089577294,-0.00453417463657223,-0.0053880525948866165,-0.005451950273186568,-0.02898131163123262
2022-06-17,0.00041374967516972757,0.0022496458506236047,-0.02724753791229394,0.0013751257260807945,-0.001649992300077108,0.00023746329477924988,-0.009035429984042498,-0.0016601788632901629
2022-06-21,0.019497653248616863,-0.0038197671984702033,-0.0034079721807074195,-8.958706183913614e-05,0.003721507215269918,0.0028707952833600947,0.006597272325397974,0.011428049289891506
2022-06-22,-0.004996663879935792,0.007461931735927252,-0.012668744010385747,-0.0003793241036452624,-0.006963906549626408,-0.004962600885989765,0.0007943121711815326,0.0006429165677275359
2022-06-23,0.0048163488621593255,0.0074163198276775534,-0.030654290413259833,0.0021099880953203806,0.0014642016793445527,-0.0018591998365034001,-0.0010881638450341846,0.0031626376177214086
2022-06-24,0.02566965190985516,-0.0004887148311515268,0.0033024955669944786,0.0028031035823508185,0.004812625217353013,0.004453438433962953,0.0007206705364188881,0.006805800706524379
2022-06-27,0.0021837899770553834,-0.00466867983804774,0.00444798034526307,-0.001343110317195351,0.0047832474504155955,-0.0010395580476560973,-0.003249227467922333,0.0010379655730201717
2022-06-28,-0.010944798777567034,-0.0019789716644774582,0.006992446355349913,-0.004974680713396451,-0.000560671296094225,-0.005984300459326297,-0.00011893517388850139,-0.003357393586167257
2022-06-29,-0.0037377114584383644,0.005796954591454251,-0.0034434311835337297,-0.0038015373858576343,-0.005347578802708519,-0.007108361893413573,0.0047978918942950255,0.0003472916782427779
2022-06-30,-0.010869791270653007,0.00482119728728071,-0.042794478364361885,-0.0025654956987692826,-0.004391787632237121,8.118357269681908e-05,0.0055351522429571975,-0.0015076813764396293
2022-07-01,0.005358186346707827,0.007983326338233853,0.0006648445515333831,0.0030347949270861482,-0.0007264232432991424,-0.0001625330013204085,-0.003066948478526732,0.0039045773094823597
2022-07-05,0.0008140345714589101,0.0014906043860580917,-0.04476447224310097,0.0012834580745049282,-0.0004757004527309948,-0.00036010424407928454,0.003189966781164566,0.001247070159682517
2022-07-06,0.0018289272184697333,-2.49858626484192e-05,-0.0100117379858503,0.0004570353904061017,-0.0045875287114394035,-0.0009405154465639276,0.01227979178537364,0.0012802836443144392
2022-07-07,0.015157679036379,-0.00393628603790207,0.03958337610535258,0.004574045438730645,0.00411004743177702,0.0017485070035171413,0.004760170001405495,0.0016361618091542793
2022-07-08,0.0008832132008491753,-0.0026314080838758416,0.006709827671590907,0.0015234737667857543,0.0009225774550016938,0.0029130226161563355,-0.0009817735535445626,0.0005663471378492099
2022-07-11,-0.010040402776735891,0.0035607736499978612,0.00415012527983506,0.002753035931774905,-0.0064259246035160865,-0.0012230110742348366,0.0009335782999635445,0.00018296981086819404
2022-07-12,-0.007637469241510752,0.004158744920938606,-0.03800648881122602,0.001150013847088582,-0.006149318938105615,-0.0005206496795329141,0.010302696639436837,-0.0005654438179188872
2022-07-13,-0.003977882532528387,0.00019470996766869338,0.01520012958363549,4.011096328483374e-05,-3.027011806117851e-05,0.0012919713825860768,0.000159742993190104,0.000631393513984124
2022-07-14,-0.005065671070489153,-0.003391555693216353,-0.017130410544032627,-0.003984976028829512,-0.0034377740151629015,0.0026285363672621243,0.001434029261275116,0.00018285452112977137
2022-07-15,0.014093822008260492,0.002362516115048907,0.015645905793096892,0.00465124418685049,-0.0010447638364407246,0.0009210639209558114,0.0028678384747138352,0.0009351479780583924
2022-07-18,-0.0008594599212388035,-0.0022143252343984512,0.032461713450326904,0.0024237048981818996,0.006830321574721495,0.003940042826208856,-0.006404356849141202,-0.003475548495709846
2022-07-19,0.019733428833593313,-0.002224954069561569,-0.009333857770294263,0.0023125584579331113,7.705440626764382e-05,0.0017564544896582213,-0.0033556746670739823,0.01089872780294111
2022-07-20,0.00654242315670085,-0.0005646304345458988,0.012993717858000641,0.005930701167847341,0.0036244023392887088,-0.001499375637707856,-0.006940580002021024,0.0028800137435358694
2022-07-21,0.00744682409355858,0.0034894087285193384,-0.014451485252550012,0.0046972732795236396,0.002998137347774184,-0.005401442437868331,0.0034107330339199216,0.004057972351562367
2022-07-22,-0.006378202983639769,0.00830242321927278,0.005765208528382815,0.006230857152131464,0.0020977730910026115,0.00068523309089219,-0.004521610784815389,-0.0016964980644247232
2022-07-25,0.00023128568944198432,0.0008156182149214983,0.01342545915258887,0.00026634925762915014,-0.0005883057169683554,0.003355199253625263,0.00033977556827702315,0.0013672693836044411
2022-07-26,-0.008097501975042876,0.0023217215719328996,0.010727139535041685,-0.002080991835266877,0.0008475481897203002,0.0015121736445962153,-0.0025274531205775608,-0.004450488186361168
2022-07-27,0.017638344119570326,0.0006350386268879623,0.004984428576643496,0.0024916344224953364,0.0006479435908345318,0.005149904137807582,0.006254844305836116,0.00826269538124269
2022-07-28,0.009834724120140081,0.006281480030573383,0.002900169771238414,0.0059970436562998275,0.005523696776456588,0.0011155312794566274,-0.007431417491946091,0.0026607146496545604
2022-07-29,0.010358217555285543,0.0020112101622630214,0.012764848179207644,0.005389179984176207,0.000740708672974969,0.007488844196119393,-0.0019284045069798417,0.002180926715275588
2022-08-01,-0.0012260116664821745,0.003374408972179998,-0.01650012339844531,0.00369113749346861,0.002233564900036048,-0.0018416215466596775,-0.0020150566812987547,-0.00032415435650645673
2022-08-02,-0.0065454597861663855,-0.003997198094067733,-0.01688815300760893,-0.0023042644840756137,-0.005043934849182678,-0.00022931009176063721,-0.006610654435891483,-0.0008251452939204155
2022-08-03,0.011654349217503523,-0.0013177001881293786,0.0006922892715141013,0.0019840739254221025,0.0010109895176276802,-0.0013457720476965918,0.011154578320047515,0.002114179323688403
2022-08-04,0.001374938949052606,0.0032175356632285763,0.001464282114407189,0.0031085298997920448,0.00443078127951831,-0.0014842424266829912,0.00017791410699286025,0.0002187155437430862
2022-08-05,-0.0005606347453634978,-0.006137245735602481,-0.001669404748763537,-0.004387167200809561,0.0013608598113591381,0.0004390665654837589,-0.0071187530886677175,0.00021437689019310167
2022-08-08,0.00042842379449770064,0.0019248264737664607,-0.004572677880837817,0.003361758724226171,0.001171888771442623,0.0023675603920807475,0.009853840657563229,0.00026511398156270317
2022-08-09,-0.004677527649526003,-0.001606827709308201,0.011545593101469742,-0.003166179365855171,-0.0006559152177992489,-8.785422837731538e-05,-0.0034846983366266793,-0.00012038004977643659
2022-08-10,0.014697027489921521,0.0011612155726757885,0.017291236411034805,0.004765242830277017,-0.00010739408311140839,-0.0012074618754628341,0.000570398597983468,0.0005487226072892201
2022-08-11,0.0019116121663963477,-0.004192570447622668,0.02419220046905235,0.0003882660191473205,0.006485471314722917,0.0015835150471270598,-0.011648597720425924,-2.726085849580375e-05
2022-08-12,0.012814664759013383,-0.0003804671433629284,-0.0035194272298458844,0.0019593392931848137,0.001637267151454661,-0.00013501633167511962,-0.0005923575118104152,6.583319680786257e-05
2022-08-15,0.0031430722638446924,0.004165372103781428,-0.014676288208901545,0.0017724497138514868,-0.00044790496727283523,-0.000198957974005598,0.004479829926102408,4.465053857682886e-05
2022-08-16,0.0014485074716982234,-0.0021091628492527774,0.001314451317049214,-0.0015869581158894923,-0.0005449126627594303,-0.00021607737591544662,0.007204330263451908,-5.690158569005046e-05
2022-08-17,-0.0052921557369222105,-0.005531476367080734,-0.0015275941716567103,-0.005727678183181317,-0.0015525883288454911,0.0023792184110341674,0.0007346599288868827,-4.844278052751374e-05
2022-08-18,0.001096909950696889,-0.00039261762980535885,0.0009129040969341192,-0.0010521253114692546,-0.0019880291744329708,0.004019315241902799,0.0023514013189540606,-5.690552264814332e-05
2022-08-19,-0.010210031122884544,-0.0062520279165978465,0.006894050466308088,-0.006045488497438356,-0.004610913396304779,0.001260495184121302,0.007621878356699696,0.00015458787443700626
2022-08-22,-0.016310794004326112,-0.003978674890420808,0.008779658362540466,-0.007658002569112976,-0.005195542823028772,0.0021572878533463458,0.006646422908417993,-0.012104856066720404
2022-08-23,-0.0034763432620300576,-0.002189618831333729,0.00438874618343188,-0.0020027087320024788,-0.00038702634096184573,0.0032124877010583086,0.006791109704527454,-0.0013789913110908718
2022-08-24,0.0017307854196334511,-0.0030999185592791583,0.006667537613441188,-0.00046012524771721385,-0.0010245626059628425,0.0012975361047731226,-0.0042209689641267145,0.003243641242657635
2022-08-25,0.012046422480615049,0.002786869290868021,-0.004824755992131058,0.0034471212982957185,0.0075836875620423445,-0.00023004596139286626,0.0010442076788763632,0.008969025366966199
2022-08-26,-0.02311425125664479,-0.0020219389855991037,0.0035800375737503605,-0.0021506394076261652,0.0008393237789200052,-0.00047534112676717033,-0.0018861062529926809,-0.02407936187099169
2022-08-29,-0.00815927673418948,-0.0022162427376044573,0.008218261501038548,-0.0046690403816807,-0.006667187443760121,-0.001030923116917326,0.006209560006142034,-0.005368710018342049
2022-08-30,-0.007010702079297215,-0.002559083815796504,-0.024233639017226194,-0.005392623485618864,-0.0003676063060374568,-0.0014803659945593628,-0.0033162899731794537,-0.009704319775001191
2022-08-31,-0.006485348959798465,-0.0022879510312606714,-0.007543771366302576,-0.004880695828728188,-0.0005710284880075341,-0.0009850774706887666,0.0014492438307469602,-0.00722652966290549
2022-09-01,-0.004513628854356799,-0.0037582747177890012,-0.01791625252070217,-0.006359369126114234,-0.008499651423588661,-0.007606145864676894,0.0015604232050958622,0.0035365929724068264
2022-09-02,-0.003751995285522392,0.0032897643227521862,-0.00306442973176635,0.003804821828651605,-0.0007528210976855598,0.0007626428300349097,0.006806307290486258,-0.010520889104170927
2022-09-06,-0.004487499906144277,-0.00463150629708764,-0.013490353541859235,-0.004301599352863228,-0.0038595031146749044,-0.0006706287890848595,-9.276322856577313e-05,-0.003434087329224012
2022-09-07,0.009801822803579552,0.0019072109236869523,-0.014883567215336346,0.0038618001267441966,-0.0021875427293499934,-0.0026207262720667757,0.008332023138707179,0.017625397120462183
2022-09-08,0.006748092936276984,-0.0032577659446665357,0.003893499788545029,0.002246204449558031,0.000376801944017087,-0.0009980664652864402,-0.004497873566292276,0.006256259615600945
2022-09-09,0.014420187322662703,-0.0006281210831582399,0.02016590724540912,0.005004968181834157,0.005474302812316645,-0.0015522722938288158,-0.0017706188034687376,0.015330489692779392
2022-09-12,0.010989467908327888,0.0013487006449711676,0.019235463430402278,0.0021550989988624587,0.003724448984984918,-0.0005534508132331029,-0.007230259837534003,0.00987589895792873
2022-09-13,-0.02939601108027301,-0.00266668687073568,-0.00558581069419728,-0.007948483579013677,-0.0016138293340898968,0.0028412305615649336,-0.004610573967089748,-0.04242438311279095
2022-09-14,-0.0025113371395844024,-0.0005533175971013108,0.010665324457245773,-0.002189329120991124,-0.006789857994076942,0.002689996312873477,0.015043296445933496,0.0037214456552999704
2022-09-15,-0.008003698463858178,-0.0020237644819481875,-0.029945004828641375,-0.00356098151597728,-0.0018561826502641787,-0.0017215056314962007,-0.0024627251704407715,-0.011375584067935707
2022-09-16,-0.009357104460701482,-0.001141252787004388,-0.008617039394570813,-0.004706495287789103,-0.00645503883365602,-0.006122322384497503,0.002504134006233505,-0.004096783575129992
2022-09-19,0.0037473902487875628,-0.0005306177454209585,0.0012875649489249015,0.0004237071195515304,-0.002430271620173397,-0.0034685666881544286,-0.0026124850716328085,0.004527044810734959
2022-09-20,-0.007851092298696738,-0.004849691965592706,0.0038361485426848803,-0.0032396984609466277,0.0014997888124278116,0.0029782352098413067,0.0002464758853903959,-0.0054350267428016075
2022-09-21,-0.012669284769322177,0.001275159845255824,-0.002828661449442949,0.0009981986135480954,-0.004625726685204641,-0.0012572897554881113,0.0055809608628087926,-0.009225983549395756
2022-09-22,-0.009457586369827643,-0.005609366553023365,-0.008438492388217823,-0.008296335178309645,-0.006031679796211602,-0.0003971440144604488,0.01136685555646677,-0.003336239889403914
2022-09-23,-0.01654062500569754,-0.0033716897891141857,-0.031172113351018226,-0.006959278584043116,-0.008490129627640668,-0.0033937151283258693,-0.0034631222636969383,-0.011360872155240743
2022-09-26,-0.01034153465374489,-0.008336864937713807,-0.01587490329751474,-0.009279297029808132,-0.010266467704678255,-0.004903640154825029,0.016715210754030263,-0.007468095959406018
2022-09-27,-0.0008226870775854938,-0.005777160925324332,-0.0013764614984772665,-0.0056792204553895,-0.001458938269103901,-6.080424239895965e-05,0.006872459616891646,-0.0015425469796084394
2022-09-28,0.010650069708822528,0.007876979079705292,0.020772695860786995,0.0032869292779118425,-0.0062854574349078375,0.0021112258028050945,0.0027781581272345868,0.015302713724863125
2022-09-29,-0.015507844755649381,-0.0022401700963459287,-0.001642251748603896,-0.005232970388788572,-0.002493099187363043,-0.01098997477216257,-0.009167811518640545,-0.014968444194848897
2022-09-30,-0.008773201718243263,0.0015827180643030899,-0.009651434681763783,0.0012907433195525782,0.0007294803842738835,-0.0036957519789705406,-0.009578835652184536,-0.012305981813463774
2022-10-03,0.017977630295298298,0.008617700283291884,0.011494800468236465,0.006453752477397534,0.0020296290522625487,0.005688492421678015,0.004738981577168788,0.02275819806320988
2022-10-04,0.029690328589517357,0.003179676274674514,0.02616316763945691,0.01032296800411857,0.009188292420014978,0.0014756427941207129,-0.006016850723063016,0.021333956489895545
2022-10-05,-0.00032972072119364976,-0.006972718140753187,0.006657962109213755,-0.0023002175168638345,0.004302714727740897,-0.0021148877097242336,-0.011482582125303287,-0.00027779724044286796
2022-10-06,-0.007120954450772332,-0.003932185468164551,0.0020427919826197954,1.4207502928564403e-05,-0.0003886688809683833,6.340116543746e-05,0.006320779863467241,-0.00708888670158615
2022-10-07,-0.022230456004282317,-0.004811569879311095,0.0034839523511083098,-0.0053458682626947975,-0.006222376766167966,0.0048431790088571125,0.011683656918351604,-0.020809852176659215
2022-10-11,-0.017040835737782044,-0.003750746654956572,-0.014166463576187128,-0.008433966127241023,-0.014771126990637182,0.0021828153447441823,0.007669723188896249,-0.00589155347858773
2022-10-12,-0.002661578958378719,-0.00022846879031691628,-0.0072286547438700334,-0.0014517342875027932,-0.00030002827377885227,-0.0023246624485826484,0.0023378611162818697,-0.0030645360632362124
2022-10-13,0.015242214532404917,0.0001406849779503778,0.012017821916731496,-0.0024870193417530057,-0.0063932619638385774,0.004044504844047059,-0.0005525388042274537,0.024578848272239984
2022-10-14,-0.012190099828195645,-0.001745663359996608,-0.020132431355712643,-0.00016226730391834024,0.0025893349041348095,0.004082409720047142,-0.004111310380199407,-0.020494349863523064
2022-10-17,0.019192070500940284,0.0024866533631579973,-0.00462508253081696,0.003954094981293721,0.000997882635686738,0.0027535294319454007,0.0043944114898430975,0.024611055021926054
2022-10-18,0.011104934765687956,0.0016056721051371677,-0.011666473398303524,0.004383290932732364,0.005590316553632761,-0.004267212104843043,-0.008143569013326357,0.011699687959396453
2022-10-19,-0.006906702511163998,-0.005030693947453602,-0.005421349243159968,-0.0056351220268529125,-0.006920771675819034,0.001979298310181843,-0.0007026623190475867,-0.00615745420786763
2022-10-20,-0.005175878218633312,-0.003163714269488927,0.0022084429433146696,-0.0030426380836312667,-0.0023502311846812993,0.0033319831197023975,0.00865354030548815,-0.008575414144351269
2022-10-21,0.013733419031941573,-0.0018609216658001086,-0.001619523635683751,-0.0010724577819922869,-0.0011966319916089211,0.0013777945894726251,-0.00017755321573142968,0.0025895710821939194
2022-10-24,0.00671415970428878,0.0038072963115751584,0.0033975551400819864,0.0023754199584191554,-0.008102990138738176,0.0032767328952748587,-0.01042900929206969,0.005155979262930754
2022-10-25,0.013838875242224479,0.007511514095218652,0.010746081281158603,0.006494676649637421,0.002951591556039475,-0.004433787369642728,0.001057793921281025,0.005647533955498429
2022-10-26,-0.002416997509594688,0.00393511364570952,0.00941615505605674,0.004796726612717339,0.0049350582089779825,-0.004804065712453176,-0.007981434975801172,-0.0007585599705343232
2022-10-27,-0.0034482399452442475,0.006515660546685609,-0.005676864286057304,0.005603723842608754,0.0044018299851760825,0.0015718217007572033,-0.012524601015684644,-0.0007861503477956227
2022-10-28,0.013291478909983155,-0.0019632437674311893,-0.013200520885678258,0.0024661905736840122,-0.00561089072031082,0.0030092981056593082,0.008110878211656347,0.006007253139810975
2022-10-31,-0.0028659543429702234,-0.0035052055114117692,0.014497032640388806,-0.002871038733232146,-1.1822130086114796e-05,8.406980994013491e-05,0.003379715529014282,7.838185669360961e-05
2022-11-01,0.0014091506104010217,0.0010476923485003172,0.0014272291186505522,0.0019269371143528665,0.008328854952479061,0.0011417184559823212,0.006247875157845195,-0.00042640891230351136
2022-11-02,-0.016263875290749043,-0.0009570149661749744,0.013798546931207944,-0.000981478206332343,0.001970922526938734,-0.0011291363700971502,-0.000764001578314466,-0.0056404794498443826
2022-11-03,-0.00940719785104529,-0.004345349364584772,-0.012963148454857154,-0.007879423391726892,-0.006357478472016494,-0.006837196822599756,0.005765818715262716,-0.00262460901336572
2022-11-04,0.013241859774267261,-0.0020712010989418998,0.034225453140532915,0.0006457885590239515,0.009845767580579215,0.0037639464507960296,0.0073377028753194296,0.005712209146118008
2022-11-07,0.008320749402291083,-0.001690330658329598,0.0056890405533477125,0.0010725168821007264,0.005867839802842607,0.0036470102629277967,-0.016541708619046025,0.003943203803747108
2022-11-08,0.005710796496614412,0.0028123334398456375,-0.01525498630283697,0.0011299061239672164,0.0021301430999736276,-0.0031281228707704667,-0.007397178185886255,0.0008040758358619276
2022-11-09,-0.014454266287835327,0.004151841267107414,-0.015381236241682106,-0.002962968287355006,0.0005614980571039776,-0.0042586596068193705,-0.0061428013007676086,-0.004559105921154849
2022-11-10,0.03848737400401268,0.012382465815034749,0.012497236925626742,0.015926346187019023,0.0006126535098833905,-0.0013130080522454346,0.007804254671194943,0.008753153255415124
2022-11-14,0.007630694036105367,-0.004719338444242794,0.005721099224407089,0.00426900925920135,0.02239708058885057,-0.0027557005196818807,-0.034330345153157804,0.00022592995380530333
2022-11-15,0.008973847884718422,0.004404872834957807,0.007686277862959922,0.004857846532230736,0.009968972787963729,-0.0007334657642334985,0.002485342385766476,-2.9069066000220753e-05
2022-11-16,-0.007734477927639616,0.004319113223621418,-0.005878315050166139,0.001725453294765788,-0.0007759358182934797,-0.001862753449350274,-0.005653581443134437,-6.733413248661288e-06
2022-11-17,-0.0036500226802021144,-0.002005939672089974,-0.014759857502613683,-0.003971322707868175,-0.006057220804810548,-0.002377991492005904,-0.0008881370696681712,-5.5924457036527495e-05
2022-11-18,0.004231166557605448,-0.0002557469863426981,-0.002884384645062821,0.0006441720310418114,-0.00039390130653766265,-0.0026260190246132353,0.004730076454817045,0.0013653194332178037
2022-11-21,-0.004395102495961445,0.00043370303243248586,0.004888276281678516,0.0008069360582151125,-0.004438135985019321,0.005954906961474049,0.0015488195980750685,0.00015811106811489616
2022-11-22,0.009994201452567663,0.0014732566534062291,0.008971913301543876,0.0038257975885874537,9.534529379944938e-05,0.00038246927420448884,0.00887887376672869,0.006546361785345045
2022-11-23,0.0052074101172508765,0.0037519686536427784,0.001134343281045646,0.004974191148396567,0.0033493725060367435,-0.00011689872030595794,-0.006428824509593034,0.0031160935813046905
2022-11-25,0.002032487896230428,-0.0018574639825505118,-0.01358886048797483,0.0013032325906657588,0.004907015384305764,0.00025275109635591875,-0.012261506805979483,0.0006672415727185571
2022-11-28,-0.012481428860349997,-0.00011894986784102336,-0.0043696301032430055,-0.0028805037843232743,-0.0032331459714546916,-0.0036410183301340826,0.004384666077715371,-0.006085813354147285
2022-11-29,0.0011028447585877726,-1.2463189815204454e-05,0.006910451157648411,-0.0015194140706777054,0.008503889104986687,-0.000606530237282743,0.0027510065048932386,-0.0006204516696250112
2022-11-30,0.02284836830487311,0.000725092474901467,0.0074700205500915825,0.004177126945303788,0.008343932966276387,0.008090041498403755,0.0016845435361578787,0.011567306973720859
2022-12-01,0.0013125116959918687,0.0067494994113689085,0.00018599018674079148,0.008829675152761318,0.00532077183220645,0.001668338273112191,-0.010609746833073919,0.00016175451946818186
2022-12-02,-0.002779747424430124,-0.000415153645661826,-0.013914634072918286,0.0010189088234876292,-0.0007959378746284168,0.005348573338083806,-0.010435414311212421,0.000596142500396501
2022-12-05,-0.011185058964736783,-0.0023193843603457557,-0.02894847566795913,-0.002980876216458617,0.0030029334548429404,-0.0028636240966039006,-0.0019078791451260235,-0.005013460999646746
2022-12-06,-0.01119515021883124,0.0025973165854761057,-0.01041202720552672,-0.0005308381387771016,-0.004382529619571403,-0.004494054178002971,0.00865716805780492,-0.007103970289526163
2022-12-07,-0.004461433690739392,0.0031510439506548856,0.006740348894516001,0.0014775367698916847,-0.00391344516685975,-0.004047372327652621,0.0027559417383142826,-0.0007489441445827311
2022-12-08,0.005624829302685352,-0.0023618423742330034,0.004157754671917235,0.0003600032572018458,0.003875287651253349,0.002937219903471844,-0.003844199618262212,0.004401478358691513
2022-12-09,-0.001935663091990581,-0.004282370253404633,0.004847720008679701,-0.0012179564446717312,0.0024723921829645553,-0.0029288128156068627,-0.0030068667352689538,-0.002961113510628244
2022-12-12,0.006484216470665416,-0.0010044434205862768,0.009187266968054475,0.0007650157135453467,-0.00494429356271607,0.0009713850804897728,0.0022349785166624336,0.0055681694254935184
2022-12-13,0.006981198384321185,0.0023846205942755546,0.01968953188216047,0.0061745769757702625,0.0026894942001568275,-0.0028963985594552266,0.00010560507607126901,0.0070693146551477955
2022-12-14,-0.002950407164081193,0.0003049800224467652,-0.003645131248531453,0.0007939695088518433,0.003234816571560705,-0.0037233602217623396,-0.009272245736427709,0.0020749225810724908
2022-12-15,-0.021432115722034583,-0.003943433802285302,-0.006685387199416982,-0.0037108261591981113,-0.0049900632521351655,-0.0009317608830261559,-0.0036461001444421104,-0.010992851342476252
2022-12-16,-0.010128473638065306,-0.0036532625711494632,-0.009556839692215281,-0.004670535098830931,-0.0022404144159087875,-0.0037860893298397036,0.009705375397053073,-0.004870236771155568
2022-12-19,-0.006603411916834069,-0.0030975595971500353,-0.0092974329359234,-0.003790700961561489,-0.0012525572770944206,0.0019405009224215952,0.0017953448619862922,-0.0026174984780462213
2022-12-20,-0.002074901633586657,-0.00832165901051647,0.0023232503562304213,-0.0044188978792128585,-0.003649342159073969,0.004680588043935674,-0.0010711693569450675,0.0013194793273440413
2022-12-21,0.01226964217241393,-0.0005168812760075309,0.010873521562154197,0.003366683891722055,0.001345365181968971,0.0036740669524442104,-0.008366661237656392,0.007819795164710252
2022-12-22,-0.008902358013034363,-0.00032836068898563003,-0.016392322938527614,-0.0017232324488992263,0.0036469876322461786,-0.005037195405055761,0.0024275459200053806,-0.007470577522856693
2022-12-23,0.0021771237233382695,-0.002372609411758276,0.011380959883274077,-0.0015228408396640975,-0.0039378551626573525,0.00113619244118357,0.0014550250104856666,0.003618414048846152
2022-12-27,-0.0013729996107272996,-0.0032778585971499747,0.0074145087256708864,-0.0029738856036684697,0.0006722104907618703,0.0032727788510390488,-0.002419374883995351,-0.0007353593807408305
2022-12-28,-0.008076562902600682,-0.003917679950254561,-0.0061862552233515455,-0.0051835358251729035,0.0001890415175972505,0.0004026043160292314,0.0016858224217719542,-0.00696544159817687
2022-12-29,0.011142314427548582,0.001565236570351502,-0.0024345913408828196,0.0005750930312601759,-0.0008084243947531791,0.00012928992398530958,0.0014251677573557942,0.009926620503300997
2022-12-30,-0.004046266096463703,-0.0018386496905567601,0.003604088256239301,-0.0006066323062214446,-0.0007084232013523675,0.0003908713088586202,-0.003842817104177554,-0.0006589444448292354
2023-01-03,0.0016602160868612209,0.005137724931962117,-0.02176170988074484,0.004600288972377674,0.00270693312126932,-0.0020978504595261516,-0.003916371037698152,-0.0009854568508414602
2023-01-04,0.00841475560758702,0.005237838502182667,-0.015929701053297118,0.0054077660645507775,0.005156254905248335,-0.0037444455162707335,0.010329826050325286,0.004754906055266671
2023-01-05,-0.006160180937172589,-0.0012185184825588952,-0.011133471341647173,-0.00019131842511284144,0.0025568679626546847,0.0008472359828153309,-0.004469241439601257,-0.005847490733195638
2023-01-06,0.01612097223414304,0.006201477300367285,0.0069265939603124094,0.009547549363875628,0.0033235200799199907,-0.0007778112966563278,0.008824239355162078,0.012080638435323076
2023-01-09,0.003740666663639857,0.000820624209568232,0.010656760066262526,0.00482601450203639,0.009905235062499376,8.446586050969707e-05,-0.013094791418994611,0.0005761686005711247
2023-01-10,0.003320273510537252,-0.0032571699388945336,-0.00545622838695088,-0.0013144662659782653,-0.001203470038512245,0.0001313779425271555,-0.005381085781411388,0.002986330420237037
2023-01-11,0.010068992506238427,0.00512969903639242,0.009295538477225905,0.004635970872100813,0.0022979422998235773,-9.796122936545082e-05,0.0011553576634926177,0.0022419364000547
2023-01-12,0.004299251473491571,0.0030417918827442708,0.011551458563464333,0.005423510269918429,0.002226600849661649,0.00029985070337978925,-0.0012852935968540313,0.00273463075286211
2023-01-13,0.004397506324253996,-0.0013784457403405843,0.005689269863265277,0.00032527082010751435,0.0036697239245696263,-0.0018519979274052023,-0.00970092033627612,0.00046548552508223146
2023-01-17,5.6606148950354905e-05,0.0015958834024959894,0.004260789484710802,0.0006312132560770006,-0.00046465443924754773,-0.0015929627778920041,0.00044987010813812844,0.0005730646758800744
2023-01-18,-0.008343962970525044,0.007980544221383544,-0.00381483833021874,0.004636774361254691,0.0037841804434807663,-0.003501677912486789,0.0008025217777207772,-0.0002044704482934818
2023-01-19,-0.0079767801877922,-0.0007460650657678653,0.002211349505496218,-0.004593714292350183,-0.0011660889707558674,0.00703386036315945,0.0002139861562879819,0.00012359162724655473
2023-01-20,0.013856550672629296,-0.0037540558750985393,0.002462759431986083,-0.0026370058062123564,0.0019420248118444741,0.0010038548731365893,-0.00220939208220694,0.0034721818089908257
2023-01-23,0.009443239805186842,-0.00024485671079661547,0.0036885375579497775,0.0005029862899714071,0.0008055110086437956,0.002404269182267771,-0.0013575407485182378,0.004344622840902689
2023-01-24,6.583321278312785e-05,0.001992648883140257,-0.005422264308336767,0.0012141683245656004,0.0008588221533374419,0.0004383503461056204,0.0010979956412797698,5.6842536185030466e-05
2023-01-25,-0.0003999916567963397,-8.535472950528319e-05,-0.0016124076588766695,-6.69969659228948e-05,0.0004724686885279858,0.0007680943702246257,-0.0006944335962624226,0.0005317834921340519
2023-01-26,0.008580424403008479,-0.0030286019753543287,0.00575947343136367,0.0012243329628992988,0.003270556003044533,0.003391278564433886,-0.00415739031882667,0.002665107479455852
2023-01-27,0.0022340842693437273,-0.0029610234461280977,-0.006969022594349906,-0.000487100568138455,-0.0005273179178173055,-0.000682499444649598,0.0019294425246905167,0.00093009020363437
2023-01-30,-0.009571390275414272,-0.0018578827599640808,-0.007076682146414505,-0.0025563170244890638,-0.003330771858752554,-0.002110663150773573,0.0015091343185182904,-0.003036602666725075
2023-01-31,0.007147347245744772,0.0005445540801546794,0.008991811746914479,0.001843607668524138,-0.0037325523921318757,-0.0037469263441716194,0.0036580447361587165,0.003465077175052555
2023-02-01,0.00764197417911735,0.0019222502250635036,-0.02032262973624869,0.004020766249663376,0.005051338412110069,0.0011290154787404472,-0.0010035942822278487,0.0022800237201125667
2023-02-02,0.010880731813947851,0.008498727527088877,-0.001184705243853424,0.009642798823419972,0.0029802112942168865,-0.001015364517025219,-0.011436289119428511,0.001072445615618555
2023-02-03,-0.005428460040319417,-0.004958082691266886,-0.021451517174603175,-0.0052987676990926885,-0.0043405809348296565,-0.0010916780061772657,0.008279018340353606,-0.00032841980989210053
2023-02-06,-0.007394822351786823,-0.005745790473719626,-0.003501347449902193,-0.00576844455131379,-0.010302526959527082,0.0015740951952094573,0.014386304003739081,-1.0377281237462083e-05
2023-02-07,0.007875561978786215,-0.002172336040288803,0.013426856222006532,-0.0009397768675429082,-0.0007845470121233052,0.004034620967546254,0.0048947118288265035,0.0011344106904353716
2023-02-08,-0.00595243854727493,-0.0005486345539045597,-0.00025001278565154396,-0.0008613936630488602,0.001543035905700821,0.003181649401566844,-0.0034099566602059372,-0.0005865323502504468
2023-02-09,-0.004538244420231242,-0.0004028273364461772,-0.0018211084132181761,-0.0023945617385115253,0.00027259588971399577,-0.0014463805289708365,0.0016243069090640105,-0.0011204466688306332
2023-02-10,-0.0016866871316999828,-0.003801035157219002,0.00709985177607072,-0.006706771230168085,-0.005813357221786771,-5.5908994375131194e-05,-0.0022109251983247757,0.0008884955935510523
2023-02-13,0.008142066646620282,0.00040356094194567914,-0.0008505881341861817,0.0005529224271407444,-0.0003053182560421463,-0.0016932665003985825,0.0037833783886700445,0.0011711186050044834
2023-02-14,0.0006507805688735428,-0.0023805066545339653,0.0017559599791489792,-0.0019157846115424378,-0.00014647596508706056,8.540160459136192e-05,-0.003369776774142963,0.0002852451307994934
2023-02-15,0.0022658292321844015,-0.002145284441383544,-0.012543170777347713,-0.0020903670849783734,-0.00408009564176111,0.0022920493337746928,0.0005595876467607841,1.444202520702807e-05
2023-02-16,-0.007094175688028537,-0.001903055294660539,0.00033649231414641865,-0.0036289850031216214,0.001245373376505694,0.0007092439182369015,0.005896281997346486,-0.00016735738486620756
2023-02-17,-0.004164145156991406,0.00039378543783704577,-0.008531805150434314,-0.0014027111089160223,-0.004790387724892372,-0.0007411461127380115,0.003243468370103697,0.0030873138904436654
2023-02-21,-0.01388866862529873,-0.005748619488143792,0.005136509157249691,-0.008269331023228722,-0.004008544025860332,0.0028791688835994034,-0.0018452960395944906,-0.009693122200247463
2023-02-22,-0.003272941319776435,0.0006480026845596335,-0.00857186788334633,0.0019843288493925576,-0.004358120651904511,-0.001559577920608235,0.0028874097231672557,0.00012201146263698324
2023-02-23,0.0032021933572301204,0.0016802761927594216,-0.0014837370436772475,0.004591517876841166,0.003518124356816054,0.0002610110097773788,0.0035591360510265346,0.003846800803521699
2023-02-24,-0.009280640398699504,-0.0022197530069082766,-0.004136564693173062,-0.003081140545057293,-0.006289905698707425,-0.0018591058345828193,0.0003825052651433847,-0.006329333316393105
2023-02-27,0.0031758944302928355,-0.00030235329595144146,0.0041954706949844595,0.002277986896945771,-0.001215288142015396,-0.0008972780850931006,0.006412206228341599,0.0033738966118619035
2023-02-28,-0.002926500359902973,-0.0005609436827396571,0.001730688055130402,0.00012474699677019683,-0.0013043638387031345,0.0021419199578680548,-0.004279339821967154,-0.002005824660833911
2023-03-01,-0.0009097923550896233,-0.0035108425818767613,0.010618042855226238,-0.0028306895268872872,0.005583325002528157,0.002572589804644587,0.002890169974267609,-0.0026216855874540484
2023-03-02,0.0050068887315645955,-0.0026820644636605167,-0.0033604012784304365,-0.00173583362841171,-0.0028944286228341745,0.004522622223039452,-0.005287607283107398,0.005653476296066239
2023-03-03,0.012865777851961156,0.0025598213656658703,0.012781942179966164,0.0059709238516385205,0.0041219017136432425,0.00401663005339814,0.005432627108698629,0.010439793505441185
2023-03-06,0.001244892345149317,0.0004373336152025613,-0.008882330256986738,0.0021255168787390416,0.002634323236161014,-0.0016264610135239277,-0.0033781153463263713,0.0012251756281184904
2023-03-07,-0.010638709957350868,0.0008264384485794022,-0.014515179097433419,-0.0020231263241572766,-0.002355447131801503,-0.007584337579547351,-0.0027017973915035576,-0.009098362876648704
2023-03-08,-0.00021521867868993307,0.0015553356005444045,-0.006920945868064943,-0.0035495040843205655,-0.004328670996241861,-0.004529614900465773,0.013794198421695159,0.0016881166847168775
2023-03-09,-0.012702596924894984,0.00063656196421965,-0.008140994890112142,-0.000992632717536835,-0.0032614223409662287,-0.0026383662030557975,-0.00010717882051791694,-0.015599328163575933
2023-03-10,-0.01589073677513545,0.011072526573809603,0.00335204546126141,0.0003969193233166128,-0.003128129197110175,-0.001146501513424214,-0.0034195475170465395,-0.01329542129721454
2023-03-13,-0.0061141539471953115,0.009681325067903278,0.005740824382692599,-0.0019450595148189705,0.0032012845607186677,-0.0017600470888416986,-0.009363387942933121,-0.001108914589530808
2023-03-14,0.009294220534030471,-0.00397165789672519,-0.008834520275909842,9.245598090253869e-05,-0.0070929817217634215,0.004768609623199693,-0.0059643883310652734,0.01629877311031077
2023-03-15,-0.009351376172706573,0.009085885942098547,-0.019790133825210478,-0.002693664199091151,0.000658614065670622,-0.0005420367295614348,0.001059377388171967,-0.005617907524928334
2023-03-16,0.01173711097807658,-0.0025509567147985806,0.005904847098733478,0.001414160402602748,-0.002307066586100578,-0.004039075289791749,0.008032679323027425,0.01631332833789908
2023-03-17,-0.007348631088007907,0.00571673232847899,-0.001675379873885586,0.000975152308697124,0.00416052450102452,-0.007158466264503449,-0.002136817440595129,-0.0007635935519901057
2023-03-20,0.004663430684499669,0.0008942221233673934,-3.0479195072963944e-05,-0.0026355020729637363,-0.004346325630604587,0.0031050138954800133,-0.005929219624014714,0.005984713095090488
2023-03-21,0.01237369187566225,-0.005568321342402405,0.001279126591333856,0.004119107183949888,0.0035145053079677483,0.006208707208888553,-0.004253079458121367,0.006619664267588609
2023-03-22,-0.007966611312362426,-2.1349907624702163e-05,-0.0013902269944469088,0.003992856473154615,0.004328076702567888,0.0029641521559706785,-0.0007832220355599162,-0.006162776875472399
2023-03-23,0.0021334968530786194,0.005518525241818394,-0.0002647503233788047,0.0007216089750436965,0.006706905200577113,-0.0013107600182205026,-0.007077877540148436,0.00032681062654504807
2023-03-24,0.00016957438624176576,0.0021544594847588963,0.004543603786717697,-0.0023669133089155867,-0.002209385746645532,-0.002261077389410948,0.00145627706422502,0.0038835799187240108
2023-03-27,0.002221166140566665,-0.004864895907583767,0.00722959805386103,-0.001508667070861059,-0.003950468232145029,0.0018828745129895186,0.00376045787320356,0.0027795329373496705
2023-03-28,-5.24277822600076e-06,-0.003146055313800856,0.0058436128409573565,-0.0013776031653101046,0.0017326395776536452,0.004040258793398199,-0.001887696828832719,0.0003728895788732693
2023-03-29,0.013146596686364642,-0.00030302687484140626,-0.002011703701630508,0.003390148636862599,0.0037283037289511274,0.0031891236263174028,-0.0028091037742645764,0.004606955310256121
2023-03-30,0.006438000918786545,-0.0020571508256796997,0.0021693479293083398,0.003387914491617571,0.0028399431790289875,0.0007630496029935596,0.002277397424911287,0.0014814369861488868
2023-03-31,0.011220585766022806,0.0021695762215609973,0.010617492259233252,0.006713162615391787,0.002731251710516616,0.0005854600667740684,-0.003480573503948592,0.002368896347624937
2023-04-03,0.0028453049614964856,0.0017197614930888332,0.00991853632390094,0.00339749945168255,0.0008950503442427902,-0.0014278362373751907,0.006790563068599154,0.0016849664803348923
2023-04-04,-0.00394181436349217,0.0006301170069773481,-0.00022244903284196553,0.0004075788487820635,-8.821083578654776e-05,-0.0026280979796287074,-0.009709101336349168,-0.000371555739299035
2023-04-05,-0.0036077535007882364,0.0024075290531280205,0.00103865868674946,-0.0011276200310199609,-0.00012001525993291958,-0.0008975663548040913,-0.0040436618355789156,7.371634022956748e-05
2023-04-06,0.002187899409145099,0.0005302166098994914,-0.0037655871976700625,7.523929863162345e-05,-0.0014209247434417618,0.0004053816468403415,0.0033226885430710507,0.0007661459541730136
2023-04-10,0.0012605916259549315,-0.0006144543428477929,0.00043743346033409055,-0.00012493893601384158,0.0003174759139358637,-0.005388339584997737,0.0012455517935769933,0.0008887586793298035
2023-04-11,0.0025783777241594743,-0.0029394822396913165,0.008298596023138094,0.0010331058081622928,0.0027116096048157927,0.0010817722793579065,0.004842138702986887,6.074417788304239e-05
2023-04-12,-0.0022032622088492557,-0.0010512936097830667,0.0044277137412116465,0.001284969384848677,-0.00045719964963135016,-0.0022454406305039143,-0.0028412615355423165,3.60018204821337e-05
2023-04-13,0.008900038177553471,-0.0010593645944967374,0.000865251704531999,0.0019667089310853028,0.0009505941886587999,0.00024340675782319465,-0.006171642391464394,0.0004923313315854376
2023-04-14,0.00039915881410146277,-0.0031856257232214533,0.0008845839640667646,-0.0014605538842163985,0.000591093677013191,0.0005717692822113651,-0.005434448182656371,8.91986482656197e-05
2023-04-17,0.0027807453032728793,-0.0035279713923289666,0.0022047708850105865,-0.002199115817849707,-6.023031248884476e-05,0.000553676207384779,0.0077083719957542485,0.0002821709025961898
2023-04-18,0.00122288673736115,0.000646189200721014,0.006593020242938729,0.0010125071847741911,-0.0014914740515154703,-0.0009833587777521302,0.004296003774729051,-5.471743091378726e-05
2023-04-19,-0.0014235962388944319,-0.002152193164019379,-0.013134484804079638,-0.002182822078597436,-0.004588990506156873,0.0005429214655309211,-0.00375160264654828,-3.421313025753285e-05
2023-04-20,-0.004310835807581182,0.002667955792929887,-0.00882632939827721,-0.0005692189934195519,-0.0002574728023500753,-0.0009621487195883294,0.0030826506075543048,-2.6031456775266898e-05
2023-04-21,-7.093911980593574e-05,-0.0007529353001474177,-0.00770796055089651,0.0002950402440728965,-0.0036343611164115414,0.0006563044705266696,-0.002367266846525884,0.0009177686482271235
2023-04-24,7.756013167425842e-05,0.0014656788024620664,0.004215733672712884,0.0019795737288410544,-0.0007840438384775223,0.0014428787656897146,-0.00031889411296015524,0.0013715167982260017
2023-04-25,-0.012172008954274283,0.0050910315739527414,-0.013092743968505904,0.001378375879921067,-0.0027501734171238032,-0.0024858533381901804,-0.003877993140754321,-0.008837907179531368
2023-04-26,-0.003953663809741382,-0.00010274051387915221,-0.011155712593743927,-0.0022050779437325927,0.0003833835443226937,0.0008923767347660538,0.00569270252237275,-0.0014616644570573107
2023-04-27,0.012645249875821163,-0.003833462539077127,-0.0011907110431308438,-0.000334699970023223,0.0006227143223822924,0.0014169396011506352,-0.0037089644597113614,0.01063961215216147
2023-04-28,0.00693803061181164,0.006240058188197616,0.00938074752791418,0.0037277660986747554,0.003067596324186405,-0.005040113361614695,0.0006245310969352769,0.0037762671190464383
2023-05-01,0.000231226016626173,-0.002997214587141862,-0.005967129137897099,-0.003379033701276569,-0.0016654792685090927,0.0016437544347058797,0.0038368035967393244,0.0006609877577619099
2023-05-02,-0.00980472967561985,0.003741613207951521,-0.012954707231257578,0.0005494327228179323,3.428989987293689e-05,-0.0027459405404526294,0.00428864915681304,-0.00520795565392096
2023-05-03,-0.004708474148358699,0.0018553206565470651,-0.00775340608242866,0.0009861280610206405,-0.0006861912061142809,-0.0014625204266063285,-0.003332776711801544,-0.003132668711656484
2023-05-04,-0.005159101247953679,0.00132793613609875,0.0010332558599426603,-0.0035507188576959455,0.001830912826801141,-0.00019526446288131716,-0.006002391683012975,-0.004306206459243367
2023-05-05,0.013891544052519389,-0.0033744130201722408,0.012756741297149909,0.0011440608252613386,0.001117180863178612,0.0022792515734385566,0.0003549618666476295,0.01125855520224931
2023-05-08,0.0018749222357857024,-0.002267898436447336,0.007442494323448378,-0.0019124045808458176,0.0018189888323678583,0.0014478944694702456,-7.077254538290223e-05,0.0018929005307382388
2023-05-09,-0.0035422248722990165,-0.0012557488606733344,-0.0015162876386966792,-0.0011225382968759975,-0.0028521098074331163,-0.0003686310202384302,0.0006131580048158725,-0.001756572566772053
2023-05-10,0.0013256956070315843,0.0032124413135779287,-0.007936781306610763,0.002977413625141067,-8.920074997398777e-05,-0.0030877823552153405,0.002015557241274335,0.002868527129416686
2023-05-11,-0.0009513396707228846,0.003415808427307742,-0.01577675226782346,0.0009131158535394027,9.730626298605513e-05,-0.0009475884534131396,-0.002659913412381698,4.322776558288646e-05
2023-05-12,-0.0006850342700128417,-0.0023326767452963256,0.0005685421515729031,-0.0021379271250606354,-0.002585595241710726,0.0009219822179409309,0.007112464884502678,0.00011617999808003412
2023-05-15,0.0035496810607318677,-0.0021501551311447716,0.011495802012297529,-0.0010989932115453523,-5.455675627974888e-05,0.0004908756945287696,0.006291805896731617,0.0028370472986945275
2023-05-16,-0.005056439876546326,-0.0015831410325406144,-0.011386948071546799,-0.003161638395351186,-0.0002035356304360366,-0.0005337188405857285,-0.0025783997647932377,-0.0025531508822713386
2023-05-17,0.0067804104323645805,-0.000249744000494568,0.0024804744480584665,-0.0006754103540945419,-0.0020215002912056658,0.002015822074511342,0.002121694755531589,0.004285657119469632
2023-05-18,0.007890750680881442,-0.005333517613161554,-0.004582033347206938,-0.0018215083730865563,-0.00030004155703323044,0.0006012686128886724,0.0030845089868145603,0.0004330983098208888
2023-05-19,-2.8385815067111995e-05,-0.0013015185787240376,0.0010041169818291499,-0.00016591547575047847,-0.0005284474380855967,0.0007658810127709748,0.006046578680126924,0.0005697606991288732
2023-05-22,0.0015260398912082854,-0.0005757487880901587,-0.001760218737773956,0.0011899454400235202,0.0013997883845166307,-0.00047675395427981826,-0.004540789178777871,0.0006900089632806742
2023-05-23,-0.009317580580942198,-0.001125027070192098,-0.0038280964977320483,-0.0009043080703719738,-0.0017506173301385234,0.00221071420186969,0.002452368732263732,-0.006334117168025644
2023-05-24,-0.00868904137670764,-0.0007868505140148038,0.0007633066639492251,-0.003732748893624039,-0.003100343753667157,-0.0017439599556978713,0.0027316246173196834,-0.005092189879158904
2023-05-25,0.0029340655280228104,-0.0037155012648336324,-0.012821352383454243,-0.0014364104379997696,-0.0032231586208798188,-0.0007163883391904102,0.0034469207335015017,0.005643617995360539
2023-05-26,0.011118769058841937,-0.0015088139284507814,0.007848691256271223,0.00035609893034996764,0.002854577256973685,0.0005289951995970377,0.004209252440217748,0.007167216899706596
2023-05-30,-0.0016836668432130505,0.007596713387517917,-0.01711695791805209,0.004803322436589796,0.0011581533590957808,-0.0019992136559916496,0.0007573151125710442,0.0017756741207513352
2023-05-31,-0.008034422453093904,0.003248260384277867,-0.0037591325031827946,0.00011805206019935768,-0.0038395795126335147,-0.0019495311299331242,-0.0021809439709119527,-0.0018837847632789625
2023-06-01,0.008050278999344884,0.0015982287375240537,0.012470274032333728,0.0024087574897464817,0.0013566031989423698,-0.0005710192441448214,0.0006062318382131782,0.005336359460172113
2023-06-02,0.01519681942432175,-0.002574301244572331,0.006282410448188702,0.0023259971002114513,0.007822445774574985,0.0014346723182633303,-0.0057331781369285295,0.0045391591601183
2023-06-05,-0.0004201788673735226,-0.002323983112687967,0.0026602690389514786,-1.4311632614084278e-05,0.0013578512443093486,0.0017034967484526042,0.005554599783859082,0.0004036593386505297
2023-06-06,0.002621435275265182,6.872347690814942e-05,0.003579329342714021,0.00045728828355054906,0.0008569317772803705,0.00019251610912607298,-0.0016301801790893355,0.0007686674331753066
2023-06-07,-0.0035067045369919455,-0.003226845710414617,0.0024428955129809685,-0.0018531668707095447,0.0017319720784529878,0.0004996628148952187,0.00043056523530937696,-0.00015675360496000343
2023-06-08,0.00321159825361853,0.0009610564093980637,0.006977164971112592,0.0017588825538557332,-0.00023627305654698433,-0.0002317277040735366,-3.664703318129181e-05,0.000878752562322204
2023-06-09,0.0014982947348174728,0.0008519492357899386,-0.004287936565947026,0.0005410531567624824,0.0027092051180593094,-0.0006360917844615566,-0.0071103269975264505,0.00037425096304758354
2023-06-12,0.006950127632817915,0.0008486143470345701,-0.009920528617524871,0.0006700869740321794,0.0008755249733675837,-0.0010120874166950067,0.0015502244062022275,0.0006472104716977226
2023-06-13,0.0068355446694919105,-0.0027562297519295406,0.011678269055499546,-4.0312660790154585e-05,0.003265342493953563,0.0008262379672342446,0.00046166996158825135,0.00022698783475208964
2023-06-14,0.0018743502931488957,-0.0008968989785369205,0.0016357156263040787,0.0005824594706261058,0.0009484268654804259,0.001173051618128751,-0.0021236704927872774,0.00010812611832159349
2023-06-15,0.008587755849071487,0.0003472259831165717,0.021931388117385073,0.0017351638616063584,0.0035914855839343277,0.0015225674402452594,-0.0036253081871197024,-1.0608747862817712e-05
2023-06-16,-0.0009965735144458984,0.0004380840344524787,0.01571968168618579,-0.0001600078693266512,0.001882676402477297,2.0075737403368876e-05,-0.007384741146298057,-0.000979306776263423
2023-06-20,-0.007317657766565644,0.002300865262877349,-0.01406523462500039,0.0001705606759963333,-0.0052977275602974164,0.00018306646938492932,0.00396717006434022,-0.0015931995156925568
2023-06-21,-0.005131341679887569,-0.0005054773494062811,0.010969108792899173,-0.0021182112840653863,-0.00247909240077201,-0.0003393032448506528,0.0006679844381489719,-0.0021339857174178197
2023-06-22,0.0007096768036503379,-0.00279983314463469,-0.01487185396329801,-0.002875198441317973,-0.0014508459268529291,0.0008609573304576568,-0.004014121853930908,0.0024435547474617506
2023-06-23,-0.008024247357170078,0.004291272432913417,-0.008500174757135015,-0.0006152674944168387,-0.00277348319235945,-0.0005374076203796818,0.003950152749383928,-0.004496355379230621
2023-06-26,-0.003159818483449229,0.002436897941567461,0.0015112109731992055,0.0003772037495928574,-0.0002564386121964901,-0.0016008299706531393,0.004473691432759219,-0.002645893228514352
2023-06-27,0.008304887349974954,-0.0025963282606532253,-0.012294354445896738,0.0004984566238801827,0.0015869378454729198,-0.000546045238133952,-0.00026568683391114956,0.007839723812257204
2023-06-28,0.0024822701578908527,0.001424412624973425,-0.008900854986013862,0.002537522121674828,-0.0007096940863124261,-4.2966543386091516e-05,-0.0016297089752119742,0.00035318228431416776
2023-06-29,0.0024149530112656296,-0.004775708940208368,-0.0008509587074153288,-0.0024491230599692168,-0.003084571076719597,0.0005562173536732828,0.004740221150676627,0.002293356196325235
2023-06-30,0.00946609327177742,0.00019523570344362953,0.01218509502820545,0.0031360280014385614,0.0015330165606213578,0.0018660793098133066,0.003211490338030254,0.00596523621985171
2023-07-03,0.003003982440331431,-0.001693484442535665,-0.0019997398567009558,-5.267893580726066e-05,0.004982829159771214,0.0025183564609579934,-0.00370351815346992,0.00040680293698173086
2023-07-05,-0.0033869066132149136,-0.0016676622580598884,0.0077302564085400035,-0.002149829203297727,-0.0014402569641668351,-0.0010333642911134477,0.0003442563850004632,-0.0004315257682843917
2023-07-06,-0.011950062083956959,-0.007194491529004499,-0.006312458961477774,-0.006285429125504527,-0.0076536576770917745,-7.257852395425868e-05,0.002685317006964283,-0.0037527937920374906
2023-07-07,-0.0031268473910769042,-0.001562253423470906,0.005097175795182795,0.0004275628201733431,-0.002459648942347445,0.00020368134801018734,-0.001868775818354651,-0.000326247201183428
2023-07-10,0.0016418012494221804,-6.758337106390697e-05,0.002603533494863785,0.0016804812136886108,0.0007905157617414903,-0.0012409984393768614,-0.008185653991864661,0.0016667182600674005
2023-07-11,0.006617270476207559,0.0005375793094804285,0.009200789551047783,0.002428911920090903,0.0054977134915059215,-0.0013459817166310284,-0.003433749626343574,0.003232636572893443
2023-07-12,0.007283964751600791,0.0047911380515524345,0.0027210268772515415,0.007450321684300742,0.005579419706451775,0.003309955318918645,-0.0033700665443791022,0.0031113537011187345
2023-07-13,0.009062346838007584,0.005009234905862614,0.010856765626402287,0.00430335550889741,0.0069303050809291,-0.000941825587562839,-0.0112780928827787,0.0014284809583935735
2023-07-14,-0.00010565747695464664,-0.0017968560787917317,0.0007148932454712812,-0.002272622596246022,0.0022296990667173603,-0.0014392608116453598,-0.007095733689153394,0.00025467286083350393
2023-07-17,0.0017308056352116955,0.0007457107629400875,-0.009380928226917351,-0.00048563150324040317,-1.0054050811748237e-05,0.0016154744651597497,0.0023464290016175227,0.0006744714190341275
2023-07-18,0.004737878018675123,0.003601954013353647,0.012667420106396132,0.0020095739258579096,-0.0014086434102722892,-0.0019635170323841766,-2.995832821484079e-05,5.977151509032255e-05
2023-07-19,0.0029488578147831893,0.0010008755601451972,0.00575749659647643,0.0015451427244539732,-0.0005538984047548053,0.0005781194931511191,0.0007767417142108268,-1.022199476105121e-05
2023-07-20,-0.004812843468045636,-0.003906647066535618,0.004887622296442717,-0.0035508850567275937,-0.0018634452241201905,0.005667177471978646,0.0032033356005056746,-4.1331368147513235e-05
2023-07-21,0.0006443005145453698,0.000715804662472929,0.0014116689331633895,0.0009957068576127762,-0.0011849838743500326,-0.00023519455575216064,0.004658827725814607,-0.001330554476911628
2023-07-24,0.002206057363381563,0.0009847395015059371,0.01393230097521595,0.0002668496916669364,-0.0006378485287923071,0.002890111703119369,0.00400033657097798,0.002396278773836557
2023-07-25,0.004146585340483433,-0.0018509786345845777,0.005401432262214267,-0.0006552179494435325,0.005902508305145341,9.003281613007008e-05,0.002758924460990686,0.0007726442321363317
2023-07-26,-0.000995053636438304,0.00018880578350850475,-0.006617355691445215,0.0004117191902577969,6.429977836833295e-05,-0.0017617060957662023,-0.001401022393674567,0.0009864299668401293
2023-07-27,-0.0014796050119311628,-0.0022509403583929506,-0.005690356527678842,-0.0021347444171926806,0.0004248628416543565,-0.00041802971566096137,-0.0017908435147743207,-0.00324761907832476
2023-07-28,0.007138105637671876,-0.001567181465145718,0.0027405499032216556,0.0015718930392892398,0.0032577915593194075,0.0014579979351760919,0.0050357814672206125,0.0043143767038405605
2023-07-31,0.0025700287579700325,-0.0005800071835498252,0.001247264835461625,0.0017032944379165686,0.0016820976269296788,-0.00026054933200736485,0.00047615930829936204,0.001450634019229357
2023-08-01,-0.002782662545559079,-0.0032292721254473696,-0.006368061532284353,-0.003377932737818324,-0.0028938263251785472,-0.002512844406184489,0.002503473495247821,-0.001082161530144777
2023-08-02,-0.014808804443641011,-0.0008584369750091367,-0.01552020994346386,-0.003540102127613621,-0.009037816079783904,-0.0007359612488407885,0.0021751343402054424,-0.006768784148171659
2023-08-03,-0.0038636033034205493,-0.004171951144587505,0.0049755719010381,-0.0036382652252328514,-0.0032966498260282944,-0.000692455031564565,0.005934803584011661,-0.001997820810805063
2023-08-04,-0.002500672395653592,0.002882785922237629,0.003590091743683143,0.0037851655252272957,0.0021286941551331997,0.00190881042167379,-0.001509844137968952,-0.0022773568377636895
2023-08-07,0.0054214432170461395,-0.0006320575230786448,-0.001427739715930399,0.0004709950546857958,-0.0009938186484460625,0.0023599724428351454,-0.0037909753702702886,0.006943018990919713
2023-08-08,-0.004300633545441013,0.004636618460644403,-0.0005119962312173828,0.0012615783585812716,-0.003577701001430704,-0.002998114015921205,0.0004995761182939873,-0.002669699469096277
2023-08-09,-0.0035241463277492675,0.00028974919099773375,0.007768958006076975,0.0007246804092718265,0.0018591919525979377,-0.0003621383696960079,0.00468626281931428,-0.004853671039322594
2023-08-10,0.0020976618154654007,-0.0030227606400647263,-0.00633119897446759,-0.000877906697199938,-0.0007539463842780303,-0.00038158118545961184,-0.00034394771545198655,0.0003667968141539238
2023-08-11,-0.003616561521101503,-0.003889380791822706,-0.0027695685099821572,-0.0019252148671432996,-0.00420097491933118,0.0023271596936302874,0.002360695106138122,-0.00035078793982938974
2023-08-14,0.0016127703884332815,-0.0018395576328046788,-0.0044007051054478115,-0.0004991543780711768,-0.005467591433195278,-0.0008140070533745325,0.0021709555010542836,0.0055789265825366245
2023-08-15,-0.009776091987375213,-0.0018696226556744085,-0.012377969445125859,-0.002157620073101208,-0.003514141621839059,-0.002789564621075602,0.0027696833615631355,-0.010610089342356122
2023-08-16,-0.006684887692148856,-0.0005349817478177873,-0.003626976345721112,-0.0015292175457048314,-0.0029462148113723317,-0.0009237780065787238,0.0010792042808287494,-0.007730689830538973
2023-08-17,-0.006992104696574453,-0.0026410856642848264,0.0031088811285651767,-0.0034423389427360902,-0.0016422797560139875,5.333083956615692e-05,0.0030486677260406214,-0.007882268617493127
2023-08-18,-0.0023779888997030214,0.002730584752783049,0.0045607308843105925,-0.0003393406611982738,-0.0034809291911237945,-0.0005913339199414835,-0.0008138961108330456,-0.0075676276011829476
2023-08-21,0.0036958634850013487,-0.0036316979962530034,0.00037294784059345085,-0.0018379329588513078,-0.003222543005131777,0.0015545161416589126,-0.0001774288516700473,0.003435562908213296
2023-08-22,-4.660573594155248e-05,0.0009169648990688498,-0.00318073811491908,0.0009629749621665288,0.0029887425420966076,0.0011401645571973429,-0.00024496942043961134,-0.0003859092689558094
2023-08-23,0.008402071111423725,0.006578787437056265,0.006702741973940118,0.0055631307501387665,0.0033879420821710353,0.0013712012939872675,0.0021256477831772536,0.003973831374618774
2023-08-24,-0.007982645034411973,-8.881316545010864e-05,0.0023024318432912187,-0.0017069557373796014,0.0040589334862718715,-0.0019172191503007419,-0.002830742366790262,-0.004313323186851004
2023-08-25,0.002341304391490894,-0.0014174120349577553,0.005535224216576772,0.00028479092583639707,-0.004130960261196089,-0.0005232217649949744,0.0076793957489458275,0.0034106044384017535
2023-08-28,0.007113622997944557,0.0005019979580794357,0.0019083044537329778,0.0019297989672818032,0.0025327767165830213,-0.0006892429150378021,0.0007564937509700886,0.002816737937108304
2023-08-29,0.012318356098330496,0.003602161454909169,0.0011529373245216627,0.0037009073712131572,0.004572576400049703,-0.0006689281172549411,-0.0017455482180330772,0.0026409963608969404
2023-08-30,0.0027817882101411444,-0.0004002950582191919,0.00315739031414004,0.0010674809846578752,0.0004180208061785051,-0.0013742863133978656,-0.004016400228655459,0.0006912503518917249
2023-08-31,-0.0013157989388997045,0.0023638233061449958,-0.0009564462356169043,0.0009819679647620864,-0.0027038793176859797,-0.0008818987954535285,-0.0036458440620671384,0.00013731563449577078
2023-09-01,0.0023872434479773157,-0.0027636964055631104,0.0064808270307977305,-0.0014563184388835422,0.0010057906189944097,-0.00012494325440048915,0.004040124562069147,0.00028726527504680996
2023-09-05,-0.0022734198937536705,-0.004636815465365585,-0.0004156903039685308,-0.003131910317869014,-0.0011938294427906438,0.0025138979758665414,0.00511186822771692,0.0003264835906112254
2023-09-06,-0.005443466249911589,-0.0022552236116501374,-0.0024439654383539462,-0.001859015906757678,-0.0026523762863792737,0.0002768897456550956,0.006363030839460215,-0.00038000817287691193
2023-09-07,-0.0035167577682076352,0.0013776235384875372,-0.003583406130415568,0.0012463096492654861,-0.002357563239467979,0.0012725266217752385,0.001122548160576109,-7.225704602691418e-05
2023-09-08,0.0002496153707017382,0.0010847585813294584,0.0006013233142437394,0.0005911885861918479,0.00030204667684655237,0.0018600921505949053,0.0014607524592751275,0.0004840070755898865
2023-09-11,0.005226995219477514,-0.0031188843510024274,0.005881911879861489,0.0002699008063307798,0.0006629086283021604,0.0002810055295425773,-0.0019988237987627056,0.0007240078543722764
2023-09-12,-0.003680905712839456,0.00033837300598367123,0.001197676248967671,-0.00020171824606689614,-0.0007914068934242817,0.00018247573879826007,-0.0027471050815327525,-0.00015523306106806156
2023-09-13,-0.0003633643784946469,-0.00010370861835078482,0.0012101794534327796,0.0004331362187802271,-0.00034366555977498683,-6.991972678682679e-05,0.000636024373345645,0.00016772476353017407
2023-09-14,0.009218094173747037,0.0018182472078459126,0.007013337818731657,0.0007246543993285162,0.002654601917434192,0.00012188733059592671,0.0014582749673457407,-4.50242577837886e-05
2023-09-15,-0.005866426892992816,-0.0031036886275516602,-0.002313622447088371,-0.0013266668383581821,0.00030961410477761795,-0.00023467749745631483,0.0057059172199727115,-0.001832160330194111
2023-09-18,-0.0026825619084214665,-0.0014274208980941568,-0.000422557080948894,-0.000338699241222474,-0.0033048610789091575,0.0013345751761821845,-0.0009821741436175646,0.0006767435084050303
2023-09-19,-0.0023266713849823713,-0.00157239954891868,0.0005249155926803742,-0.0017526904440958065,-0.0010891699623211577,0.00045235873050875064,-0.0014436544181845035,-0.000923369800270902
2023-09-20,-0.0055214253443884205,0.000747611556831739,-0.0020984601827202416,0.00032954968340865784,-0.001190695580454601,-0.0012962688220289342,0.0001238379418813107,-0.005342820351098499
2023-09-21,-0.015253680059814246,-0.00357339436359121,-0.011039683558625103,-0.005346168716421507,-0.0075418772291887615,-0.0005445764994443936,0.0032784445485782854,-0.012105091277073977
2023-09-22,-0.0012154848289609894,0.0006886723854396362,0.0013908413255652834,0.0010163772035603584,0.0029889319687392752,0.0006670075313954804,-0.0004357322921079154,-0.0018904008926264211
2023-09-25,0.0008422860057045281,-0.0028341603385570353,-0.004217842832124164,-0.0029196328653215316,-0.0037655078208888846,-0.0027721355173366824,0.001755888131062422,0.004171956625288086
2023-09-26,-0.011839468662594933,-0.0013914417033715105,-0.0033528874082880307,-0.0027593194181922305,-0.004405230732571975,-0.002554732314318575,0.003672071064664273,-0.012587483260892363
2023-09-27,0.00017274097815917966,-0.0022029138140373,0.00338164609808762,-0.0019449941334081407,-0.000644813793893185,0.0013432029933549972,0.0026759501156781162,-0.0001696636935974335
2023-09-28,0.003674542251866763,-0.0035683723984631273,0.0011040699107252687,-0.0003647412495238375,-0.0025545103109964502,0.0026451707978825123,0.00435482768509976,0.005227641365281709
2023-09-29,-0.0007330021250487214,0.003444102065663323,-0.010020531831237123,0.001471211462932786,0.0031970320177117754,-0.003355527333033903,-0.004854885516985652,-0.0018371328342333022
2023-10-02,-0.0025718950864775277,-0.004043160669400515,-0.010178766306689836,-0.004988331151337833,-0.002456488873758682,-0.0005523034877797928,0.00053059872380401,0.00025367626674317387
2023-10-03,-0.01313538690009446,-0.0038463859693856246,-0.002826964380850106,-0.0075504311623029625,-0.007152998538915941,-0.0011638502512910653,0.00736676532155589,-0.012817282331186664
2023-10-04,0.002139095900108922,-0.00011584509919153685,-0.01778835246493209,0.0007244536905202762,-0.004495865994426796,-0.0008535704059844385,0.0008004491770634559,0.006490332859560532
2023-10-05,0.0007882650063718125,0.001897485118763042,0.00010012052524717075,0.0002948640942739936,0.00067201406155947,-0.002022285982750449,-0.0025315519345626702,-0.0006968528901897705
2023-10-06,0.009856002841556698,-0.0020071684151315335,0.009066268567964397,-0.001054398256589973,0.0014174348452750038,-9.944195942224177e-05,-0.00383606642240375,0.010843486450111971
2023-10-10,0.012157016155657962,0.007459307772347334,0.010434552583704248,0.007314749119844265,0.004714524668633527,0.00249601476198702,-0.004043349566579368,0.004797555000395203
2023-10-11,0.004082052209882846,0.003458343658264095,-0.005571721314358281,0.00188765564645672,0.005813852859069427,0.001263607457717475,-0.0014088244868372124,0.00407032239101841
2023-10-12,-0.0025547099243541822,-0.0036103838430089803,0.0030506428589572414,-0.0040392069864038545,0.00045540558433102116,0.0008672843052073276,-0.00038548387421843966,-0.005515592263150949
2023-10-13,-0.00723037443441581,0.001571598753430669,0.01860749402482249,0.0009243774714321021,-0.0038175372166520567,0.0015342364405130926,0.008464522733869106,-0.004920305158659311
2023-10-16,0.005622552532710334,-0.0020995796957649533,-0.005292814645225952,-0.0020622405921847838,-0.0028433158513250316,0.002045989507891144,0.000490156562610311,0.010175926886502994
2023-10-17,0.0010725406816690201,-0.005427869498900329,0.001148917198496923,-0.004189584851707107,0.00039614453822925497,0.0018694120677885673,-0.002621511642941887,2.892359532168711e-06
2023-10-18,-0.011671257242936429,-0.0038841868146098253,0.010087924012833604,-0.004045393437687218,-0.0042612289758797795,0.001089224581619419,-0.0003249179236023414,-0.013345914046743502
2023-10-19,-0.010071579233210826,-0.00259262696924183,0.001653574317508854,-0.0034491186608608844,-0.00585083553288676,0.0033116631495931914,0.0030243318760108107,-0.009183796041490711
2023-10-20,-0.011812875385363731,0.00271224164523216,-0.002564313060854629,-0.0002476677769555521,-0.0016639523784867556,-0.002128913158801593,-0.0025513803647420064,-0.0015504246798752515
2023-10-23,-0.0030275455666107128,0.0012912011945152672,-0.008783708143700265,0.002293902077114062,-0.002879922153982592,-0.003231822924768979,-9.914170705616066e-06,0.0007518898555679102
2023-10-24,0.005282677283301961,0.0018795710595450148,-0.002732302948257149,0.0035659613349390933,0.0024838483842879373,-0.0005045506148939616,-0.005023903413459707,0.004260274134610786
2023-10-25,-0.009073412281665739,-0.0036385712509284136,0.00450942982970266,-0.0025782390871919476,-0.0007942876926124062,0.0018612686453304272,0.0051534025361335,-0.007056857301118203
2023-10-26,-0.01037135553121631,0.001710395521204177,-0.004467721936957703,0.0005788615475355688,-0.003482111025539533,-0.00021607138141543913,0.003424017283911285,-0.007346827363009446
2023-10-27,-0.002816423569835514,0.0014462401239852644,0.00978324158484074,-1.440762975739662e-05,0.0032614341396993997,0.00044470960489251254,-8.227601917421001e-05,-0.002958058186410751
2023-10-30,0.007716886197989114,-0.0005713396927355293,-0.010716837395908164,-3.976749012573133e-05,0.000556263654555958,0.00036825972977327925,3.0859428698182256e-05,0.009475083344348944
2023-10-31,0.004580993502888497,-0.0009236851935425125,0.0012914523897574297,0.001426115499925617,-0.0025379511202016543,-0.0007040430032781986,-0.004275810484917764,0.004940225535495623
2023-11-01,0.009408489157373644,0.003943777670913983,-0.0044367071869511505,0.004555698226768556,0.0015981524094087773,-0.00025022231790194915,0.005365819793777149,0.006585481036539619
2023-11-02,0.017202865314197634,0.004747771525008226,0.008460384357033512,0.009545799505542418,0.008249194561470654,9.74151271204704e-07,-0.0026400905586881906,0.007031631001838189
2023-11-03,0.008392149816848726,0.0044971670906422505,0.0016391561390898916,0.0067646675541275895,0.008425119504070388,-0.00027869029581428784,-0.002208899772140893,0.0021055075860050947
2023-11-06,0.003500471640660651,-0.002616279607191508,-0.001954458642619051,-0.0012720374605266656,0.0065555188872287095,0.00128288994356629,-0.010411538047200741,0.0010697317014192846
2023-11-07,-8.131466718823776e-05,0.0028200818547541966,-0.01894058083136001,0.0002229308897470742,-0.0025274569447284166,-0.001316975670717424,0.002051373863753092,0.00036752042153149675
2023-11-08,-6.154448666599943e-05,0.0029390611890194977,-0.006554832831031244,0.0011046461153281888,-0.0003277824973228749,-0.001504308308699187,0.003385597662727058,0.0002841095134809671
2023-11-09,-0.0032958455598039345,-0.002818337135511318,-0.0018666562326156606,-0.0034027538012438192,-0.002121740665496686,-0.0005968132922650193,0.00023705781868010867,-0.0006136171488716932
2023-11-13,0.008695017112567104,-0.0023491235924496985,0.009794251891182725,0.0009632310748789,-0.002031572032422147,-0.0011468017947093845,0.0026155740437225905,0.00034271595664720964
2023-11-14,0.015745601672099884,0.007731505041969355,0.002518460917391007,0.008731959815034229,0.00500606916051182,-0.0021422254680358854,-0.0010250957669822869,2.849575325102662e-06
2023-11-15,0.004932163745974338,-0.0007435866262304644,-0.00032823818066278845,-0.0011707907819936032,0.008203623978597004,0.0007712395820916873,-0.014410720422414203,-1.298891976013816e-05
2023-11-16,-0.0007642297599789635,0.0037856043958149448,-0.01541742788875249,0.0008323259125018848,0.000577065441792064,-0.001177890513101243,0.0021781491489842875,-2.0924234215003666e-05
2023-11-17,0.0023402028956801095,0.0008053606179202025,0.001299026505504241,0.0007855459538349089,-0.0015687242458566793,0.00030753054153409565,0.0007182912023762089,0.0006340422993985176
2023-11-20,0.005323007108060173,0.0001940722128011655,0.0077798298532852465,0.001896943597332234,0.0039122203976153245,0.0018668240888635168,-0.004634188609205503,0.00355861879686643
2023-11-21,-0.0019243663274515661,0.0023034874352881422,0.00235099695305847,0.0003849581655946502,0.0022742825259363026,-0.0034981597991506908,-0.004967314971307868,-0.0005638846853985199
2023-11-22,0.0028767832497327943,-0.0012835033587694118,-0.0074062674597281004,0.0015434309515101712,-0.001076551960377267,0.000737902487729647,0.0006322495114288174,0.0014869232483781351
2023-11-24,0.001099019550127544,-0.004613503936906117,-0.007408068422069359,-0.0009331241662708275,-0.001229360812780771,-0.0005482386450433863,0.0027436970451755194,0.0008525316275225895
2023-11-27,-0.002795674823639894,0.004316548865122515,-0.00422183756049992,0.0027188212888851863,-0.0002123883158097647,-0.0031194000185497117,-0.0030046477548649753,0.00024408137375659866
2023-11-28,0.00047312222881041785,0.003099083495682619,0.00990049519668863,0.0023893576959857603,0.00315576985560683,0.0013350523584014784,-0.0030468303433377475,0.0002869468588656102
2023-11-29,-0.00030612861952132944,0.005346330973946611,0.003445113940593391,0.005394879135252117,0.001090975332502826,-0.0003370678256657822,-0.005493478365998339,-0.0006723136927649262
2023-11-30,0.004156509680129993,-0.0030235875539395447,-0.005216533070465702,-0.0007340771905642204,0.0009807771264749587,0.0006655207881609559,0.0021896635173570544,0.0011797887719096727
2023-12-01,0.0051215757109979825,0.004114053128436112,-0.0033735033694032752,0.0041856596755403645,-0.0005449018969756922,-0.0007630693868496685,0.006075222639963407,0.0013929210162991305
2023-12-04,-0.004271748135230725,-1.2003613038370163e-05,-0.01434632292091802,0.00025542075053770405,-0.0005958634668860122,-0.0012061037778163808,-0.004038601318125834,-0.0003783314301283766
2023-12-05,-0.0015282078924604876,0.005052964576561857,-0.004280475686716124,0.0027588520582618285,-0.0013935389271812007,-0.000659413322580571,0.005683666300463575,0.00021910081629024003
2023-12-06,-0.0004960736534951779,0.0028157505210889104,-0.020378136239852563,0.0017858532780004703,0.0022368264398480824,-0.0022922450285751683,0.003508279933576164,-0.0008271603957296544
2023-12-07,0.003427047392892634,-0.0021548952468966494,0.0027096467400678607,7.040999739811238e-05,-0.001990479709313069,0.00034124824695136446,0.0017387737496050715,0.0015002208072703686
2023-12-08,0.0034761680724285197,-0.003981881420031131,0.00036897660179986333,-0.0021668111321318413,0.000748818395495594,0.0034769712925486473,-0.005568019666671309,0.0010995824406808234
2023-12-11,0.0035583409475242293,-0.0006352625884602955,-0.005495047512517549,-0.00047925442383105557,-0.000958608921380119,-0.0013339294261568435,0.0029146199609766388,0.0007318315005003343
2023-12-12,0.002805933934411819,0.0025200232642142543,-0.009712694247833654,0.001506883523611901,0.001372465424245805,-0.0021977513063790033,0.001553277805275144,0.00013963495391695535
2023-12-13,0.00907357483421085,0.006405071361732583,0.00031367927074816757,0.006935683555070526,0.0011097056958964784,0.0020373013231380632,-0.0027629423155489663,-3.548482124153895e-05
2023-12-14,0.004493354395573922,0.005593377437740198,0.02261775617391699,0.01095820654196029,0.010722974260006115,0.005578551220825512,-0.009517576475188472,-3.940621434843716e-05
2023-12-15,0.0006066369454732038,0.0012757042333214168,0.0030649072621716338,-0.0001560356508937718,0.002962465157576284,-0.0005279296897112706,-0.008429584906364584,-0.0007391520899109779
2023-12-18,0.0019162395692314364,-0.0005691141898567683,0.0023359936679655073,-0.0007152422353461815,-0.001135351470641559,-0.0007197779506352697,0.005622415011697024,0.0023798153706385376
2023-12-19,0.005038636007130681,0.002807853864598652,0.004651052944827882,0.0016791386741808571,0.0006011784571392797,-0.0012324082310037898,-0.000902554917189824,0.001810592110991282
2023-12-20,-0.009054637737353866,0.004271887083688263,-0.004557859422738942,0.0021333582702559133,0.0003683687576591017,0.00044627511455175295,-0.003380499211881216,-0.006071799195795192
2023-12-21,0.005812113510184579,-0.00029184887824567154,-0.0012037219460673716,0.0002797241112116425,7.8425256627852e-05,-0.00027276668016140704,0.0026373366660359387,0.003917372781696415
2023-12-22,0.0006401914043521853,-0.0009341450730702591,0.0033336174994050387,6.0624264497887494e-05,-0.002222043895489753,-0.00013087446413995174,-0.0062805627598784275,0.0011546106261886672
2023-12-26,0.0031574432705988136,0.00039104608137214756,0.005977343181466765,0.0008828394492921935,0.0020492968587835884,-0.0010093365802236187,-0.0012488132529782092,0.002473364062101146
2023-12-27,0.0032518920579043924,0.004366842094017786,0.0020782419603995843,0.003788420303492201,0.004901440632642039,-0.001321122355102844,-0.0014982241507232041,0.0011181487138212758
2023-12-28,0.0009739342099038365,-0.0015552253154102365,-0.005675929767940114,-0.0011588000623947055,0.003925498568695684,-0.0005800853387135652,-0.0057115395488215315,-4.853362109862391e-05
2023-12-29,-0.0017175175279088746,-0.0028780873548998505,-0.00930162922924509,-0.00040557283159097315,0.0001198733713495096,-0.0023644584838502514,0.0032306131637067637,-0.00028767323750038623
2024-01-02,-0.00481415687399871,-0.002611528604680547,-0.005191026492970364,-0.004179456176824182,-0.0039740747062902695,0.0038696738272289144,0.001431043714784197,-0.0009703482615939682
2024-01-03,-0.008422267803804773,0.0003375950948566012,0.0022474479467860624,-0.003531833292932097,-0.006081876473524066,0.0001608233688195071,0.008684720791148681,-0.0035878565249833246
2024-01-04,-0.0008165351698025577,-0.003544739806476783,-0.00018487083767964118,-0.0030601832128080327,-0.0010272062361123442,-7.969388375106412e-06,0.0016588095697298577,-0.001527276151919877
2024-01-05,0.0006190256055605517,-0.0015075139509544318,0.0031714816904511826,-0.001408784338688896,-0.001666562385160061,0.00031583707968896313,0.0010521500212969936,0.0013174035335879568
2024-01-08,0.008899923321244629,0.0008555740893808164,-0.012258233890222115,0.00289698947708834,-0.002153869318585604,-0.000422111119100288,1.807496598105196e-05,0.0065267298856020554
2024-01-09,-0.0011590116995357398,-0.0005884810772956336,0.008905709826189833,0.0009123585509787749,-0.0018853695848489807,-0.0008551131876441964,-0.0012859386011427887,1.2508162141887993e-05
2024-01-10,0.0034494529473139794,-0.001127963822394263,-0.008079993639054584,0.0012949232197701603,-0.0007510947708682925,-0.00040347163956144794,0.0022491944349989357,0.0013236504567427192
2024-01-11,-0.000149434601918342,0.0015663952282408238,0.001732778363247322,0.0018223382703191453,0.0030911785866039702,0.001224219399639015,-0.0012557429903025108,0.00029236341807610175
2024-01-12,0.0019371543208968715,0.002347139909467732,0.002937869284837035,0.0015871073852956157,0.0013024372267356858,0.0025122180584080667,-0.001254893486529074,0.00035349912650357504
2024-01-16,-0.004752379468044122,-0.0034088744510203835,-0.004997991576871686,-0.0035850816161339567,-0.006839498662635602,0.00011793558784101155,0.004385246374759344,0.0004950702375974939
2024-01-17,-0.00799318203782744,-0.0037931752229587896,-0.008197948132970746,-0.0034399292438157987,-0.008654889774137798,0.00021541829268756363,0.007032450873379004,-0.0006666380609660524
2024-01-18,0.006339130289468264,-0.0018345557151654875,0.005701454030099317,-0.00020332675414940293,0.0006480521627959452,0.0024830882736822657,0.0009418066819690818,0.001292366382946119
2024-01-19,0.009260765914654478,-5.801340266813415e-05,-0.004194919335970205,0.00037152405849523093,0.0029641426708367697,0.0008306974613105922,-4.4233296621065676e-05,0.0031200050837110853
2024-01-22,0.0027828757153028454,0.00241629092398472,0.0012613727411932667,0.002416900198712945,-0.0021663296276696878,-0.002551975527569361,-0.001031950556470984,0.0015140018561699657
2024-01-23,0.0019032753933397421,-0.0019449002488430185,0.007204834713308749,-0.0010907448074328092,0.0011092023841252178,-0.0013051499663883082,0.0012784839432975481,0.0012672339573954298
2024-01-24,0.0027946427374186504,-0.0024193875074483458,0.008968811661540132,0.00014745911230280495,0.003948544710306915,0.0003448653509191546,0.0010511035601779017,-8.133539677117685e-05
2024-01-25,0.004062705270011357,0.002074371612373071,0.0022978620148264677,0.0023767638448094035,0.0024202860490029356,-0.0003187961132562478,-0.0018740276234953113,0.0009606056561842316
2024-01-26,7.634732047752035e-05,-0.00033210472095162116,0.0005425675185158455,0.0004684847272933937,-0.0010832380302232259,0.0004334542541428732,0.001653913951972008,7.421477177544855e-05
2024-01-29,0.0065101156811665055,0.0032313297270887935,-0.008596036932712759,0.0019070560198709112,0.002465977266788906,8.685647658612794e-05,0.0005792524764030027,0.0015892059809395447
2024-01-30,-0.0013607013918612194,-3.800165111405096e-05,0.009604718329850725,-0.00015076578922694839,-0.0029499538635934693,-0.0007490540968403403,-0.0010576280556940931,0.00010771474633004463
2024-01-31,-0.010764638601117805,0.004731179897749693,-0.0030848587484813457,0.00028330984081443775,-0.0007343838032118252,-0.0002818499023062859,-0.00018611814883040534,-0.0037913741016303744
2024-02-01,0.007429003958638946,0.002960661217290172,-0.009888037972779862,0.0022642470552072906,0.003215927124467898,-0.0035319761498058266,0.0024099850480878704,0.003265006607016629
2024-02-02,0.00757494498042106,-0.005839802264540218,-0.009530061791146172,-0.00348824411208375,0.00033084200018399065,-0.0003397373105581414,-0.005328268837677452,0.0012369088280837597
2024-02-05,-0.002392112999922858,-0.00592811103284634,-0.0018391795058410494,-0.004188018685606965,-0.0034560756389384315,0.0025248097006104198,0.010078164250517663,0.0004212386756886169
2024-02-06,0.0035103863411297224,0.0019758555981933094,0.001603347304724844,0.0019209357898145145,0.0065418377215629075,-0.0010280228728853924,0.003961496926990327,0.00044351935736492906
2024-02-07,0.005208750444088594,-0.0003692949380817331,0.00015613526224618124,0.0004887532249298713,0.0006120361660130109,-0.00023866196522714933,-0.0034367367356124,0.00024279147117540678
2024-02-08,0.000535757877467912,-0.002534821686239353,0.0034372619089689353,-0.0009365011642972662,-0.002127802746849547,0.0011850063153313606,-0.0007524327328262137,1.9717157915998597e-05
2024-02-09,0.003453409904018056,-0.0016803478941400003,-0.0005264028360346015,4.601295147372764e-05,-0.0011107155673418512,-6.727206365264582e-05,0.0015073157520038016,-5.9644295329942197e-05
2024-02-12,-7.544606764680128e-05,0.0008233753103693112,-0.002137476125475924,0.0003805696973702802,0.00016256052142444777,-0.0009096806402326685,-0.001700309999381755,0.00027260287901038547
2024-02-13,-0.009508869275396892,-0.004013093593973217,-0.004652936038626088,-0.005478167335073603,-0.0016871788799144756,0.0024261269706055133,0.0015161307635811472,-0.00022957587652399158
2024-02-14,0.00719376581330795,0.0015368408326142495,-0.009160745188531983,0.0013906843522167416,0.001064926458407418,0.001146429750194411,0.007331855170976009,0.00017046928343506995
2024-02-15,0.006422707570143137,0.0016848982032669595,0.002240712948185241,0.001700276983571735,0.003995127029008238,-0.00010112700916398154,-0.0020646877299463906,-3.339923012528689e-05
2024-02-16,-0.000671792824866225,-0.002622973522307382,0.006513485912489191,-0.0015568496489510204,0.0023135081657007055,0.001729733267549216,-0.003917316030807472,-0.002447416391591118
2024-02-20,-0.0036750309346194505,0.0018516299607754354,-0.003986721982493547,0.001087882817017393,0.0010970582231955676,-0.0006178008462629503,0.0004391395181664315,-0.0021272929844750495
2024-02-21,-2.9622282575681667e-05,-0.002314707655581994,0.007434429254477525,-0.0010468111336812587,6.743940743469181e-06,0.0003714838281585475,-0.002644525404730036,0.0007210474641806234
2024-02-22,0.016527455929662937,0.00026259890084385704,-0.0015005775676232742,0.001653431695319462,0.0035166310034824948,-0.001269042203800863,-0.0002205804276124157,0.008178334421069366
2024-02-23,0.000690196975210288,0.0025816124776219633,-0.010549806988001832,0.0014852632750087073,0.0005395974544919757,-0.0013478456644815395,-0.0004664015173926339,0.0009037267216703385
2024-02-26,-0.00291412807876772,-0.00080316287413389,0.004315127324044776,-0.000594447676124977,-0.0013452292337383734,0.00138748841966585,0.0004890642015922264,-0.00022949868323800604
2024-02-27,0.0015993749146317564,-0.0013974172873465925,0.008932973772813279,-0.0009385321246531583,0.0003948577564091571,-0.0001408362148485054,-0.001407690547297391,0.0008237680041663467
2024-02-28,-0.0027301630000172057,0.0006287087113159942,-0.00010254145550041638,-0.0004854211549963247,-0.002624458992867644,0.0006829331546949202,0.0005170960697575833,-0.00037551787581273724
2024-02-29,0.0037089450616221813,0.0014508303450232012,0.0003777975467143638,0.0005851170254145935,0.001094322947376317,0.00043138922319685413,0.0016896940060224797,0.0008752766000448934
2024-03-01,0.0074705047191071065,0.0009214415638639331,0.005272618120989957,0.0018110770071915853,0.001914727305509411,-7.31351584464246e-05,0.00172849014687948,0.0017232611617228992
2024-03-04,-0.00030841965023869014,1.706274262043206e-05,0.00473974661979366,0.0003577308578953212,0.0017605816967768708,0.0012944933843742623,-0.002825558539697015,0.0002895194453272457
2024-03-05,-0.008035997833712272,0.004209485613194296,-0.0037437575481897196,0.0012788375509063636,-0.0023934118600933128,-0.00022885309590825464,0.00015003222810983097,-0.0020803888181635706
2024-03-06,0.004914125305360683,0.0009715971369189217,0.0057847119997308065,0.000980590811001946,0.002527533203811634,-0.0008922921832259512,-0.0003837872080801885,0.0011501084458960913
2024-03-07,0.00834897305019917,0.0005449948657248563,0.004283350999492685,0.0013509303492043705,0.0010497702459428004,-0.0017982856967144745,-0.004570989083110155,0.001338651486142272
2024-03-08,-0.0037742885142546985,0.0013196095703920767,-0.0030038686517709808,0.001130600632809852,0.002420756321805191,0.00012503014407716506,-0.005831547284639416,-0.000371093047342553
2024-03-11,-0.0029109389216976263,-0.0015024331786585472,0.003228788258409287,-0.00036026614811606264,0.00031745953811804337,-0.0006701028881629378,-0.0008665700713084146,0.0004118375627940144
2024-03-12,0.009492978259102069,-0.00172678108787876,-0.001239115149417814,-0.0005091827767142351,0.002830453192017164,0.0016785375097261301,0.0010127598514153568,0.000936807436300601
2024-03-13,-0.0009878918350825668,-0.0012095165471283538,0.008154585145270964,0.0002069858596154931,-0.0008475528921799784,0.00024647969740942965,0.001695605178527071,8.770081408492671e-06
2024-03-14,-0.0021285511610295467,-0.004341333025220929,0.0008038273141300448,-0.0028839511609018327,-0.0005790605218066817,-0.00037153521775112885,-0.0017299066548404074,-0.00011034899904409723
2024-03-15,-0.005949335414521851,-0.0014027629857484188,0.0010512488475680863,-0.001060918240367293,-0.004997012466702338,0.0009171008854456097,0.00624120546388407,-0.00011036064127016931
2024-03-18,0.005268411789510829,0.00020324201646799634,0.0051518459957567535,0.0002467506377588738,0.0008229054550138736,0.000138333435604987,0.00133150404477278,0.00320791961710094
2024-03-19,0.003473418600401134,0.0015742377353927355,-0.0009524643309914324,0.0012871405634201187,-0.0029275521914901835,-0.0006222620406135526,0.0009329255130521297,0.0024250909567461003
2024-03-20,0.006537767029446261,0.000620468305688359,-0.003500614906139999,0.0004914994326222325,0.0020415168500468608,0.001596670252785426,0.0031496701698661145,0.0029986425031434776
2024-03-21,0.0064266076831923195,0.0005203630403112883,0.0018858689546808576,0.0010444427587066978,0.006586173612383183,0.0021910888844368648,-0.0061104509511618055,0.0008432349911551943
2024-03-22,-0.001552947151395357,0.0024603577464879615,-0.007506867807271878,0.0008687118218587245,-0.002186430924610284,-5.8934941079780145e-05,0.007150691061937664,-0.00023666305497920337
2024-03-25,-0.002876093760280019,-0.0017704598459108885,0.006084689457322389,-0.0010016496646752422,-0.0013528974557355695,-0.0007938764416415278,0.004406374589650319,0.00014257077401398288
2024-03-26,-0.0011032205164067006,0.00039760812715379154,-0.00616207323497291,-0.0004639108076940798,0.0012407167391584421,-0.0010462310896357518,-0.002068176532728061,-0.00040596237979921926
2024-03-27,0.00583523645949453,0.0024038140386922306,-0.0037946513407421285,0.0013509133003433808,-0.0006851015346209141,0.00010323036382375861,0.0007980690788911282,0.002042032359222578
2024-03-28,0.0006464347341793123,-2.2521045241964075e-05,0.011916749934855652,0.0006889655915281559,0.0012120349250879156,-0.0006727329805729099,0.0012896935760624562,-0.0002072351297130356
2024-04-01,-0.002510300635150165,-0.0029783744194523017,0.0045400482875480146,-0.0033565670425401047,-0.0018324799877613047,0.002561522037940689,-0.0002220867555502437,0.000376756756630913
2024-04-02,-0.0052619389054757056,-0.0037697019589912235,0.007875781653038216,-0.002543514842521511,0.0013779147840834738,0.001098208816088131,0.005082481639400838,-0.0015103479680926186
2024-04-03,3.659842307530614e-05,-0.0001512272920977561,0.011952268856169578,8.294745034238471e-05,-0.0019520565466043607,-0.00044898405784388196,-0.002374852861568799,0.0004176024531608694
2024-04-04,-0.006766555339585523,0.002283719754388857,0.003363001195923431,0.0009568598000651677,0.0026892930072540226,0.00047861185788500293,-0.005289690034764094,-0.005132908675192716
2024-04-05,0.004734287593597463,-0.0030003202050991502,0.00615367577141963,-0.0017496734573396074,-0.0019449249925201997,0.0008784343731762512,-0.00012661240859224154,0.0038827541193325425
2024-04-08,0.0014345024620146633,-0.0015073092347659862,0.00043649871486313083,0.00017455295183827968,0.0011238104217735183,0.0015896532669840147,0.0015545523007598483,0.0016566081742355847
2024-04-09,0.0010507412058727399,0.002795475931176638,-0.0011811800422917747,0.0018207268456536634,0.002825936467059153,-0.0005206360276353017,-0.0024892196260690724,0.0005559727223854552
2024-04-10,-0.0060449735096101305,-0.005427774278935971,0.0005772273770739514,-0.005270721506120558,-0.0017006028729356162,0.0017600164256863504,-0.0003170088101686064,-0.0029387837015907754
2024-04-11,0.0037690042247602966,-0.003673867128787745,-0.005142989221236283,-0.002383379421517607,-0.002425247519893415,-0.0009361248314352366,0.01109705188491672,0.002980287202853326
2024-04-12,-0.010572437707632432,0.004144397945437483,0.005553910054975585,-0.0002751606143658777,-0.004568685460840261,0.0002368548572919682,0.00036495632642497,-0.0053855686870383675
2024-04-15,-0.009317142975187088,-0.0038867443194153146,-0.0008710690509416316,-0.00358224868149919,-0.0056431782855689,0.0017432749501571365,0.006305261951001562,-0.006867508551819102
2024-04-16,-0.0069858826482045895,-0.0030116540747247462,0.00013789654973879107,-0.004077302032420117,-0.008591970502153887,-0.00029543261017772604,0.002901843751664357,-0.0007522716353384648
2024-04-17,-0.004492354520446096,0.0016158551672887482,-0.005998855049200103,0.0009834080628266621,0.002127958467565001,-0.0018587587863285737,0.0016028711800548656,-0.005116031416215017
2024-04-18,-0.00035088002308452184,-0.0005684805078624463,-0.001343865100116571,-0.0008823109270006854,0.0018641092548168287,0.0010503815175589848,-0.0033599593297537478,-0.0024853034481003185
2024-04-19,-0.008305208340880155,0.00047236447153060554,0.00934017516306691,0.000581305981691104,-0.004657284648073808,0.0005432406973655546,0.0020481325847441223,-0.0023148075480912585
2024-04-22,0.008594093425926385,0.00041971674215275287,-0.0024213149238350613,0.002269138062164954,0.0029213665345535406,0.0001963617687219532,-0.00040674650134264745,0.006668844799258732
2024-04-23,0.010478442018661504,0.00010161072753607148,0.0015811033344764296,0.002741080535232431,0.002964778932351837,-0.00012936359606419146,5.6023349102263253e-05,0.004869895998271433
2024-04-24,0.0017947106120073768,-0.003657684271618545,-0.0026624290102938326,-0.0011915829591717005,0.0038762253135175293,0.0002539716883025456,-0.004259924092274825,0.00022211490543761958
2024-04-25,-0.005295423962120394,-0.002461898174497979,0.0031841996986297742,-0.0030627328841741804,-0.00323778313713005,0.0007913992000121439,0.0013049266107036939,-0.0015757685698584607
2024-04-26,0.009688989629922883,0.0013382888148563803,-0.0010551349537611283,0.002138106511727477,0.004703698318931241,0.000460000316597986,-0.002152581597267278,0.0036264752709487917
2024-04-29,0.0030585453259067245,0.002261804749814699,0.0046748718655061465,0.0024913380292453484,0.004237026623698987,-0.0001344971334544809,0.0037502044194266393,0.001611882775431072
2024-04-30,-0.010564102537642662,-0.001887752371433283,-0.016544283945320305,-0.0022421634973511136,-0.002669419925467957,-0.0006714194780489402,-0.002959908035333192,-0.005135127499637227
2024-05-01,-0.0029143231998295833,0.0003472692524258517,-0.011303115699747335,0.0010186984171448137,-0.00025545868437516203,-0.002456801394272068,0.00668587661477793,-0.0005957814592876706
2024-05-02,0.006254287759968346,0.0021591724546253348,0.003011207778475921,0.0028782634134155265,0.0032103904619914074,0.00013920157713553927,-0.006346498698820868,0.003765795025181328
2024-05-03,0.009279285025980698,0.0029479150638947564,0.004861753541344504,0.004507955854784761,0.004461648688695318,6.303732096091252e-06,-0.004263673209392804,0.0037684251391135286
2024-05-06,0.008406538812953345,0.0013782155163602587,0.01207648899019571,0.0014422213515046904,0.0022003245511986284,0.00017224930345194345,-0.0013039104911566346,0.0014788154646603983
2024-05-07,0.003249772946164308,0.003069509466113351,-2.9395744622840667e-05,0.0005890283256815946,0.001458860608754434,-0.0020248132826797827,-0.000209476544864029,0.00015945600915674352
2024-05-08,-0.0007463864563103559,-0.001645210817722221,-0.00479305369233134,-0.0014463966878375707,-0.0013570266780972735,0.00022352317763041363,0.002945134164856311,0.00015198199302164295
2024-05-09,0.0035912580206179483,-0.0010382366519879234,0.003914692759658566,-0.00011509784524903554,-0.0007566205537876022,0.001467886198547541,0.001068968226453526,0.00015917366091440155
2024-05-10,0.0031220060406667687,-0.0016706967425712989,0.003038914598705599,-0.001134211705345823,0.002170586977612328,0.0009099995067142208,-0.0031497155369324403,2.3501616849341047e-05
2024-05-13,0.00037165067969298,0.0002464475569866168,0.004939027680061003,0.00020861512972254393,0.002343489154673927,-0.00013868890449142413,0.00147800709094148,0.00027978865101070313
2024-05-14,0.0036627157835116934,-0.00020786278977429429,-0.0014791969660379774,0.00030433341214937046,0.0009658958422059208,-0.0005422919173385665,-0.001223357182377205,-8.282452882217928e-05
2024-05-15,0.00879145433897428,0.005057510610882842,0.00746324371656033,0.003941888836917883,0.002914922513890094,-0.00045102692223775165,-0.0012475130484378427,-2.0626956301162623e-05
2024-05-16,-0.0001672602553092658,0.00010058354544957216,0.001902514843620317,-0.0002450015440829575,0.004469806161232558,0.00010719508004874978,-0.008501005177205423,-6.091540493795644e-05
2024-05-17,0.001005922428339922,-0.002881985347622896,0.01564075064136967,-0.0011789327563727532,-0.000272793376960816,0.0011574628094164208,0.002989582335680696,0.0009561119290385048
2024-05-20,0.0016663828583588051,-0.0013284245025843473,0.014374413250575268,-2.7029495989806194e-05,0.0005434987915674827,0.0005137896490604588,-0.00041996773416019817,0.0010022386137820798
2024-05-21,-4.594245327631607e-05,0.0008293284096401835,-0.0024543329563279544,0.0006868825128270687,-0.002475772352370332,0.0005155193258110646,0.0017520927775591666,0.0013073268838813094
2024-05-22,-0.0029186565670585203,-0.0014449662371265777,-0.005467878678937322,-0.001355377183569529,-0.00028109266001764263,0.0003537276870791972,0.0003848779459818541,-0.0013588746408193415
2024-05-23,-0.005124726848345352,-0.002790178779076991,-0.012137295487616707,-0.0018518274322893331,-0.0024191286094029734,-0.0013551606597794752,0.002847534701337473,-0.0034944424986752994
2024-05-24,0.002834806130955835,4.468533697716748e-05,-0.0009904548031038247,-0.000418480733870786,-0.0028266476361906052,0.0004604609342830912,0.0014818446353412895,0.0038446887003305667
2024-05-28,0.00019018428210621974,-0.0011118097718126226,0.015800204835618125,-0.0004913887048561446,0.001031633335040038,0.0013145402821653773,-0.00492289846028704,0.0007478028067205536
2024-05-29,-0.00904787834307057,-0.0046910181255045875,-0.010731752944046536,-0.0031267571193606576,-0.006088368551624653,0.0013006781244053744,0.001246951619198411,-0.0038420229793840084
2024-05-30,-0.004708302497115003,0.0015885594809677654,-0.013940734977507963,0.0009543368617986428,-0.003588435817605233,0.0005922383924339414,0.004426327086997528,-0.003708993456741739
2024-05-31,0.005610702602805006,0.0015302376971205282,-0.010222998850289256,0.00197065839204209,-0.002478550006511064,-0.00013539703996645613,-0.003338528385089523,0.005236104750283421
2024-06-03,0.003067820689101785,0.0038287387163523194,-0.0022168186410830744,0.003269610550994905,0.007215057728354283,-0.0004938914978738218,-0.0016379374328467922,0.0006098716587684231
2024-06-04,-0.0020991609604232193,0.003188400373730648,-0.014263241090495083,0.0014093327008462657,-0.005230790971938282,-0.0011342475108138128,-0.005000143140181157,0.0004014150555849519
2024-06-05,0.009434860264597788,0.0024668835332176224,0.00576772461391124,0.0015670585572589817,0.0037167020911308335,-0.00031679322523814335,0.0014353919991416664,0.004666813970983407
2024-06-06,0.002109502987900646,-0.000595888982065241,0.015489522874074412,-0.00017869275689757014,0.002989869648567614,-0.0009555247929545763,0.0010029616750220072,0.0004415225052770247
2024-06-07,-0.0015847557276277742,-0.004788011274562343,-0.015935960886717938,-0.003269691584079016,-0.001647052483133727,-0.0001349614594665649,-0.001445147277336356,0.0001186622700220622
2024-06-10,0.0015033360300434444,-0.003744112189589411,0.0057992455582594575,-0.0008159312626631507,-0.0013318893416698052,6.96217412589073e-05,0.009607523250086958,0.0012955477019978671
2024-06-11,-0.0008441816759586115,0.0017114043264679461,0.0030560546849567986,0.000993509196946473,-0.0009495797238535006,-0.0007378265578796839,0.00045274588153221274,0.0006315203895335789
2024-06-12,0.0068563875454935135,0.004663296895849833,0.005991746242911388,0.00416848713702429,0.0025861058640350627,-0.0037257533834278433,0.0012507509903201264,0.001833924845890133
2024-06-13,-0.0009133760098950957,0.0019046729461161364,-0.005382713434252829,0.0007541137877496543,0.003177215668762308,-0.0011692356565073947,-0.00548477457609553,0.0002252337925655149
2024-06-14,-0.0018983146813961634,0.0035353039969872706,-0.003391296245799525,-0.001695857795412082,0.0003399791697204235,-0.001322994342324968,0.005065401447297724,-5.607427315161917e-05
2024-06-17,0.0038391054576692556,-0.001752776808239976,-0.004956369415263052,-0.0014075534058446866,-0.0019279286675414054,0.0023585213831404106,0.003087641327421009,0.00043035962020050364
2024-06-18,0.003513567251173088,0.001625569232910639,0.007996079587896675,0.001973040828780203,0.0032468134848849355,0.0007445639024068473,-0.0023606355332916884,2.3017930771928376e-05
2024-06-20,0.0008769712657721965,-0.0016421412103362794,0.00025854120070685136,-0.0006008744086896564,0.0038795892339823787,0.002574819195521605,-0.0011515830087582835,9.496382251656865e-05
2024-06-21,-0.003011575124301325,-0.0003764015608781931,-0.010030056336643712,6.575273581195174e-05,-0.0029377494025277493,-0.0012743483439027203,0.004071552880257956,-0.0008408943232667729
2024-06-24,-0.0008146441212351538,0.0004405362103492952,0.008444678670685612,0.0007657038941400565,-0.0007844464193167874,-5.932712635292603e-05,0.0026018093555029154,-0.0005891898791718261
2024-06-25,0.003360763179757042,0.00030730467630408684,-0.011231179410555004,-3.2076018403316085e-05,0.00022056079216769292,-0.00037332362521746987,-0.003300333932421906,0.0019073129997147602
2024-06-26,0.0006670919470067141,-0.0037451965596660315,-0.0032740932080452152,-0.002255293927107039,-0.0007160123174574085,0.0017568905931049095,0.0015937178368818916,0.0009752908238283667
2024-06-27,-0.00027486873798470226,-0.0009407262799820301,0.0022658775003242086,0.00015757740016681876,-0.0010840807759247089,0.0008926544306859796,0.0035679605886751453,0.0009092348556028576
2024-06-28,-0.002447782666045662,-0.0012546579378216911,-0.0034024763831667533,-0.0008071961579792405,0.00031312430723705884,0.00015221690740430116,-0.0014460820081791947,-0.0016134743521010637
2024-07-01,0.002644756445260143,-0.004332671283816803,0.003544269470337435,-0.002100100273009376,-0.0016331720143652369,0.0017990298290679885,-0.001464825514116197,0.0021414903029908887
2024-07-02,0.0035169355357205882,0.0007763074686655927,-0.0009579536594689805,0.0007973066173199808,-0.002053646787024881,-0.001008108151755005,0.0013616810285548286,0.0023831786112851853
2024-07-03,0.00604717611162282,0.003417231435007228,0.009228661107752178,0.002259677780106783,0.005523648290298492,-0.0008512301776870679,-0.0014274957405887578,0.0011255486357209625
2024-07-05,0.00508612686714589,0.0026669200796219476,0.003262826036475385,0.002541657898126392,0.00525941470994317,-0.0001847415806304209,-0.004978393935223813,0.0013842929749501957
2024-07-08,0.00023323047451546597,0.0007475808754614058,-0.011165958544021404,0.0012234140685483778,0.0015371572085015155,-0.00019773467736472483,-0.002143608993361079,0.0006904222864317458
2024-07-09,-6.177815043411161e-05,-0.0015564113930745423,-0.006428863198230928,-0.0004979073550081433,0.0007101260316211195,-0.0002648414508583663,0.0003526233975366111,0.0002410119894578725
2024-07-10,0.00836662065642797,0.001653696439623941,-0.002542408379859463,0.0008497109390693361,0.00017031225079221796,0.0007049538488632656,0.0014882592469305234,0.0003582338685644385
2024-07-11,-0.0028656343708794337,0.003444116390235962,0.003108713617019653,0.0030740666577249824,0.005679476320167438,-0.0018047947052364233,-0.0009702521434722389,-0.00013645408633038503
2024-07-12,0.0044278939547287115,0.0006007136659176951,-0.00016737079861666248,0.0013464710584006438,-0.00016277346247059346,-0.0006014414449799776,-0.005997489380269783,0.00041475420750909295
2024-07-15,0.0003666683242827365,0.0003327835104523605,-0.011178166330970286,7.172421814456354e-05,-0.0016374106041241534,0.0022364888958080753,-0.000498040485729323,0.00030418050531328875
2024-07-16,0.00375488058606439,0.0025180746684426263,-0.00022483851248504904,0.0024875834502412035,-0.00047763823180913803,0.00024451456647112124,-0.00044359724975406856,1.977487902381838e-06
2024-07-17,-0.010960902021738984,1.4699778520265496e-05,-0.003861697445877988,-0.00011561964957389559,-0.00215879194185232,-6.111288809451665e-05,0.00022772341367160998,-0.00010105980949497517
2024-07-18,-0.007346952729719459,-0.0005582157509925087,-0.002429172481996412,-0.0007868899005223814,-0.0023035601066698857,-0.0003812495990284104,-0.005035492414407039,-0.00012948091833158226
2024-07-19,-0.007139336397880381,-0.0025128952316662463,-0.01517193481481376,-0.001489878224762254,-0.005778869272918346,-0.00025375264798743746,0.004664877860141248,-0.0005555616141307737
2024-07-22,0.007596880099989999,-0.00035119878024696485,0.006386871631421775,0.0005552820374379977,-0.00111227636754893,-0.0008861198711139773,0.0010225356760911186,0.005620913204544897
2024-07-23,-0.0007763961951017703,0.00017275947355084231,-0.006125639566365183,0.0007483904560031221,0.0006041787966680304,-0.0006665613954293104,0.0012378303157454251,-0.00039128206589826933
2024-07-24,-0.018076771584784202,-0.0009228676623235685,-0.002086385464804375,-0.001420311331620839,-0.002233596255812291,-0.0008449046922357484,0.0018029629793976376,-0.013215266068189725
2024-07-25,-0.007044127027867098,0.0014014894596710674,-0.005393298934796276,0.00015028828352521206,-0.002801451977591489,-0.00018208191232371718,-0.0009019937206899975,-0.0037750881711152047
2024-07-26,0.008418461979782976,0.0016586766381797118,-0.008512226133251134,0.0014989203677358669,1.3350954368710063e-05,-0.000551242078213221,4.491011164708958e-05,0.008016085345419487
2024-07-29,0.0017194893202202126,0.002583634864893835,-0.005558507421292092,0.0007017683077613182,0.0020370345859332868,-3.847905185749845e-05,0.00029506489944974845,0.0010782223942036977
2024-07-30,-0.0035529647249359815,0.0013752124131752412,0.00010470918079647984,0.0002122407341900826,-0.0018778184554319721,-0.0006058949871601271,0.001756581682331726,-0.003650890695688403
2024-07-31,0.013713292717259917,0.00237213773151208,0.010659041694641335,0.0024568410560235725,0.005197134930289052,-0.0001534646992649158,-0.0010675496412212437,0.009372694061443209
2024-08-01,-0.013362448012705298,0.0031008091449463253,-0.009439971296612271,0.0006054953012340595,0.0013700319821744016,-0.0021612154041983356,-0.0041159069711533824,-0.008173084671779175
2024-08-02,-0.022983831988748583,0.006357513216100074,-0.008596501404447055,-0.00035412499417690837,-0.007114137754651647,-0.009866377266084303,0.0032707869704231562,-0.014869159002876487
2024-08-05,-0.03432671182976126,0.004151645728256281,-0.008503568373433513,-0.005258628185495762,-0.015488151844024679,0.00150381089541618,-0.010927707378924567,-0.026762093439330382
2024-08-06,0.012872541905727685,-0.00501882225457877,0.0025704690949560176,0.0016552069720615174,0.003993470838508754,0.002283685413686176,-0.002255562785379195,0.009166951885796037
2024-08-07,0.0004824579168414936,-0.002580026283082782,0.006622821783650878,0.0010909430807660263,0.006403320773843934,5.155213877805487e-05,0.0006472874080307722,-0.00691380339716301
2024-08-08,0.014429322585780623,-0.0004412908280656999,0.004775713467511777,0.0002987647330222157,-0.0013508668740569152,0.0006448046954965481,0.0012287784456972428,0.022149396687285727
2024-08-09,0.005760590315655744,0.001591077491079073,0.002741800634772428,0.0012185739779702713,0.0062733376460083765,-0.003004024007447148,0.0011678663452607818,0.004439399444337976
2024-08-12,0.0006305631728541031,0.0003004249558822939,0.011904615450875577,0.000623866857451926,0.002215950153669073,0.0031406437704906143,-0.0003815075453855732,0.0009037808472958756
2024-08-13,0.013694624982117997,0.0031014194264922905,-0.011489049941207075,0.0019500726391402205,0.0013385530126310008,-0.000871495366997932,-0.0014245779344607135,0.015469023948469673
2024-08-14,0.004303913713080542,0.0014261292594911039,-0.0014897558295887021,0.0021920130826965194,0.0025031032985337147,-0.002079353784285809,-0.0046516668803081584,0.00353211414971406
2024-08-15,0.013318374567915358,-0.0041197159012581926,0.007404393534382891,2.8727827614160375e-05,-0.0005895259229344574,0.0032646097050231804,0.00044487472584253673,0.012729967286200083
2024-08-16,0.0049425654330326856,-0.0002858991352646009,-0.004186678740573036,0.0014861524092551585,0.005962208221147598,-0.00200249900162508,0.004191810305647081,0.0011776191329223133
2024-08-19,0.00684118134081697,0.0002641476824541514,0.005870843858296015,0.0018880480951897864,0.003665110266817624,-0.00014579890014543295,-0.005899155715559101,0.003977467371728393
2024-08-20,-0.0018849599925771406,0.0020934582323027355,-0.0005095616488696616,0.0008384615776978014,0.0009922197891645938,0.00028790078019325094,-0.006119145779382773,-0.0012940339955301201
2024-08-21,0.003044007438994866,0.001410407474312713,-0.0027107542192847285,0.0011347043692005558,-0.0008997750221764641,-0.00011427050065004885,-0.004676054569587973,0.0008343666401813935
2024-08-22,-0.005481214482921427,-0.0025478322544221672,-0.007537894561571213,-0.0009521303683859736,-0.0007456537704041874,0.0011968233556554075,-0.002082611752615482,-0.0029251210819006175
2024-08-23,0.008606067426056473,0.0016792588680637037,0.012682906242736557,0.002437416503499778,0.0007087569688426046,0.0026154733168572974,0.003756156917617437,0.003967899363965643
2024-08-26,-0.0025190362947552954,-0.0002184756564375564,0.007857336673057724,0.0006184550732951203,0.0011972670351270802,0.0009191788622385788,-0.008298093463198986,0.0002391597728706555
2024-08-27,0.0008482139857991059,-0.0021402539981080666,-0.00038074463207276113,-0.00026424079182101403,-0.001507851963542092,0.00032825404544611914,0.0020409568390604704,0.0006926915793697522
2024-08-28,-0.003936331552578488,-8.023408941808607e-05,-0.009092984467990717,-0.0003865865959238776,-0.0009097051563727947,4.630453495724218e-05,-0.002523424686307285,-0.0023499336349367857
2024-08-29,0.0010874304229449676,-0.001111403742672868,0.007336348583023632,-0.00019473570590393752,-0.0010896930311039637,0.0004578909987928981,0.003948976137382765,0.0010163224957247634
2024-08-30,0.007802079495391089,-0.0007402238907436195,-0.009537848542291161,-0.0005852093900170948,0.0011707579658793165,-0.0013679571170416294,0.0030176407765871716,0.002847063266102467
2024-09-03,-0.016118071696277037,0.0013365628763233987,-0.008829481607058588,-0.00027890423228076413,-0.003091510760582754,-0.0030014766267560944,0.003356117143774595,-0.007462754121914595
2024-09-04,-0.006886704526917687,0.0039950204652133385,-0.0035884424266260824,0.0017529382532866615,-0.004554978349136437,-0.00286315259817993,0.0009465695817028053,-0.0012234678631622316
2024-09-05,-0.003049551364564796,0.0010004364792373759,0.0029135632034396723,0.0018718832788618515,0.0012096888295890056,-0.0013497363047467736,-0.0044089704761980375,-0.0005699105842727378
2024-09-06,-0.013941528836937046,0.0018842057249293769,-0.015223659009095104,0.00023907657881234645,-0.00020208485666769918,-0.0007855072926961082,-0.0018943067961189053,-0.0107716636251463
2024-09-09,0.007823216171920788,6.542133850865348e-07,0.005615609073289129,0.0010353601298057173,-0.0038002179016552715,0.0011210834546691029,0.0019180079350749057,0.009071350053134152
2024-09-10,0.0016603112503138055,0.0013975344077819633,-0.00954956620781693,8.907676518428087e-05,0.0001486770916794566,-0.0012847566909537367,0.0044418927727178925,0.002945110987103327
2024-09-11,0.00586153946141239,0.0023157159345073668,0.008824543359129033,-0.0004533689696049511,-0.0013514758887057745,0.0018207746827949567,-0.0001498215050805829,0.005212390581805625
2024-09-12,0.009606190025838245,-0.0017430484888435911,0.015810537395085932,0.0003628725528420188,0.005518211844025559,0.0013491825159490656,0.0012983104176038651,0.003913991725738541
2024-09-13,0.004342234953619139,0.0012173735760990338,0.005423401551945938,0.0017543442235020239,0.0029182237841303056,0.0017578849567085886,-0.006181560349226678,0.0015690345875894567
2024-09-16,0.001018982201669582,0.0014704139653463726,0.006016549467156084,0.0025660829688703528,0.00230492568832592,0.0010085207018555309,-0.0014101457997026667,0.0007820794762275033
2024-09-17,0.0005721773854706172,-0.0008392242566025895,0.002804968648686689,0.0006814454988669053,0.0017669042885595891,0.0011749529000945058,-0.0030194182444214235,3.930628367438882e-05
2024-09-18,-0.0030190318278230386,-0.0024840094842453206,0.0009379615951186076,-0.0003613092858968388,-0.0014348226505276347,-9.853234760792695e-05,0.0020278787746668137,0.0006599004073417618
2024-09-19,0.01581592089065853,-0.0008179575105204957,0.007514713386827853,0.002496103516478775,0.004245262561421399,0.003536074880547524,0.0010788175440084036,0.0008135282042385221
2024-09-20,-0.002204735993875718,-0.001305637078860667,0.002973951992869316,-0.0007159338645249542,0.0013572985415728853,-0.001148840061400036,-0.0036338126021248085,0.0005554921862056521
2024-09-23,0.0024080573341460623,0.0007281399755167943,0.009365109047097198,2.8289556463611382e-05,0.0008155492266569784,0.0006635616874257622,0.001137677349793309,0.002205416992650643
2024-09-24,0.004593250812396032,0.001994632286221653,0.011753674222718002,0.00027908035280566,0.006503178979627414,0.0013877751776099068,0.0011337173026639835,0.0013968813549323216
2024-09-25,-0.0011993223438365736,-0.00230367175032642,-0.000511570470282608,-0.0014126965300754752,0.000940869368836009,-0.0007953252064515359,-0.006948694941075306,-0.0006486127304724538
2024-09-26,0.008220626071464565,-0.00033490699568972175,-0.002733686283638349,-2.7427725464602298e-05,0.007779445487063662,-0.00089978290833026,0.007754337770666808,0.001285869267390715
2024-09-27,0.0015277079368010143,0.001422821901367221,0.003375795057852126,0.001503775063880885,0.0036158134801363606,-0.00021647678103575707,-0.003624216467661534,-0.0011728391155898527
2024-09-30,-0.0011038925265681738,-0.0012955911045881014,0.000981938380326896,-0.00033635956265731863,-0.0011682238120034334,0.0015011358800782748,-0.0021961364465267197,0.0022673126954895198
2024-10-01,-0.005364403759333448,0.0025893736645561374,0.009413951645002694,0.0008059067596655194,0.0009871071993345169,0.0008039449400158993,0.0032021987007735397,-0.0042774348217494715
2024-10-02,0.0009702186023894381,-0.0019440876287101234,0.0023730501589511723,-0.0009061079305252579,0.003887091030209528,0.0012909731118129208,0.004982864521067665,0.0005872566919078441
2024-10-03,-0.002705924385777104,-0.002313836187839758,0.0074858853415773466,-0.0013343120438548135,-0.005058634002022741,-0.0004581972637461851,0.003876340787391852,-0.0009732254804343261
2024-10-04,0.007360909786567892,-0.004957570937105472,-0.0023263133353022,-0.0021948482245031107,0.00031287064196601884,0.0006549278793347435,0.002922505607893866,0.00468635127867345
2024-10-07,-0.004185331017183992,-0.0030205285477475927,0.0010168032962185596,-0.0024190362891164394,0.00030991691947039065,0.0020011123888138416,0.006257620709360978,-0.003397167189756246
2024-10-08,0.0015430852678399714,-0.00014451325273090524,-0.019998681533434537,-0.0003765909786482842,-0.00801329293187425,0.0010062042586458375,8.606107016406739e-05,0.004159851634752298
2024-10-09,0.0051006375166493525,-0.0010392775580713171,-0.007229928928826458,-0.0008014024157316786,-0.0026884693197109706,0.0008114955763064424,0.0005126347397965691,0.0021953614515428646
2024-10-10,-0.00040463713114602466,-0.00046311752682770617,0.011365624305327948,-0.0002643139769467069,0.0020512339619349978,0.0027641954087134213,0.003837652558325022,0.0004824377888525959
2024-10-11,0.005004801048155371,-0.0001703249058371277,0.002507389299187145,7.166457075857765e-05,0.000526595389822544,-2.8755572192951107e-05,-0.00017034431700546637,0.0012402170490655167
2024-10-15,-0.0011294987584461464,0.0029645439418006783,-0.023453529386409988,0.0026012247656244094,-0.0017157063759342863,-0.0031657946920230495,0.0030396243964110337,-5.988149091252376e-06
2024-10-16,0.001751196354180972,0.0020287665679294955,-0.001517120685558649,0.0012440807564038086,-0.0013052972876578996,-0.000789927302705884,0.0010624603582545245,0.0001593606015735098
2024-10-17,0.0002913629063716609,-0.001992180898809371,0.0005496009840946219,-0.0013825052313451997,-0.003822676024446341,0.001039579583608341,0.0026787803048722303,6.540496801925202e-07
2024-10-18,0.004667858668211843,0.0008198485441304186,-0.0010244147888216488,0.00012555535326286212,0.005667506725494615,0.00079422514191263,0.0019633321468115472,0.00042565541609196274
2024-10-21,-0.003049900119783012,-0.004062808985674239,0.005414660658013214,-0.002760745799856302,-0.0036336637568672456,-0.001285439078640871,-0.0028403586800225256,-0.00016807156291243145
2024-10-22,-0.0023488614931286298,-0.002022803873034441,0.013291975409045031,-0.0014849768350864163,-0.0029561108315967117,0.001824323562757857,0.005117376937355367,-0.00017481475345659873
2024-10-23,-0.006791632516789937,-0.0011103006235134722,-0.004726488499598892,-0.0016923547222066355,-0.001060114497832314,-0.0013445564252234643,0.0010831327073688168,-0.004985311428536089
2024-10-24,0.0007943936971281922,0.0023113393597635748,0.0021636954115211706,0.0010170740706467723,-0.001545097810017993,-0.00038535983690524134,0.004008810565678811,0.0014478005031333112
2024-10-25,-0.0007029259953480478,-0.0013330739698034228,0.004040661628493813,-0.00048815320763284724,0.00019833261559535655,-0.0017265264655232926,-0.003621939582748257,-0.0006211255681596313
2024-10-28,0.003380502712326149,-0.0009294833104621654,-0.019555203482254813,0.00042957673937893333,1.5183898160204867e-05,-0.0005044063721761916,0.0035594325265559945,0.0022272936997684836
2024-10-29,0.000356789731639217,-0.0014911799062101723,0.0018784427551306042,-0.0003336304657111107,-0.0003381103320836046,0.0009632072866478936,-0.0007283849810233445,0.000911944674663933
2024-10-30,-0.004531022585929746,-0.0015280864505944354,0.004377958999356667,-0.00018043818336366328,-0.002859904466092264,0.003258240407307267,-2.8997963736676624e-05,-0.0015334091586494132
2024-10-31,-0.014645765572599445,-0.0004808758793530828,-0.008105846462948652,-0.0015859195591411141,-0.0027895383519264878,-0.001030908209452619,-0.0014083531181041664,-0.012654781649984792
2024-11-01,0.003322846236931908,-0.002178442463867115,-0.00032687045759505277,-0.0008226224712102332,-0.0003549756926749162,-0.0006272851038621186,-0.0018594319412629234,0.003298497168137348
2024-11-04,-0.0016372277199405711,0.0019518863742140618,0.008701894802311871,0.0015594910780387654,0.002718905218121125,-0.002660213575774062,0.00042720476059510126,-0.0008354052759163017
2024-11-05,0.009620804593643228,-0.0006476480901439492,0.0017997268267497806,0.00027768189458687794,0.0023848622558342663,0.001006309573687747,9.07140255579364e-06,0.008636545376438987
2024-11-06,0.016887530125567762,-0.003740316966683422,-0.009818079130909152,-0.0003596389194078238,-0.0034439845103801203,0.006418212467575679,-0.005623046757924244,0.014705024113177645
2024-11-07,0.007090214619663159,0.0016928996266480582,0.012068405942129844,0.0028743529221774916,0.004769603449829355,-0.0023469962537483458,0.016543008215062383,0.0021684988447816184
2024-11-08,0.0013066828537888423,0.0022349368301479372,-0.011970620283994794,0.0023090159160256913,-0.0005422809371773759,0.0008726565493801797,-0.007275576438382947,0.000615251655184467
2024-11-12,-0.004016959879256244,-0.0017540405121494803,-0.01320817210548534,-0.002219870410410308,-0.010951771237670584,-0.0009167545744083183,0.009747520386295339,7.016293053904097e-05
2024-11-13,-0.0017501564065217975,-0.0017729448773197494,-0.0009274181395314892,-0.0008244430542360467,-0.003252085244814755,-0.0015705947074577953,0.005709262541519156,0.00010656359925605917
2024-11-14,-0.0036093480981978293,0.0005829722684562381,-0.00788733854493976,-0.0002951130755631033,-0.0031213785888090434,-0.0005085112088799582,0.004713576088534843,-2.27793496812352e-05
2024-11-15,-0.009839795662847352,0.0002185915158296685,0.0013367568016906188,-0.0015640057961267336,-0.0007320798530187419,-0.0008609139955569889,0.0040952421463118505,0.0001362510415158995
2024-11-18,0.0029672542461462665,0.00013445788700391302,0.01658396234714462,0.0004138996643749608,0.0011517882872043059,0.001173059338832827,-0.0016127502281960693,0.002633868184955112
2024-11-19,0.0031372964833695444,0.0013784165833028098,0.002279168527821362,0.0010036434711226609,0.002300452990249468,0.00029652490850540225,-0.00480000021246052,0.0007232204695823633
2024-11-20,-0.0003327450315327225,-0.0012582737305202659,0.006023449427617866,-0.0005776466843311686,-0.00044333630761872163,0.0007605602159336255,-0.0014418354427629954,-0.0005383235833121066
2024-11-21,0.0038320390835730684,0.00010514929993706777,0.004023089646864008,0.00046287329022783806,-0.002578371088378732,-0.0012240117348332191,0.004841223109293136,0.0021291274573351443
2024-11-22,0.0045588459091061235,0.0014499193509356016,0.0006190237711391703,-7.215983074896417e-05,0.00037824622698941977,-1.4365830243168176e-06,0.0037596732739042515,0.0020315415993330194
2024-11-25,0.0029048804317095217,0.004443769692317156,-0.007910297495002862,0.0037167225741556393,0.0031440338417319373,-0.0022486475011496143,-0.0013253585732349027,0.0020266239671777537
2024-11-26,0.0014630286938947738,-0.000515693283231234,0.0019063552236057927,-0.0009127941843946393,-0.001955751945733753,-0.001180660472118733,0.00458942801778317,0.0013953897258025198
2024-11-27,-0.0030869832899257715,0.0015937004825572136,-0.006364951839707234,0.0007632247197424051,0.0008472252517929299,-0.0004016131797941469,-0.004503774013369877,-0.0003652919849143406
2024-11-29,0.004384708749345789,0.004559336167219785,0.004089685569909262,0.002236332789912609,-0.002206214847021878,-0.00010476172940143691,-0.007468634264149121,0.0013276716166923045
2024-12-02,0.004065416466485027,0.0008688514173504573,-0.011061989407096719,0.0010741367032957797,0.002427808801929872,0.00010742220263493252,-0.0002872948077653481,0.000815304051457321
2024-12-03,0.0028696806208378884,-0.0009622386671988344,0.004525240047560352,-0.00021469456180648396,0.003083898744165188,0.0020167924751403055,0.0029838312803327494,0.00026880608837017637
2024-12-04,0.004899902942365497,0.0016257019905960505,-0.0016802143191812287,0.0014947481099749297,0.0012823000835516084,0.00043870711247318006,-0.00043603060199604027,0.0005395856155398719
2024-12-05,-0.0010179810978273925,-0.0005643302155340709,0.0004904562552043516,0.00010734054859892138,0.0008029641564620857,-0.001752813064623604,0.0009421853797355606,5.619895700000808e-05
2024-12-06,0.0019941355453591764,0.0009361487851368914,0.0009870302300334026,0.0009827367768544197,0.001392330722642261,-0.0012065668924219342,-0.005136171270641698,0.00043124021216464013
2024-12-09,-0.0035773610385304916,0.00014895424928870125,0.01058830264450502,-0.0002208273358038977,0.0025462599219448338,0.0005292137492609594,0.0025647228680745204,-3.202508780301218e-05
2024-12-10,-0.0035943141376146076,-0.0005080926684685523,0.0033534231558569267,-0.0005499829008274511,-0.0012170841820149721,0.0008322880410656097,0.0015968772673642384,-0.00015915909519107553
2024-12-11,0.0058294687254656025,-0.001031586617587655,0.008877992748985007,-0.00021777282786720266,-0.001395732398366838,0.001278084682417413,0.002247603065324455,0.0006165113422917582
2024-12-12,-0.003165977578564328,-0.002357863703067598,-0.006840575470153521,-0.0017870987637199972,0.0008063116534395873,0.0004608179729724826,0.0017226268325170047,-0.00010056652014481872
2024-12-13,-0.0018761550226314213,-0.0025712401903141063,-0.0037983679675945075,-0.0022733747040702195,-0.0029979392723612094,0.00043242824211287,0.0037319415862151484,0.00013061703600155615
2024-12-16,0.0016145108550955293,-8.542758857402812e-05,-0.0048896020101871,-6.286637385336593e-05,-0.0016004324604392797,-0.0015258789337275758,-0.000394077556975736,0.00023793606383734
2024-12-17,-0.004259483681995502,-0.0006774919813359655,-0.007056003713508819,-0.001135302114272408,-0.003615715074968455,-0.0009684336938891036,-0.0003778366038862391,-0.00010714733755871133
2024-12-18,-0.02111260029885016,-0.002421981976039112,-0.002999080923365383,-0.0030153195376708248,-0.0006890684654415822,-0.00043489710307509366,0.0014396966075556072,-0.008169227306551187
2024-12-19,-0.004323220869125356,-0.0032607491430469266,-0.006793542772679585,-0.004756432148434532,-0.006241720113841714,-0.0023145376103242965,0.013025936492705004,0.004229387824043295
2024-12-20,0.004914655243731957,0.0021216622584540484,0.010497910260817743,0.0007648100200203117,-0.0028202087701356612,-0.00027142104528588007,0.0020317301306891355,-0.003571257724273869
2024-12-23,0.006701062240678611,-0.0018675302313077686,-0.0006463210043175633,-0.0005568056150700557,0.0025095399446515357,0.001858042242346425,-0.005900712544438469,0.0034484632494186534
2024-12-24,0.00797901699528174,-0.0006281016895434816,0.007346745699533462,0.00019681921400176375,0.0008485795026786252,0.001732018273344238,0.00278559588953442,0.004160099547384654
2024-12-26,0.00036487565463276745,-0.00028604642826963794,-0.00160434206301936,0.000663105080574699,-0.00011736372676628849,-0.0003414885543260304,8.276698212572597e-05,0.0002830010383058517
2024-12-27,-0.006089190409831647,-0.0016637582855046468,0.0015838948652004297,-0.0010405461787360132,-0.0008432965228333558,-0.0008884205294481529,0.0003095378063313614,-0.0028947443539157464
2024-12-30,-0.008673645035462486,0.002174826034229293,0.006882376211057627,0.0011514953824249157,-0.0011234002155951983,-0.0014965343375359375,-0.0007238757620611214,-0.0037394119563445966
2024-12-31,-0.0027698624900122765,-5.352938740628207e-05,-0.0011113729574297577,-0.00032514076661500696,-0.0012147255900340239,0.0007942656720484331,0.00045782343769662504,-0.0012150034866900811
2025-01-02,-0.0005044839476680669,0.00039156427030533287,0.008618417652711917,0.000988412938234861,-0.0010780729462616034,0.00045046168394358155,0.004486541932431587,-0.001438635577291692
2025-01-03,0.008520669779280498,-0.001771916059759971,-0.01125535993260014,0.00015062582872375988,0.000736846301683476,-0.0005348886662669416,0.005800672707310772,0.006919460719025649
2025-01-06,0.005070620223799048,-0.0008114988413323149,0.007989851608608921,0.000661030960400199,0.0017439524245743754,0.0004465435433392839,-0.002405325763168875,0.0025840123193662684
2025-01-07,-0.007004384995207459,-0.0024446177338903314,0.0022222791589700413,-0.001793961534176059,-0.0005759074263161104,0.002150667280784724,-0.005735659194419429,-0.004338612964087397
2025-01-08,0.00030829015714244285,-0.0014286696095696222,-0.00031678466603264404,-0.0008543622839618076,-0.003380896369267447,0.0016806755244145322,0.0033161331760271917,0.0009977534847519947
2025-01-09,-0.0004747800756934157,-0.0010182405344339568,0.0098818329872971,-0.0002000021521372914,-0.0013375757864865156,-0.0010554868482247626,0.0033637123748082587,0.0009977534847519947
2025-01-10,-0.01308532886686571,-0.003409528916008165,0.02024372972395787,-0.0031981582860368236,-0.004440681530522529,0.0026233366035084416,0.001787895526417227,-0.00815581464173072
2025-01-13,-0.001656995499236325,-0.0016228886036477436,0.0055545582519701975,-0.0018239418194210938,-0.006655211996215321,0.001138520066333526,0.004350520808578562,0.001953988496362568
2025-01-14,0.0016511137806140435,-0.0011637588176945496,-0.0031077038695543464,0.000565827847782851,0.004583569959757844,7.06906945142638e-05,-0.0025418882564246514,0.001304496065732174
2025-01-15,0.01426125072691724,0.0054495213519067266,0.013534289079802185,0.0058998402418756635,0.0028077194549541414,-0.0012430105531742175,-0.0015824117237497326,0.011390530993454039
2025-01-16,0.0013264797114935106,0.0021093029759397413,0.0008490501571797753,0.0010877734436708802,0.0037736174153350393,-0.00012057717346225516,-0.001985161489837295,0.0008490914462992321
2025-01-17,0.007957559881026576,0.0006117890433906975,-0.005088238080994524,0.0011532790329806136,0.0010947880734097242,7.786528923392488e-05,-0.000382978012787194,-0.0003851843328385846
2025-01-21,0.008385218445793251,0.002468384954739044,-0.0022472123365538505,0.0025292714694031154,0.004359509989050331,-0.001789727495484117,-0.00883931944221017,0.00500073459608512
2025-01-22,0.00484411753543028,-0.0011073433131534977,0.001522371223052476,-0.00020785862732515322,0.0002865533066295661,0.0006264171158091303,0.0017147489281035266,0.001877336415359409
2025-01-23,0.004167254634374439,-0.0016801476282887868,-0.0012942296440053408,-0.0008873566227437075,-0.0009465912769682345,0.0021736079580187972,0.0007600084447341171,0.0014307227260361038
2025-01-24,-0.0012775509438768934,-0.0002708171779701291,-0.0004408327015972941,0.0005778714761831998,0.003048965191411482,0.0005529264275319079,-0.0010135788709332294,-0.0005434414836219099
2025-01-27,-0.010496619748783865,0.0030999459850470806,-0.015402933472482628,0.0013419885009275261,-0.00017562167703717499,-0.0008058817740681512,-0.004184661141860446,-0.005852130466243733
2025-01-28,0.006804685209184024,8.409452019424383e-05,0.0015395226426708091,0.00013117974852143658,0.0006078217453420995,0.0009573147911523527,0.0008057806329069273,0.00396885542794949
2025-01-29,-0.001813574869899926,-0.00029576967452111863,0.006866274697434548,-0.00017172119569604024,0.0010650658826491404,-0.0004920804898372877,0.001831587843686755,-0.0015735086082970368
2025-01-30,0.005559994897694475,0.0015619224480662324,0.0003873238830453423,0.0010548513876728499,0.0014444007698757378,-0.0011593533297293845,-9.91522983440074e-06,0.0026248337614211297
2025-01-31,-0.0033575580084119322,0.0004340717488008788,-0.004354386004675926,-0.00015833211761358054,-0.0010939137062556232,0.00222297232022195,0.0017999036104205945,-0.0022184074731469
2025-02-03,-0.009819268337663846,0.0020762412251997147,0.014752207423034335,-0.0011674023342228119,-0.006296088026639976,0.003118769289970569,0.012884404765829194,-0.0032333488501724134
2025-02-04,0.006875041013293547,-0.0004829746872971447,0.004060947824594473,0.0011616046802719764,0.006163002716299851,-0.0009117883194362797,-0.0082384592265895,0.004298545707103573
2025-02-05,0.0036281958431975563,0.002829267263479695,-0.0005584034591978432,0.00264440082048305,0.0021627913976778393,-0.0006063303999062075,-0.0050681607954801144,0.0022759116880452395
2025-02-06,0.004786922012243554,7.967560021237473e-06,0.0015720579579682641,-0.00014482960245072515,0.0019084984162010795,-0.00019486524084855184,-0.0038066013823586653,0.0015187384471510462
2025-02-07,-0.006767231939885,-0.0022597001069456064,-0.0010762338092418894,-0.0019894280696316053,0.0011981173483051864,0.00033429613530366886,0.00023377613222441695,-0.0027409639309406548
2025-02-10,0.005436230693669207,-7.032113429168493e-05,0.013085053010636715,0.0005764868634047676,-0.0002642779183208735,0.0004548178052438123,0.00575613070933545,0.003618905025155094
2025-02-11,-0.00034010922825207296,-0.0025296524713151586,0.0007955353417398608,-0.0010828534872977086,-0.002008835571171886,0.0013954269905784855,0.0005802476776666232,0.00047160083520718593
2025-02-12,-0.0007723001376915401,-0.003498708076802371,-0.0014430230278947415,-0.002483814473652824,0.0007355929347251816,0.0003790946399384598,-0.003803224771938618,-0.00043974537360387317
2025-02-13,0.009180788781613701,0.0033864474624085033,0.0035081589764087034,0.0028720565985595353,0.0018289559022357585,-0.0006803217879236545,0.000450331562457551,0.002491196161469466
2025-02-14,0.00031751697377762006,0.0006521684381905362,-0.00011534384227436309,0.0019608638503324943,0.004665422470167663,-0.0005994727032054836,-0.007366757133572377,0.0004950367919908543
2025-02-18,0.004242981868165451,-0.00416062008977265,0.0135974053107472,-0.0005332407004607471,0.0033807089360000722,0.00033901017970927594,-0.0038203168788080166,0.0009105421980501343
2025-02-19,-0.0007367574287957097,-0.0012961532427129946,0.0023660978812078287,-0.0004807669923370789,-0.000917614819651129,0.0006715238251824296,0.002679712714744653,6.565747417479554e-05
2025-02-20,-0.00502791062333059,0.00027033960622795334,0.0014157197442476338,0.0006711536182401495,-0.0011736048675205248,0.0003837788304252854,0.001578106887502706,8.519310436815784e-06
2025-02-21,-0.010421506224296119,0.002990192951695491,-0.008233402337090424,0.0005073015521974028,0.005007630154540169,-0.002417407041331643,-0.007930322529401401,-0.006411649224737649
2025-02-24,-0.004702537569510846,0.0007590878218736601,-0.008711983582020145,0.0008503784293495847,-0.0031500870877585766,0.0004578480545305297,0.0020974510861486717,-0.0026670224635118706
2025-02-25,-0.0047271239831561795,0.0034110782281943524,-0.0067273724417113556,0.0017973641398127287,-0.0028796553690422153,-0.0021364228696869603,0.0022386289828209005,-0.0034632056092359204
2025-02-26,0.0027490305024697064,0.0016840828076189356,-0.0052626519990199416,0.0013775469808021018,0.0045459179164361475,-0.001109357961730728,-0.004757849960567828,0.00014551943238731927
2025-02-27,-0.01201170953069648,-0.0005997812782890361,-0.003422812305715684,-0.0006292670127757256,-0.0035271636856120045,1.288484509176513e-05,0.0024136788984951973,-0.012384177346285453
2025-02-28,0.007395749966644537,0.0027737283862820255,-0.014705015616083795,0.0006841327908739142,-0.007400586244167981,0.0014103470068842494,0.00872667404963523,0.012119398610754771
2025-03-03,-0.009742303266165054,-0.0012988090764302746,0.006333898133921089,9.873491930572012e-05,0.0003221441593406273,0.0006455511858489693,-9.364553553625754e-05,-0.0136359888876056
2025-03-04,-0.012390429902842738,-0.0007180273181320424,0.0022525175772100552,-0.0017648988078083467,-0.0016970701533598777,-0.0007292200584319009,-0.006212529235859132,-0.011042587505103963
2025-03-05,0.011574936685658276,-0.00843808909194761,0.00764319089060621,-0.0010541980219305864,0.006200979994539804,-0.0015535205659861218,-0.009104106026512016,0.009992769978716275
2025-03-06,-0.01107257961864301,-0.004622130278531934,0.0002309156743746537,-0.0026253754862897833,0.0035838770275699477,-0.0008094880127578197,-0.011700160323167452,-0.016889605592629264
2025-03-07,0.001195175171859008,0.0008844144688033178,0.0032418751122935013,-0.00012370610917684718,-0.0005583572537640679,-0.00043282736984195935,-0.0008236648355937071,0.005282346601394193
2025-03-10,-0.022268505026142593,0.0013672838494397815,-0.0018183021257009552,-0.0006000652145887304,-0.004254158426155205,-0.0003924214201020959,-0.004180136289919978,-0.025975402865353225
2025-03-11,-0.0081549260884773,-0.0017100675405933969,0.00250985196623914,-0.0030167843256733834,-0.0017488018829578888,-0.00026641277011940634,0.001747924482880192,-0.008243850520340558
2025-03-12,0.005199763984492,-0.0012481758179331954,-0.003907405398292775,-0.0008325090254772244,0.00010033090596747482,0.0012914584046834765,-0.0037023495155874553,0.004590259492528158
2025-03-13,-0.010722438782370737,0.0012803943094276565,0.004603970055185801,-0.0029840202616357565,-0.0018406644472937982,-0.001986669604962188,0.0008592351268257303,-0.013461143053770953
2025-03-14,0.017750643706791514,-0.000751821600426817,-0.0003221766437559565,0.0010588878359589098,0.003718188926466995,-0.000271416881373332,0.002369525359645186,0.019934465626280696
2025-03-17,0.007579932447930803,0.001994128556628882,0.00485549081633334,0.0015746484895119866,0.003814435910143454,-0.00015373754155034725,-0.0011999884280136097,0.007726207476749613
2025-03-18,-0.004624354430038459,-6.34493096132844e-05,0.0006382369530001813,0.00014585692727713199,0.004000441061858343,0.0003582022153287845,-0.0028468131829770815,-0.010891806919255021
2025-03-19,0.007797403521363421,0.001011408037976324,0.005559424593457084,0.00235875384606603,-4.423820633391739e-05,0.0021389395732589467,-0.0009565515717322448,0.010505434651482725
2025-03-20,-0.00230884450314135,0.000605796198884056,-0.002852939499936325,0.0008991949952494188,-0.00022538043985160857,0.0009272597014193806,0.0005307982145790202,-0.00251804197296619
2025-03-21,-0.0011057218701804989,-6.636801612065543e-05,-0.004397182124467115,-0.0009558461758075293,-0.0035349141676829163,0.00011973375074869619,0.004147925612612902,-0.003813254005209555
2025-03-24,0.01200805083393146,-0.0020224347508098323,-0.0021836953703267665,0.0005616236787219669,0.0007292525134401441,0.0012060325170309971,0.00278346756059622,0.007345938704973397
2025-03-25,0.0013324673129514902,-0.0005432989839923691,0.0008138140927817388,0.00012571424540890267,-0.0017796555566479343,0.0009272498252312911,0.002618953859756301,0.0011796073437952297
2025-03-26,-0.008390185686610608,-0.000636060092349356,0.00021106786084950028,-0.002355437612644185,-7.543923149303215e-05,0.0009439044383160455,-0.0006407938749329878,-0.0038310160003923294
2025-03-27,-0.003395177316586296,-8.970734815345668e-05,0.003215478535845739,-0.001648507120562704,-0.001036127536168434,0.0021657128535211845,0.003963696622391266,-0.0009612403295236722
2025-03-28,-0.015937313581241685,0.0037222199888524037,0.002403586445992744,-0.0007233174079893218,-0.0025375104790190234,-0.00020353613882062582,-0.0036580453452145223,-0.010254121315932797
2025-03-31,-0.002752483549756946,0.0020592065002009046,0.005911867965989902,-0.0005887637365393334,-0.005669954172042962,0.0018274779736935365,-0.0018574428470413684,0.003855472793750913
2025-04-01,0.005282235166931647,0.0019285710849227694,0.0009944991028862254,0.0014919856220715782,0.003474484599228729,-0.0033350432940745245,0.0018208674912234546,0.0018488697520594893
2025-04-02,0.004176755084517468,3.789946814418624e-05,0.0044480074988459285,0.0009675655144955491,0.0002177372755308413,-0.0007457373277975909,-9.911800160011808e-05,0.0029774340566265816
2025-04-03,-0.03993607607740608,0.00737697281995413,-0.025329392162927577,-0.005963506038360334,-0.003099606358926544,-0.0017821574643395177,-0.009203706892956687,-0.031987783167222575
2025-04-04,-0.05083436059454145,0.005029773584774121,-0.04428453477671963,-0.008501591473303828,-0.00671733991408096,-0.00739966182291496,-0.010599351042770433,-0.05691397577430608
2025-04-07,-0.022059406570060957,-0.002669063361234914,-0.01568777844173026,-0.010417730648354008,-0.030936852545814568,-0.0024715247936689666,0.008933043520520156,-0.0022843906803086795
2025-04-08,-0.0034973034366697193,-0.0048734713015834,-0.008015584123317333,-0.001459339748557676,-0.00025989862169838884,0.00029970653589017626,0.007944250502114114,-0.015226144258382713
2025-04-09,0.05466388968927165,-0.0008685046671273572,0.02444876355863117,0.0011114807466545023,-0.005086882859255212,0.006081002660515589,-0.005639597904620763,0.08786185990870103
2025-04-10,-0.01157493605832456,-0.002407118049808266,0.0008985374192477685,-0.0004525271050968677,0.012306480819916409,-0.008626517918574272,-8.488803286577085e-05,-0.030432638351843688
2025-04-11,0.011332512308796104,-0.0007804994156572326,0.016790942011703325,-0.00015772314118052197,0.0032145340840060038,0.0014410632897776665,-0.02280621157273599,0.01716972823288192
2025-04-14,0.010982826242752196,0.00408961962356018,-0.004126005821921642,0.005957518132869865,0.008085035879400836,0.0021672418003573224,-0.0065037997069533615,0.010454880479225647
2025-04-15,0.003179771243560991,-0.00039451916659711877,0.0011064549169571996,0.002401330860337158,0.0039868026908790755,-0.0027044884118353485,-0.001288085856596899,-0.0015892464537742962
2025-04-16,-0.015968665172850404,0.0034944013748682717,0.0126316802644159,0.0010108196655699724,-0.0032040564409347924,-0.0008801668519460293,0.0023459574665425365,-0.022915632597088797
2025-04-17,0.0022604221223664783,8.132555487809715e-05,0.004498416393998882,0.00213233491275504,0.0028214212610361716,0.004695754158055454,-0.00760360478064126,0.00503945756674644
2025-04-21,-0.016463876301926205,-0.0015910692965356971,-0.007016949222573411,-0.003718212676744615,-1.9831869662027986e-05,-0.0022480891883146503,8.042749998415921e-05,-0.01274205525247214
2025-04-22,0.017570140309749616,0.0005408344238685852,0.0055963177049699765,0.0030024548233519737,0.001088797400788569,0.0038036795187428307,-0.009270193846629526,0.01474701376661207
2025-04-23,0.017775661243668073,-0.001402622184497227,-0.006014134832274821,0.005412285953048922,0.008603750328877767,0.0028791840358475262,0.01190494310162915,0.007758936445940211
2025-04-24,0.014296932659099303,0.0035388542327844824,0.007725277342493108,0.0031978240932636786,-4.561981806819576e-05,0.001230958287522732,0.002515576075820203,0.006835317460317446
2025-04-25,0.0067499727881698435,-0.00018636524971678067,-0.002949802258438062,0.002492334124081607,0.0022674692072027465,-0.0020885326171797836,-0.0037152544935210585,0.0029936235924616244
2025-04-28,0.0017717900963460259,0.001213963620310276,0.004912960518461839,0.0009358135496070779,0.002014463351402103,-2.1294466338028784e-05,0.0031800709187106424,0.001254713784874561
2025-04-29,0.0046861519734084246,0.0011933767734170647,-0.007162460759964474,0.0005533324883734586,0.0013553371172490812,-0.0012086425165049874,-0.0072043721728424215,0.0016267739037871148
2025-04-30,0.002307046126213285,0.001370707027424855,-0.014238326573960803,-0.002408630539733237,0.0015608196421000931,-0.00020280125096605595,0.002010816062001153,0.0005511730238291651
2025-05-01,0.004072672352522998,-0.0005644149604479682,-0.0009730741763564594,0.00033804545065156894,-0.0007803403350032865,0.000615187769799741,0.0042796049891620225,0.0009135352760735621
2025-05-02,0.014001187497527144,-0.0030753836456469236,0.006083077226876664,0.00025200733314460983,0.005555665550149975,0.000384981717134969,0.005078819545175195,0.0018493683146018508
2025-05-05,-0.004084799803162854,-0.0004309746313948099,-0.002532723505532753,-0.0002591696053783738,0.0013074766349876175,0.000274215738838568,-0.0030131607283776507,0.0006132158263842274
2025-05-06,-0.005545077432618629,0.00017888711556250872,0.010928768905829877,-6.786710879287458e-05,-0.0004792078949914816,0.0012525697295187044,-0.0007959187111514776,-0.0005059483212191524
2025-05-07,0.002387562578161239,0.0015838958327748947,-0.0077495090014661604,0.001007141753778628,0.0007583919428807126,-0.0008173996831095653,-0.0034858389081551255,0.0006333162443811651
2025-05-08,0.004474918016413797,-0.0031338422003927674,0.0011120124988923002,-0.00032095545333705794,-0.0017122496263028537,0.0022442354490153082,0.004533462648604658,0.0005781212110586458
2025-05-09,0.001457813831560561,-0.001242341914282475,0.011144687353295145,0.00015543374629383092,0.0013507801588974533,0.0008182891371590895,0.008140500720905441,0.0002471720899092527
2025-05-12,0.02520286029381984,-0.004380111066279625,-0.004466340411346038,0.004337018832742444,0.007487588968399634,-0.0014243509155096312,-0.0012364458958780133,0.000512541808460098
2025-05-13,0.005591295085355762,-0.0017543982688578825,0.009202988793970123,0.0015257720618106368,-0.0011737885751215821,0.002628052666497682,0.011514452140608311,-8.671344781403586e-05
2025-05-14,0.002013308600852847,-0.0016168359739539679,-0.008189895780202195,-0.0016031836197937916,0.004440525632773461,0.003033291370051816,-0.007857919466510932,-2.2087020881867504e-05
2025-05-15,0.0028633991457604363,0.00228556899038661,-0.007306885741593839,0.0001585006498402868,0.0002520984512629196,-0.0027565044442390274,0.0006136924723199044,-4.5920623313056654e-05
2025-05-16,0.005224060029125942,0.0016306850118021237,-0.006892228000547741,0.0009956589435672785,6.0156786304154584e-05,0.00132086109574292,-0.0019341385556792545,0.0017599139681718106
2025-05-19,0.0003520993875120609,-0.00038188586209004843,-0.0011172656881530247,-0.0001837836769941876,-0.0018671570064397575,0.0007424550855871237,-6.970700028974264e-05,0.00042560895661052306
2025-05-20,-0.0011235840121929914,-0.0013203469383801908,0.013539338515473552,-5.0974741136423164e-05,0.00025555531725711617,-0.000982556036863591,-0.00356835235581332,-0.0009519981158628405
2025-05-21,-0.010474477130896288,-0.0026751747634032436,0.0034915870967967993,-0.0037189763998047415,0.0007614573938238716,-0.000283090986539003,-0.003944768031876378,-0.009005176173211017
2025-05-22,-0.0026046424475346225,-0.0001571437760788503,-0.006561707821816155,-6.0432748457084985e-05,-0.0028716650608665876,0.00014773523458777582,-0.0033427898770304054,0.0005098696121047957
2025-05-23,-0.005340661634675016,0.002075163144563618,0.007868014979955195,-0.0008376939118271537,0.0016455904337222616,-0.00041733304543067895,0.0030772792049467146,-0.004884816187526076
2025-05-27,0.01582758689232582,0.004017089763078839,-0.007206921646620802,0.004871467683138885,-0.00078968879952223,7.732232562229768e-05,-0.009536811008018842,0.014144479570431233
2025-05-28,-0.004753986639454434,-0.0017308819703288464,-0.008538491161337603,-0.0002420163574554219,-0.0004033805663516897,-0.000405926182340699,0.00581885157924944,-0.002568766543080537
2025-05-29,0.003688453626896781,0.0017792403138578322,-0.002244507109611616,0.002035795949950558,0.0023120588954149398,-0.000613497931053919,0.008070707690003287,0.002081411579075198
2025-05-30,-0.0009601817109077932,0.0013318930134279977,-0.008561533095681707,0.0003415909779515441,-0.0034650476613993534,0.0007819307530492203,-0.010491030878028051,-0.00023960596394607744
2025-06-02,0.0016823019426325686,-0.0010987434820047388,0.020587865271269146,-0.000557908751562653,-0.0015773148866956139,7.015900001439146e-05,0.0013938721001038878,0.0035311984232752496
2025-06-03,0.004491701386809254,0.0003436559023789914,0.002304770993351623,0.0009341420991454846,0.0017738736007240142,-0.0005252767883640042,-0.007998112908559007,0.0029397666290046803
2025-06-04,0.0023181131061501986,0.0008649399496355897,0.0011128425759695964,0.0021559227962672394,0.0051360824124810234,-0.0017649011906315515,0.005861654842097552,0.00027610568331952684
2025-06-05,-0.002833478380089583,-0.0015752105522120591,0.003971017635295769,-0.0006323411528213591,0.0026424995429545233,-0.000950612818067964,-0.0036808887531077916,-0.0019122921278498912
2025-06-06,0.007278137252231408,-0.0014890744975191834,0.004923409289259316,-0.001008703734602779,-0.0006122161024568684,0.0007951997071996564,-0.0011384004538155246,0.004785446188295394
2025-06-09,0.0013722302938913738,0.00011850254565175459,-0.0007120452072831413,0.00043236124364625034,0.003175612364303792,-2.067556870266607e-05,0.004226273253241208,0.0010630143113129925
2025-06-10,0.004102374161262622,0.0017146085135501415,-0.004421056529566881,0.0008677232551196784,0.002665001510327269,-0.0009073377579271735,-0.0015009800276049035,0.0014737062345113066
2025-06-11,-0.0012120743196816892,0.0010383814470253266,0.004001100072136209,0.001489374056495562,0.003113132459820596,-0.001192223738817333,0.00021788403568478998,-0.0006202365059130971
2025-06-12,0.0008826475469507094,0.002074120789554645,0.000614004791222133,0.0008664521440437272,-0.0011766784863526786,-0.0005069209860872892,-0.004534581620133871,0.0007720975545141722
2025-06-13,-0.010349869575439664,-0.0017377576284247193,0.019787370970138097,-0.0021300452410587096,-0.004623794394395636,0.0012561382652599429,-0.006959921596764951,-0.0031014430663494747
2025-06-16,0.007791603281156622,-0.0009389643233069351,0.003880952736167997,0.0006559277917831834,0.0019752006635449584,0.0008083158549928582,0.0040192098060747306,0.004211880261366806
2025-06-17,-0.006563811450171887,0.000290735099460026,0.010218241200506671,9.579520839857406e-05,-9.745084223425597e-05,0.0016516032926245927,0.0007440214954257396,-0.0021421320184411125
2025-06-18,-0.00036178555200756584,0.001251789907952871,0.005501264297709628,0.0002331996846471223,-0.0009989648838782882,0.00037980316499752753,0.006349037789280976,0.002197059284653346
2025-06-20,-0.0038034571833603487,0.000389995773184259,-0.005835170503844701,0.0007971568848005755,-0.001232009772198573,0.00129063321122036,-0.001571462594409545,0.00015189342532300135
2025-06-23,0.005180894686582714,0.0014465399440794385,-0.015505459671258893,0.0013625496968889144,-0.001699941101909142,-0.0018847719515582284,0.0029704545759814405,0.005384084364165419
2025-06-24,0.011525773992854193,0.0008838861273744885,-0.024732508786381512,0.0028573864097313655,0.009580674052651327,-0.0012542955800636246,-0.006575985509732263,0.004457326415752515
2025-06-25,-0.0007188967201571922,-0.00037102090734804144,-0.002655837636968595,0.0001695590533327567,0.0026123023696789163,0.00043484140531480087,-0.0025871011055761395,0.0007562210177771028
2025-06-26,0.005963303388367635,0.0009623375747402235,0.0031193665045325275,0.0013237732523151851,0.0022305528093419674,6.623922068538235e-05,-0.00444586156720983,0.001860870991831009
2025-06-27,0.0056914339449398044,-0.001664562806656234,0.003341085040054303,-0.00020709567406669357,0.0003308443499075325,0.0006514172885547787,-0.0014558135883118162,0.0009378749128438496
2025-06-30,0.0031121131891013614,0.001266531406170101,-0.008250478335036405,0.0025131170412204134,-0.0007811340988400571,-0.00031970178045037656,-0.001501127448458317,0.0010155821533958547
2025-07-01,-0.0015393216445779962,0.0008429270029729923,0.00143098114083322,0.0006176577972182734,0.0023937863205356694,0.0010786285191922707,-0.004502092571057603,0.00010728930796359773
2025-07-02,0.0038659303165637254,-0.002560361049923477,0.015018696641876982,9.860223428830242e-05,0.00010422302136208142,0.0009616209620277871,-0.0011875220979311596,0.0005145248723967149
2025-07-03,0.006534263849815302,-0.0001810888895609881,-0.00317043957422476,0.00013949358726887898,0.0019717089169547946,0.0014125069373641663,0.0010677787931621108,0.0004877844908354628
2025-07-07,-0.006127527974475645,-0.0011304857646726291,-0.006870208717190863,-0.0012985345135673849,-0.003518367492856604,0.0013144898809324124,0.0025621640385713462,0.0003233229767822137
2025-07-08,0.00027668784056282753,-0.002103197100073851,0.00707689146423489,-0.0013591359637497697,0.0007971747990034003,0.0005089559595161663,0.004595557915646475,0.00042798992592911695
2025-07-09,0.004828739176080553,0.0011355119573303479,-0.0058657948518555224,0.0013627504709192045,-0.00028901055814933174,-0.0009021737512509009,0.0017146142955590804,0.0003620877824594298
2025-07-10,0.0024627678331993635,-0.0007933636728814759,0.003091349492523698,0.00019323891621218995,0.0009468238218740981,0.0003594119324217271,-0.0011784515965176379,4.412529778667843e-05
2025-07-11,-0.0037345397470291536,-0.0022325876323369804,0.006938682066159817,-0.0021607918838356228,-0.0015226251682713527,0.0017479491852270268,0.0010507117447291492,-2.4682961693290396e-05
2025-07-14,0.0013333829945631364,-0.0009789494384266468,-0.0004061203949538689,-9.522951950542488e-05,-0.0006096443584767248,0.0009453252687983138,0.0033376711491697186,0.00030921268930865714
2025-07-15,-0.0022438829536059585,-0.0007787182899096751,-0.0010715506604995323,-0.0009605842060558928,0.0027612295453112974,0.0005490358914427285,0.0024471860881765117,-6.077500696484225e-05
2025-07-16,0.0011808142752591116,0.0010707744433652738,0.0035492397555880067,0.00015150253814037943,-0.0005131541185578576,0.001487449309777622,0.004869588242828238,4.645867141372305e-06
2025-07-17,0.005727605787867617,0.00032819640479069207,0.003883430934451692,0.0006789880389547636,0.00028409767446391904,0.0015590511359258041,-0.002294732375969999,-3.791249051372577e-05
2025-07-18,0.0006411364674389513,0.0002203265606749876,0.006356843929223132,0.0007579919521404793,0.0026480306239233136,-0.001210506660332289,0.0018965679651130607,-0.00033229329665180945
2025-07-21,0.0007313095181710632,0.0033687566909609717,-0.0035709243098848826,0.002204771458767118,0.0019109896504931217,-0.0003212840267994288,-0.0010611409653932258,0.001483188466750706
2025-07-22,-0.0007395426201764594,0.0015456629998466414,-0.0003747714236702177,0.0008243039862404927,-0.0011024702958640708,-0.0008169473039028041,-0.005189389636403252,0.0003374177029992647
2025-07-23,0.009537934044718742,-0.0026298376704152033,-0.00498842176738208,-3.417561858760695e-05,0.0043281334760540665,-0.0016803154210296434,-0.00391541564381237,0.0036762949730528177
2025-07-24,0.0017991685897322134,-0.003252780709396786,0.0005038256928095335,-0.0003607819789845485,0.0005363672492947774,0.0029074530787159825,-0.002983463937268893,0.0005335148541755646
2025-07-25,0.0011909543315048892,-0.0001841306823408668,-0.007357149453151314,0.00023736656806965176,-0.0023324401120924307,-0.000918778033474732,0.002621077936609373,0.0013453136009639482
2025-07-28,-0.0007835057167616239,0.0015005250726326962,-0.002843296422409059,0.00023788733954626043,-0.0003992056793092823,0.00033609854554506047,0.0019912054395909706,0.0007525363301192239
2025-07-29,-0.002154830782957374,0.0013649677463844372,0.0064516603631669545,0.0010841862073009295,-6.123458772739962e-05,0.00018795274788008243,0.010065789015737181,-0.0009791626343848676
2025-07-30,-0.0007565295434107228,-0.0006312400486219844,-0.005709609317213383,-0.001519420601478761,-0.0003376239034644352,-0.0003575181594452914,0.0027703384382637974,-4.2329436843303116e-05
2025-07-31,-0.003885056409079946,0.0005751019566925691,-0.020017342288548855,0.00024714879472058577,-0.002314807738751546,-0.002220831568036985,0.009018902639325033,-0.0012229510767906688
2025-08-01,-0.015034531810795683,0.0030328509440963763,-0.005614778505745722,0.00017323717017296783,-0.00417149304905602,-0.0031025485736375646,0.0026736409074037404,-0.008717671089280078
2025-08-04,0.011217574914018801,0.0025004416628788156,-0.0017768680549525412,0.0019320828861166144,0.0036907091087621316,0.0025746387060563425,-0.012981059648154658,0.009390305161738487
2025-08-05,-0.0012678396321149205,0.0007396388819284499,-0.0012954257073920067,0.00042412585068156644,0.0027422541385420177,-0.0005416778282271162,-0.000389407655928542,-0.0016609563491161833
2025-08-06,0.005537651425568212,-0.0009178560649587115,0.0014513838062816691,0.00016254377859718997,-0.0006572338806251379,-0.0006883672785792383,0.0011300104082185847,0.0035670024271280847
2025-08-07,0.0019824048115739006,-5.303544695929371e-05,0.0027920141245695745,3.1002248017374866e-05,0.0044748477581497016,0.0011069671841172912,-0.00536023151757703,7.71060682486662e-05
2025-08-08,0.005027412766771698,-0.0018369565966451346,0.0004525654810549223,-0.000892962829058886,-0.0019507225761445114,0.0022179428059453388,-0.0020689763563593866,0.0025458010274405523
2025-08-11,-0.0016277298494498777,1.3417644715007425e-05,-0.002355468622463897,0.00030351237901708955,0.0008667889298625898,0.0005365837668296347,0.0026851183995739714,3.762455470084295e-05
2025-08-12,0.008676727831016627,-0.0017453020653880997,-0.002983511018975938,0.0003955638961653956,0.0006569642003848643,-0.0016659852874215675,0.0023294146720702624,0.001515135402067646
2025-08-13,0.004705319228370296,0.002588030014887876,0.0010326771225103609,0.0023744763213519476,0.006417737793680792,-1.4001085123060975e-05,-0.004144637792941941,0.00012094933820165846
2025-08-14,-0.0003223803777636209,-0.0022458875893130565,-0.003481477976694803,-0.0011541390271411884,-0.0016513015734565286,0.0006421537328040738,-0.0032893376074949465,-7.927909322425565e-06
2025-08-15,-0.0005684402408991491,-0.0029200705226180685,0.0036240693855535294,-0.0004297728593155143,-0.0003172060418759362,-0.0011215004979427956,0.005093440856420939,-4.0148420736030945e-05
2025-08-18,0.0001777897970115954,-0.0007969648929205381,-0.0006072207464617569,-0.00012231568046245985,0.0001385887135347886,-0.00026477638266686476,-0.003373575492687797,0.0007999116008636114
2025-08-19,-0.0036797118074962227,0.0006518726389592049,-0.008020137544215556,8.627771531937104e-05,-0.0004182656030594577,-0.0010449895527004927,0.0030792652321955938,-0.0025677234564565727
2025-08-20,-0.002100112512651698,0.0008993197176551553,0.006723144152063808,-0.000274632988262869,-0.0032603543631434923,0.0001838868558532436,0.0022554623775945526,-0.0015548986012021266
2025-08-21,-0.002319825258831632,-0.0018611759865469596,0.008387328554938444,-0.0015547927722957106,-0.00034436056844654883,0.0025762442906642757,-0.0005072016974102533,-0.002789773452979328
2025-08-22,0.011436146949691016,0.0021999414554984436,0.005926068402222583,0.003328794138931212,0.0021107171161955257,0.0027612550452986717,0.0036975859702725877,0.008908513131798678
2025-08-25,-0.00226993544408245,-0.0013753161938726117,0.0009488128979617144,0.0005748118799812512,0.004527025350500357,8.86654476194293e-05,-0.007844834222735853,-0.0010957731295636159
2025-08-26,2.9145133394403087e-05,0.0008090137010824832,-0.004910137081869227,0.0006939208730062812,-0.003798910733499798,0.0007859534777518995,0.006007933932125065,0.0018436927369073646
2025-08-27,0.0009063678042914741,0.000551130998109372,0.0026896812314944223,0.0005904936154576428,-0.0014925582575615905,0.001618791416218457,-0.0018810651830224456,0.000651125972137278
2025-08-28,0.0019180591854565548,0.000784165218599519,0.004541949125936794,0.0006241677454085653,-0.0014081228690072229,-0.0013012640949903176,-0.0013121099501054445,0.001930761810871639
2025-08-29,-0.0054712296324113795,-0.0004222618041933141,0.008018785134558047,-0.0006756441420340937,-0.0010159924473527988,-0.0008608640904064213,-0.002526706538970025,-0.0026252304294658974
2025-09-02,-0.005475195137423517,-0.0027578108199104007,0.008668158329625685,-0.0026852523255614497,0.0008516677813543033,-0.00024302941710219184,-0.002157259529348643,-0.0032363914430439517
2025-09-03,0.003231044211847211,0.0015560053161493442,-0.002195489063827117,0.0016781317516169508,0.0010120418607129898,-0.0005706529992020037,0.007651862351102157,0.0031905298339582216
2025-09-04,0.006812212826585661,0.0023091176846498523,-0.005867458893772005,0.002146533542316686,-0.0007055999717131488,-0.0007413013792698653,-0.002430969577587483,0.0037169754204208643
2025-09-05,-0.0006489755956152316,0.003311203676386642,-0.0039929924673542515,0.002595877819351488,0.005115051483341355,-0.0008088786568025697,0.0011395898810824256,-0.00022639924842000677
2025-09-08,0.0030830326367192067,0.0018394509786007645,0.0071000406272067485,0.0013377890897076521,0.0014155769669064245,2.1705971312124817e-05,-0.0036303859423157947,0.0015528784614193152
2025-09-09,0.0024778767138712737,-0.0010789983827773192,-0.0009332166874390208,-0.001233700794994364,0.0033609194885933754,0.00025875040526057713,-0.004968661602121616,0.000824124709934248
2025-09-10,0.003106897576281286,0.0004959395491898493,0.002017627688230816,0.0010618717883507539,0.004058498209753724,-8.043828759740634e-05,0.004089852593310628,0.0007181811821871825
2025-09-11,0.0067236019605038545,0.00044963402646029877,-0.0015977220205450455,0.001764645778352602,0.0014284735299527963,0.00022837782858520228,-0.0005004966539359224,0.0017721831385452574
2025-09-12,0.0006339272269230583,-0.002253089906896389,0.006580263255426088,-0.0007025529128219083,0.003462236646239872,0.00033259208363500825,-0.002707255439936329,9.412932357537532e-05
2025-09-15,0.003913322021980402,0.0010861442045532626,0.00879739930217076,0.0015222459497183254,0.0007447352972265983,-0.0002416248989611791,0.00139798768997057,0.000639307791590204
2025-09-16,-0.0016776589343920462,-4.870447333505469e-06,0.0062409570283858285,0.00017379566580226705,0.0033195655231416537,0.000249063641756031,-0.0030954530806719394,-7.087697673620116e-05
2025-09-17,-0.000614776958915087,0.0001224882230716034,-0.01067604645726149,-0.0006067569708291149,0.001585194589201747,0.000692299518380457,-0.0070920363776845186,0.00038559919526427397
2025-09-18,0.004677852956305972,-0.001860698652343496,-0.008393794784513065,0.00025552760912151914,-0.0016793577719503745,-0.0002605609563617328,0.003670145909326683,0.00017954192785508632
2025-09-19,0.0029973427334143536,-0.001946943870246843,-0.0037927860477858684,7.242656388218799e-05,-0.002013589748580188,-0.0001196073489316829,0.004204719436021076,0.0017457425967874023
2025-09-22,0.003291861887102187,-0.00022157113091502207,0.00020561270882491983,-0.00010903746082023885,0.0017301146834827672,-0.0011110376310367043,0.004110441731515868,0.0017989330260516183
2025-09-23,-0.0034124800545528473,0.000272137445873965,0.007082339189993802,0.00027998018482356887,0.0013836178649794355,-3.376003429012009e-05,-0.0038126261226124614,-0.0020283535564126105
2025-09-24,-0.0018398703530074674,-0.0008216645347031043,0.0029047971582644265,-0.0010602103243927304,0.0016698404458040303,0.0006131441352422717,-0.0007194411858737482,-0.0007307590152730753
2025-09-25,-0.004443898964662452,-0.0017106845818285372,0.004144778660619585,-0.002223593999893015,-0.002933209520327152,0.00011745001660712351,0.0057888904761238535,-0.0018717223258147737
2025-09-26,0.0032729850523903863,6.0346994793191664e-05,0.006104655618281673,0.00013544700942537063,-0.0051191996583286594,4.1497513829535926e-05,0.007159665594396181,0.003607287018900684
2025-09-29,0.003054372024638218,0.0019929331875269234,-0.0006227817021033816,0.0013904284719420505,0.0035635260900146195,-0.0012789230740717361,-0.003574699503781309,0.0018493790416590598
2025-09-30,0.0034656906452944607,1.9809544352111184e-05,-0.0038077007985773854,-0.00030892954583005064,0.0009906751848547865,1.8059434544914765e-05,-0.0023129308618095035,0.0012253910150160745
2025-10-01,0.003452700608247327,0.0008333894194617713,0.006807166594967062,0.0008405600179094524,0.0016275065258521692,-0.0005913463493019133,-0.001016703636557592,0.0013837148355914201
2025-10-02,0.0028794310319751985,0.0001039491460251945,-0.004767421202834788,0.0006298575143518609,0.004037180544476818,-0.0008104999714613204,-0.001217977679084048,0.0002737465607504202
2025-10-03,0.0018363620928459994,-0.00029001599259780356,0.004735807060029972,-0.0003989156265845512,0.0017674793866955727,0.00011132046900397263,0.0012590214201053662,0.0004240876895030937
2025-10-06,0.0036802697218377804,-0.0012014249419291974,0.00625270367632259,-0.0002792194525437114,-0.0007037254687765695,-7.0262330137294e-05,0.0031388961530891546,0.0018686602065748452
2025-10-07,-0.002948110488345746,0.00029016764031831674,0.003846175272885454,-0.00030641966012977587,0.0006424869054034086,0.0007646504783511698,-6.0965078602093214e-05,-0.001019453738930299
2025-10-08,0.004742426287620904,0.0008996527450101482,0.004922149494128402,-0.000821390621445029,-0.0008842904242431954,0.0008143696288228641,0.005481262348521643,0.001982082083447422
2025-10-09,-0.0018035595483918317,-0.0005023878311263169,-0.011721188533781002,-0.0023781970688875227,0.0009705654421913284,-0.00043680916102528666,0.002057158801323622,-0.0003779518842031876
2025-10-10,-0.021126896168105692,0.003163981764572898,-0.01525277350147879,-0.001965801781774735,-0.0030314531240671154,-0.0019963250289158907,0.005345938756273094,-0.014266624209972146
2025-10-14,0.006363496001712831,0.0035166719716456345,0.013272419782876754,0.002135598439510066,-0.0063807700961768694,-0.001011827239260299,-0.00015749303632162093,-0.000462948002523545
2025-10-15,0.005950480516914058,0.0012503515028924432,0.001364406108829496,0.0026359529392839913,0.007250298970760989,-0.00026927367472884267,-0.0018231442710762158,0.002546570417018345
2025-10-16,-0.002133678445435983,0.0009599140729806937,0.006461167083936414,0.00014484412893546122,0.0037558635844352215,-0.0017373297528864295,-0.003949978733650106,-0.0013742301901115035
2025-10-17,-0.00040742304886541905,-0.00026420260128367015,-0.0063305805277473655,-0.0011764125385981157,-0.004677795111559809,-0.00012271384222750648,-0.0036579711032022066,0.003421182598053806
2025-10-20,0.011593227129836136,-0.00040354938740926386,0.01857087986539886,0.0015050076421315832,0.005849115813646936,-0.0004274542519560054,0.0026657249840507102,0.006215720116799727
2025-10-21,0.0001817124472857195,0.0012528919314546243,-0.016341491254869268,0.000655157587689758,0.0008135511233568772,0.0012230822381051887,0.000596105775243938,0.0005001026313885653
2025-10-22,-0.004258229880541354,0.00024563712340331886,0.000945065326721905,-0.000549324763178028,-0.0011545377419630472,0.0011732693176720321,0.003877463152350602,-0.001845605048690236
2025-10-23,0.004492278382092995,-0.0014244065413804192,0.017956332261095508,-0.0003037634551654628,-0.000182754565789301,0.0008308044284061067,-0.00037796040519977314,0.002670224441501678
2025-10-24,0.006259331788112898,-0.0012367981155593129,-0.004204132291654606,0.0013300947487150487,0.0021396871311095793,-0.0010611019818018708,-5.0020783486370846e-06,0.002368596679145695
2025-10-27,0.010681424683154927,0.0005451580635590475,-0.005977608186511819,0.001922870070083415,0.006606847966365951,-0.00011088834362471545,-0.00013975279571665222,0.002725923805609331
2025-10-28,0.0002627272460801294,0.0006994507653538367,-0.005455617902264665,0.00018247686998552553,-0.0010445193499396808,-1.0295758798406496e-05,-0.0016650922425263115,6.187797787683352e-05
2025-10-29,0.0004669366265928948,-0.0017931431004592163,0.004953260221889444,-0.0014653620990668032,0.0028142113956789224,-0.0006582625622526539,-0.001198293176742693,-0.0002478474062978192
2025-10-30,-0.006872862700829008,-0.0008278373839984093,0.0012724774655053833,-0.0022763449883944856,-0.0016949072524199272,-0.00031158785574947334,0.0047626843032639865,-0.0014279957978961205
2025-10-31,0.001268482681198257,4.983759056784664e-05,0.00447588998423396,-0.0009842982186192512,-0.0025365025706541727,0.0015040484350459238,0.003502030473047091,0.0006874965931130456
2025-11-03,0.0020448335167492,-0.0006570951293484401,0.009291698714098162,-0.0016643889654749616,0.0018527159535412093,3.390352908938521e-05,0.0033084148172628502,0.001390861382467889
2025-11-04,-0.010443460349968814,0.00019877184188996587,-0.007356933346975536,-0.001172476363076847,-0.0045624100072105675,-0.0007162663497419786,0.0008815586520385388,-0.0026729204451759973
2025-11-05,0.0016365415933866417,-0.0017921886486013344,3.080729927415981e-05,-0.0002630183836511929,-0.003168631940358051,-0.00016186746676505326,0.003313391079193595,0.0016570343704634721
2025-11-06,-0.006976654571363894,0.0009647639452020401,-0.004441294081507863,0.0006716360835435692,0.0030080239558357477,-0.0012267210071483792,-0.000612294440069272,-0.003117055556091786
2025-11-07,-0.0012141814360541409,-0.0004927730381729895,0.002540511921613397,-0.0009584689825124176,-0.0032442756752329854,-0.0004377789712727287,-0.003984550133169673,0.0009566294523112079
2025-11-10,0.013867072954680459,-0.0002957034533687347,0.017225308036390306,0.0018438417884193198,0.0046589032368539686,0.0013726871127098805,0.0005507637183528313,0.004623970867057547
2025-11-12,0.006256312430447863,0.0020517415505532984,0.009216612831476212,0.0011784659464858288,0.002382531652986866,-0.0006202766812326566,-0.0028775110852004016,0.0001228048189304326
2025-11-13,-0.01233226491772923,-0.0019455893931725982,0.0005008323784366547,-0.0027827321530645936,-0.00012653039335529213,0.0002461261778228252,0.0004987246843100035,-0.0033312258145219657
2025-11-14,-0.004233641562845914,-0.0019275697691258037,-0.01003673955438813,-0.0011457577726269547,-0.006294638664654429,0.00031260059862003864,-0.0021642478002674714,0.0007466360542303979
2025-11-17,-0.007237870914152978,0.00025779389282529707,-0.001846961580614393,-0.0003451072134005534,0.0006596656952241833,-0.0004109062017956244,0.0007781364183898631,-0.002038348715747285
2025-11-18,-0.01149560385959949,0.0002064437460514762,0.002053716197367583,-0.0008149420484931064,-0.006488902589144423,-0.0005931115035491263,0.002622115471114128,-0.0026655116785893277
2025-11-19,0.002244360228732622,-0.0005491375087331113,-0.003887881954796413,0.00013626963582034023,-0.0005173165834868087,-0.0004592716224449678,0.0004800838510630179,0.003099652168395339
2025-11-20,-0.008340601143796,-0.00042930830831813317,-0.00860847458210181,0.0008747093072590578,0.002814721528193671,-0.0010976504980797497,0.005004907953013005,-0.006497772211290465
2025-11-21,0.0028956336768525045,0.0014786428473872787,-0.0022564585563884746,0.00035949490903917024,-0.009433959136398981,-0.00018015294280715466,0.0012023782515313552,0.004558688143740585
2025-11-24,0.011397380438597038,0.0007297606931270012,3.06710279861283e-05,0.0018369759068580288,0.0024378213039835256,-0.0009121152821900402,0.0006522716338019929,0.007316186897671528
2025-11-25,0.008055037275993415,0.0014337519621006928,-0.0018947519358903048,0.0017931285933502122,0.0029720184102843966,-0.0004621596178520093,-0.00032997197081263696,0.0033755073859818904
2025-11-26,0.00827830972515029,2.0892558349005488e-05,0.01185059651890139,0.001615286535505111,0.004467712320228445,0.0015700558862798975,-0.0032586845886688476,0.0018089715535048784
2025-11-28,0.004205159787406076,-0.0005394257401657671,0.016843773504547552,0.0011144550136084946,-0.0011398577666299338,-0.0007189245080452267,-0.0037196318299659303,0.0014530128001385195
2025-12-01,-0.004450558255722626,-0.003966407024814012,0.0061014897819341215,-0.0022313864267407228,-0.0004114810351020835,0.0005510018186042354,-0.0009250247388632449,-0.0001617605719574039
2025-12-02,0.00252975557592725,9.174059637571063e-05,-0.006967323438512718,0.000834034801530858,0.0014389184275938193,-0.00046563773932062347,2.8127679101430658e-05,0.0007746399437283719
2025-12-03,0.0019444030746627922,0.00043710813451545093,0.0037041727127339105,0.0013329509694644853,0.0003698040388474316,0.00040109746189109785,-0.0012905562340991272,0.0006768864869957974
2025-12-04,0.0030515135592655614,-0.002060106120643357,0.0036720808838311744,-0.0004937634384435624,0.0006515616879934585,0.0015141386116407363,-0.004214937455883971,0.00034040618414330425
2025-12-05,0.0009640701182819006,-0.0015030900497271743,0.007837126147948492,-0.000396467445345739,0.001744912366471984,-6.115246482651937e-05,0.0018241420810887199,0.00036736920753175305
2025-12-08,-0.0021840992487305536,-0.0026785696961432407,-0.015603891504546686,-0.0012660097294407097,-0.0003526232108634384,-0.0005604888236658834,-0.000616749796957472,0.0001283569646569388
2025-12-09,-0.0015016637847717013,8.970452253795834e-05,-0.00659216789051067,-0.0006414868512091504,-0.0023355074454192385,-0.0002291028764195291,0.0006806236609926408,0.00010108464769262803
2025-12-10,0.004832825139031326,0.0004076260836736728,0.001389464247136651,0.0007069541326881196,0.0012462616438940932,-3.446257255790286e-06,0.0015563626133310304,0.00044619305856224924
2025-12-11,0.0013373684580078589,0.0011072581067806393,0.006506188581515692,0.00041074814689651075,-0.001062729419040454,-0.0002561143116146525,-0.006149300069791419,0.00028887611527178504
2025-12-12,-0.005637099471618113,-0.0016379831943044714,-0.012858659703649022,-0.001553378696371566,0.003042980680433312,0.00028452729410566313,-0.002104817804224113,-0.00019406753975842515
2025-12-15,-0.0016369127255022047,0.001033460007523523,-0.002677239393536535,0.0004428092817230772,-0.0034711865286657932,-0.0011843662369640517,0.000919630524818249,0.0003822418976582859
2025-12-16,-0.004931120939299539,0.0007802996949318181,-0.010629091366467003,-1.918803642436738e-05,-0.004862575588926611,-0.0017794722128205986,-0.001475453861666698,2.0071698408063456e-05
2025-12-17,-0.00748166728966776,-0.00041091260949827123,0.010776727125341667,-0.0003891734076355019,0.0011587005419401715,0.0005109854859121077,-0.00023094425202130342,-0.0002694185996425241
2025-12-18,0.006178320353470711,0.0011820645860536878,-0.005350634212256956,0.0014756821635724666,0.0001297750583062653,-6.30875683096388e-05,0.001961855605395302,0.00029749788549665536
2025-12-19,0.007848860258017176,-0.002335022073829685,0.0063548341899289365,-0.00012216080373511683,0.002346526611486025,-0.00010774220103870746,0.0005058937349207149,0.0006288657696272287
2025-12-22,0.00594641712538052,-0.0015219332914076515,0.009353991406532203,0.00041014161069102774,0.0037091459977129735,-0.0006227314043851795,0.0029735203089804596,0.003510652670783598
2025-12-23,0.0038514381669570437,0.0018732980780654103,0.012657375369780566,0.0002686866818449313,0.0007138382997974493,0.0009270761586415155,-0.005093808352457652,0.0014686870476379728
2025-12-24,0.0014796622110305187,0.0005440116837605585,0.001469946808335509,0.0007928930866092915,0.001300067291666521,0.0005365534972814334,-0.0034910745170823043,0.001067596983665819
2025-12-26,0.00019240329145492287,8.545106273422033e-05,0.009981376138224862,-0.00021026329473788961,0.001151530921963165,-0.0011661431757532537,0.00036614826586789384,0.0005304732493399128
2025-12-29,-0.0020328106733846223,0.0013668193550787073,-0.01896265755522103,0.0009862797044309364,0.0013044956978114914,-0.00034370516718795763,0.0010134684076759104,-0.00015778073519229273
2025-12-30,-0.0003742123627907273,-0.0012057375650778583,0.014902103231897501,0.0003452564034885358,3.523359606892078e-05,0.0003926378884846482,-8.213118936706287e-05,-0.00017572339940769065
2025-12-31,-0.005015124891127599,-0.00033125126710426055,-0.020459054035738944,-0.0003274384473830888,0.0002054912731204352,-0.0008157927704195433,0.002189699719358007,-0.002472436654922528
