,portfolio_equal_weight,portfolio_inverse_vol,portfolio_trend,portfolio_trend_neutral
2015-01-02,-0.002410117580840157,0.0,0.0,0.0
2015-01-05,0.0005741304762553458,0.0,0.0,0.0
2015-01-06,-0.0020006036726696124,0.0,0.0,0.0
2015-01-07,-0.0010563329000258502,0.0,0.0,0.0
2015-01-08,0.001966595772095022,0.0,0.004229210113747065,0.009485350443880047
2015-01-09,0.0009304190284748825,0.0,-0.0014653632616975485,-0.0047198986652509135
2015-01-12,-0.009379045936717852,0.0,-0.0036476957107411975,-0.015240390987565177
2015-01-13,-0.0013606834259001588,0.0,0.0006977709914060409,-0.004114290468379814
2015-01-14,0.0044140285290570815,0.0,0.005632337038690576,-0.012421432868978179
2015-01-15,-0.0024873053170007503,0.0,0.006899679833079927,-0.006707992090702669
2015-01-16,0.0060439828057432055,0.0,-0.004784588973565898,0.009354370287306372
2015-01-20,-0.005050253598709565,0.0,-0.0007078106622044655,-0.004965934956529708
2015-01-21,0.0032404423699143353,0.0,-0.005406521907790054,0.001949421966876537
2015-01-22,-0.004547938134343699,0.0,0.005035583082127418,0.006732107157771622
2015-01-23,-0.005562949008990085,0.0,-0.000536391447807866,-0.014656091767164512
2015-01-26,-0.0019018025416473081,0.0,0.001065441022741469,0.0009614124399648036
2015-01-27,0.002820419385158597,0.0,-0.007581391888136281,-0.0019026754870623455
2015-01-28,-0.005947251475141402,0.0,0.006887780308386436,-0.011388284737303588
2015-01-29,-0.009875661940703972,0.0,0.001539063310162922,0.0015988391174283504
2015-01-30,0.008037866127336086,0.0,-0.0011267965850866668,-0.005379061941626052
2015-02-02,0.001095852105243482,0.0,0.0018978553781753289,0.0027231389266435422
2015-02-03,0.012348578858649728,0.0,-0.013893587834006401,0.010321725072731356
2015-02-04,-0.008578463492148337,0.0,-0.003160858970263885,-0.003555405265169311
2015-02-05,0.004795954337585871,0.0,-0.002437062069953666,0.002946934287983859
2015-02-06,0.00014239530698031462,0.0,-0.003988595936412867,0.010172272779107067
2015-02-09,0.00626851633618567,0.0,-0.008277248597454812,-0.0005558401813699883
2015-02-10,-0.007618839177693746,0.0,0.005131548621479744,0.0037007338629806053
2015-02-11,-0.0030092311217614063,0.0,0.00023417048090149928,-0.0011284289654133505
2015-02-12,0.008959016712254773,0.0,-0.0006137043236295669,0.0020144662749539653
2015-02-13,0.008110526388567652,0.0,-0.0015894022989223476,0.004348329975239955
2015-02-17,-0.004015907182845909,0.0,0.0018917339962110792,0.011399127557158389
2015-02-18,-0.001956054611544319,0.0,0.0046174720166215905,-0.003142903524767025
2015-02-19,-0.001329997859389738,0.0,0.001286658448006118,0.0034864648081411815
2015-02-20,-0.0029530834914672944,0.0,0.0030719776968114692,0.0015647982241908487
2015-02-23,-0.005877519261051938,0.0,0.004807258748129384,-0.004331270127777034
2015-02-24,0.0019177076644658396,0.0,0.0034455966917928843,-0.004488543014338088
2015-02-25,-0.00014884581942025814,0.0,0.0004902120942559314,-0.0022471490818738804
2015-02-26,-0.003881726332750998,0.0,-0.0016896369029867535,0.002206753788010249
2015-02-27,0.006085721051339181,0.0,0.0020072127305360353,0.0020431660962052954
2015-03-02,-0.004449741347736245,0.0,-0.001205152121112133,0.008509795030290961
2015-03-03,-0.006791251353734482,0.0,-2.1454440742942002e-05,0.0038584506652289408
2015-03-04,0.0018960967877162647,0.0,-0.0008645146580743807,-0.0006032401032572422
2015-03-05,-0.0019531864067572195,0.0,0.0011320469644647455,-0.000983726996760521
2015-03-06,-0.007880195488175689,0.0,4.231787844184391e-05,0.012943926438658989
2015-03-09,-0.0009732218325399389,0.0,-0.0015747712194533648,-0.004268581695096627
2015-03-10,-0.008069850907905348,0.0,-0.0015371967956386396,-0.007524168418653952
2015-03-11,-0.0010493205217462854,0.0,0.0018508708975037314,-0.003067391607932441
2015-03-12,-0.0001459882608815575,0.0,0.000556329016352741,-0.0011471413435642224
2015-03-13,-0.009376743121279426,0.0,0.006073687349487509,0.00021606701505074246
2015-03-16,0.002812397482269971,0.0,-0.0028572334090358116,-0.0022549857464211954
2015-03-17,-0.003993155807028974,0.0,0.0043125758762096065,-0.005177130012666941
2015-03-18,0.008280763445360604,0.0,-0.0031062577690355456,-0.006397308708100251
2015-03-19,-0.004196723341468793,0.0,0.0011818530069301197,-0.0011421786701262824
2015-03-20,0.013767606793457558,0.0,-0.013534360829890905,-0.00503943235541862
2015-03-23,0.00695066243087627,0.0,-0.005050731982774804,0.0005315250710357275
2015-03-24,-0.0005102631310736514,0.0,0.001950873531004251,-0.003762557477222996
2015-03-25,0.000153039168587081,0.0,-0.0065800179884018895,0.0017659870256973393
2015-03-26,-0.00044186704654964123,0.0,0.0008553807321919814,0.008847065297007671
2015-03-27,-0.004650950887708213,0.0,0.0028838660351136066,-0.00788651465779164
2015-03-30,-0.002336297956487265,0.0,0.004674344432435093,0.0026129048280330207
2015-03-31,-0.006793665704208929,0.0,0.0018080926492206931,-0.0021066123171970086
2015-04-01,0.008610395461191845,0.0,-0.005146030914672502,-0.008346169736828186
2015-04-02,0.004074479633041057,0.0,-0.0044314938097827035,0.0035789785167942892
2015-04-03,0.00453693805533687,0.0,0.000685663392751308,-0.006651654267057852
2015-04-06,0.005203994372975922,0.0,0.0017918957488305004,0.008788269793412688
2015-04-07,-0.0007005680169292116,0.0,0.003761195723211126,-0.0018871642529712297
2015-04-08,-0.005448309447875674,0.0,0.00020050044856014294,-0.0015041548198219165
2015-04-09,-0.0036257835307302914,0.0,0.004935884305000879,0.008079117191691717
2015-04-10,0.0005914235695026515,0.0,0.0014676495253527157,-0.0005422157788393165
2015-04-13,-0.0036867959749437252,0.0,0.002868531807240041,-0.00017351955593869017
2015-04-14,0.004874765749005579,0.0,-0.003930463862035429,-0.004324416619573076
2015-04-15,0.006599147832425275,0.0,-0.001919216766659308,0.0009815800790828038
2015-04-16,0.0074896291151846815,0.0,-0.0036791992783377424,-0.0006936054426306209
2015-04-17,-0.00432105746618375,0.0,-0.004354008714101106,-0.006601096860535302
2015-04-20,-0.005390360301965206,0.0,0.0031877142365738316,0.00636448540267933
2015-04-21,0.0012315064626642603,0.0,0.0013605557848091103,0.0022782576331312667
2015-04-22,0.0002499234547654914,0.0,-0.0016613177186118216,0.00786065304873015
2015-04-23,0.007030448147419561,0.0,-0.0004114669112541967,-0.002593648154453295
2015-04-24,0.0016912582855132241,0.0,0.00364971384429174,-0.0006962556442635707
2015-04-27,0.0020853231034500107,0.0,-0.0015022243182268402,-0.0008294031970066962
2015-04-28,0.0024840144353246328,0.0,-0.002020119808263138,0.006474306497537756
2015-04-29,0.0043918207760191095,0.0,-0.0020470097146794972,0.006783420182369661
2015-04-30,-0.0015925834130389163,0.0,-0.000693712874337421,-7.028788434315257e-05
2015-05-01,-0.0036239773301610222,0.0,0.00035931530926218056,0.007355118995363417
2015-05-04,0.0024719793069803327,0.0,0.0009894308735762375,0.003331637421465015
2015-05-05,0.004956773496314215,0.0,-0.0002520934214408223,0.004984650105767881
2015-05-06,-0.0024851714907290433,0.0,-0.0048386319477571995,0.004258641013834111
2015-05-07,-0.006811177837887994,0.0,-0.0014129568057316786,-0.00562025675357126
2015-05-08,0.008815646121594127,0.0,0.0005339263028180329,-0.0012925573522097836
2015-05-11,-0.003850827445928685,0.0,0.000643822693052126,0.012897298076147902
2015-05-12,0.005391585176073372,0.0,0.0015519707048644324,-0.00024109950617286127
2015-05-13,0.0019788878673023965,0.0,0.00034938296830278043,0.0030081818474532542
2015-05-14,0.004652727156782154,0.0,-0.002009649227130443,-0.0042078885220495355
2015-05-15,-0.00044583260459611954,0.0,-0.0005175622281817086,-0.011182393604162238
2015-05-18,-0.0031340877532876742,0.0,-0.002838451621599157,0.008604067186067287
2015-05-19,-0.009465837123861533,0.0,-0.0038005387536828887,0.0015623006062828802
2015-05-20,-0.0006337362230197651,0.0,0.0026796614230223167,0.0016326086568837228
2015-05-21,0.004056378216179818,0.0,0.0015777822124667593,-0.005338135191703237
2015-05-22,-0.006932201117524488,0.0,0.00030628189652778955,0.002201105297667939
2015-05-26,-0.009703758674366765,0.0,0.0007684991397409959,-0.00736065240408125
2015-05-27,-0.0022220315784612626,0.0,0.003356309338265003,-0.0001415297908225364
2015-05-28,0.003956595425138131,0.0,-0.0003619777041270283,-2.2277459076226053e-06
2015-05-29,-5.904522197965064e-05,0.0,-0.001873287751860329,-0.003574797211541289
2015-06-01,0.002523034708076439,0.0,-0.0010416959601368978,0.00855456437496571
2015-06-02,0.004561056360880862,0.0,-0.005720965578706394,0.006338002844927396
2015-06-03,-0.002707254758015203,0.0,0.0020412614258980737,0.007834608104814556
2015-06-04,-0.0018156637838269813,0.0,-0.005508086376831598,-0.006079780802742721
2015-06-05,-0.002298643724960899,0.0,0.0039376417633088905,0.006357087113801218
2015-06-08,0.004855050248744489,0.0,-0.00746213923756192,-0.0025900609146971977
2015-06-09,0.0039973717918528546,0.0,-0.0013959801702609108,0.00040066611392157523
2015-06-10,0.002478823039398955,0.0,0.0021891536607971268,0.0014349965885923463
2015-06-11,-0.00572967645652883,0.0,-0.0004219552576572187,-0.0009226699494897189
2015-06-12,-0.004896592727848527,0.0,-0.0012166247005834412,0.0002692336082987478
2015-06-15,-0.0030669239170305804,0.0,0.0009935247307663662,0.0008242429141503825
2015-06-16,0.0026789468719072237,0.0,-2.0807616201876636e-05,-0.001025873949191041
2015-06-17,0.0007780319457668624,0.0,-0.00020008673952455448,0.0014036147855999565
2015-06-18,0.0007487571086812717,0.0,0.0010426981206565755,0.002534868822225384
2015-06-19,-0.0028046170420406883,0.0,-0.002251212986817264,-0.006619022141914959
2015-06-22,0.0038035151102702816,0.0,0.0003034045519112381,0.007284931879607296
2015-06-23,0.0004269331024807975,0.0,3.8768826396259975e-05,0.0023888179442984447
2015-06-24,0.0010782259154472694,0.0,-0.003004730968790981,-0.003821254864033575
2015-06-25,0.002611063009418409,0.0,-0.0017199706362790528,0.0006050643955849039
2015-06-26,0.000827233004769494,0.0,0.0029674381572010284,0.007134639588984002
2015-06-29,-0.0016735727423011287,0.0,-0.008736746127707667,-0.012808301206319973
2015-06-30,0.008597256490801224,0.0,0.005062631913964928,0.0017533230737751596
2015-07-01,-0.006278284836839388,-0.0023857736954147296,-0.00038038389482480256,0.006844312043330617
2015-07-02,0.002308633416583989,0.0011691589351745604,0.0017122889316254033,-0.0011601484872851842
2015-07-06,-0.005839017504294332,0.0014328610677969335,-0.003753210823439885,-0.010449959048079839
2015-07-07,-0.007909538009286825,0.0002505276548541598,-8.787392346580978e-05,-0.005464676790262541
2015-07-08,-0.002039673553800866,-0.001288472164146099,-0.005975585790585285,-0.007192662194943422
2015-07-09,0.00243961799954658,-0.0016987301521799178,-0.0004972174353617402,0.010476692618756774
2015-07-10,0.0033588692203675285,-0.0006331723052865908,-0.0010729034787738936,0.011054898923252472
2015-07-13,0.004251123060667874,0.00030631644887137,0.0008228444825028963,0.0006628164992853076
2015-07-14,0.0041539395822164735,0.002183384328510959,0.000276804631716866,-0.0007310674298160339
2015-07-15,-0.0035874700737785915,0.0004046414669510123,0.0013938648705515387,-0.002966133413846167
2015-07-16,-0.003664077201159241,-2.1191948286291635e-05,0.0011398158894068426,-0.0006220630863874382
2015-07-17,-0.0027012125701372136,0.0002684971758910226,-6.675583458032845e-05,-0.0012141812597416986
2015-07-20,-0.008004760386218336,-0.0007323902174238137,0.0014632951899812522,0.0013297957973466708
2015-07-21,0.00010265815486160879,0.0012640445117704786,-0.0016657412660119062,-0.002488437729496564
2015-07-22,-0.0032258715822585707,-0.0008883593474736122,0.002105178057745133,-0.0003712714171943848
2015-07-23,-0.005274853277812013,0.0007092483277811132,-0.0012259342199879698,-0.0038043530422011062
2015-07-24,-0.007760788027911664,-0.0012445953886808922,-0.0001315736430918714,-0.0003782618945791471
2015-07-27,-0.005995242267067889,0.0010010332630981708,-0.0019963432004189837,-0.0027475324611893745
2015-07-28,0.005409587083629195,0.0006436860801606631,-0.0007170133860201489,0.0011134206507166372
2015-07-29,0.00094785257046232,-0.00029234460055129494,-0.00017245612740395908,0.001438137960502607
2015-07-30,-0.0011888124191285858,-0.00034597412943052563,0.0017232626995594919,-0.0012894046487423865
2015-07-31,-0.0038351730687436335,0.0017284550302165492,0.0008255371720153588,-0.002765796569741325
2015-08-03,-0.003577573729470293,0.00022507873542764516,0.0036487237334889054,-0.0034984823392239434
2015-08-04,0.0047490155782549505,-0.0017185178487213039,-0.002905614293858173,0.002110735942600024
2015-08-05,-0.0014363700394863308,-0.00043014404261060605,0.002696005886531323,0.004546954219313923
2015-08-06,-0.003978948979441544,-0.00040453616102111353,-0.0019348457286516877,-0.0040380369066253105
2015-08-07,0.00304422119249168,0.001217376321340413,-0.0027422702202250294,-0.00466698810494158
2015-08-10,0.009083889397592783,0.0007359285822085168,-0.006814411604379087,0.002368089768028802
2015-08-11,-0.006305749151148063,-0.00016947611973718133,0.0032607070254297545,-0.002678574034155427
2015-08-12,-0.0020185660744169104,0.0019401203126330172,-0.0033093190770673605,-0.001728161670068833
2015-08-13,0.00044443479386157794,-0.0015547506802115055,0.0008392611528115365,0.0029202772973605717
2015-08-14,0.0012550390192319035,0.00022846011384484655,-0.0003936188105495671,-0.00026196486594447146
2015-08-17,-0.0023684647545319593,0.0009990360729702549,0.002759434473432676,-0.0020491624958824377
2015-08-18,-0.004278090404421164,-0.001346231755730082,0.0012589837400916004,0.0032236176175734843
2015-08-19,-0.0036791789124546734,0.0012945259915614698,0.0012508337699749454,-0.002373628427990139
2015-08-20,0.0009232874682745335,-0.0022318824348986064,-0.005441353861993162,-0.004321832727532644
2015-08-21,-0.01287440480359022,-0.0010534151321477169,0.005429664800428396,-0.0009771897724084717
2015-08-24,-0.01574060743065955,-0.001346921076253873,0.014935164968629726,0.0007336375364665984
2015-08-25,0.00028531864967089977,-0.004109277042090084,-0.007058772275614048,0.007597172034245731
2015-08-26,-0.0018662929869400653,0.0024164115361658086,-0.0013543050127204353,0.005539694623450855
2015-08-27,0.016786321691544464,0.001327851306714181,-0.016594738814520286,-0.0063072675998670814
2015-08-28,0.008236673880520956,-0.0013907430821628894,-0.009032996385436587,-0.001480278252110142
2015-08-31,0.003755816253599337,-0.0018547505097422062,-9.835102468664759e-05,0.002374393420823227
2015-09-01,-0.01038592593834287,-0.002006135813347149,0.010727238408536155,0.002847330128626559
2015-09-02,0.0007859330561287521,0.0008979513375353162,-0.0006074791762821572,0.0015769170442253005
2015-09-03,0.0016595578886367168,-0.00014455992193275778,-0.001791249640623605,-0.0016598758006420335
2015-09-04,-0.006081883135298025,-0.0007096573519783066,0.006443797574681483,-8.530509913502e-05
2015-09-08,0.008683910101300962,0.0013885915152506392,-0.010605395216852435,-0.0006437725281622422
2015-09-09,-0.004124581848545895,-0.00040992290362158013,0.0027960265725699104,-0.0011747496985166444
2015-09-10,0.003650964211742604,0.0008439652567344869,-0.003092656390912234,0.0005582980559528041
2015-09-11,-0.0007777604490260136,0.0013974288573734882,0.000593748699800944,-0.0017547733403638825
2015-09-14,0.0005318834700641281,-3.667020626020031e-05,-0.000608819110545694,-0.0012630568343943466
2015-09-15,-0.002003367968466674,-0.0021216600269801486,-0.0004111571912528463,0.00532002237167054
2015-09-16,0.005060945910251561,0.0009689207854807147,-0.005274534916131802,-0.001688259181573583
2015-09-17,-0.0002593355107405739,0.003560591042542025,0.0029247582076276156,6.02882795528664e-05
2015-09-18,-0.008196521751343033,5.8147026693330554e-05,0.005668183609365313,-0.002071223858505086
2015-09-21,0.0034501601410008567,-0.0025614061427020715,-0.0036387660472559495,0.004160652422270442
2015-09-22,-0.008111381456411859,-0.00016205162722064903,0.006562599100651048,-0.0028798822999442928
2015-09-23,-0.0035946101737686946,-0.0009313938832567002,0.002472319369048295,0.0018957269840231892
2015-09-24,0.004096958048703714,0.0003694459637052445,-0.0014495851266934981,-0.0027162217685440465
2015-09-25,0.004657999607930604,-0.0012020609853316546,-0.006081149674636969,0.0014475737754202588
2015-09-28,-0.008884717477996348,-0.0002682830923443459,0.006588769077011063,-0.004024915630811098
2015-09-29,0.0006160465466475534,0.0005829468440274592,0.0015774545792223303,-0.0008449530582198969
2015-09-30,-0.0005401569238879759,0.0006640122767210072,-0.0021541866876772816,0.0002411796850788155
2015-10-01,-0.002679628669890249,-0.0005128127175288068,4.844643661741727e-05,-0.0017072490326586393
2015-10-02,0.007982418367437166,0.00529371282511362,-0.0029206223696765232,-0.002693672552662805
2015-10-05,0.0071693986458122305,0.0020065436588975628,-0.007826148357060888,0.003073326018500214
2015-10-06,0.00849574659788103,0.004110124744945509,-0.002157346630211591,-0.001680190818855681
2015-10-07,0.002041445180706451,0.0005399035330760011,-0.004671862942472737,-0.0010437676150001668
2015-10-08,0.0016985168831508105,0.00032417602149497504,-0.0028973044886163196,0.002562379348449103
2015-10-09,0.006682152646843218,0.001607729360220041,-0.004583603397241714,-0.002545307371991845
2015-10-13,0.0020697973372761683,0.0012479160533730564,-0.0007496556210089353,0.0005762631362212162
2015-10-14,0.0026952650442353733,0.0029553833590001454,0.0019713637322418777,-0.004843359760720367
2015-10-15,0.00018014656593619388,-0.0002877333036139382,-0.002178937540010219,0.002103051720068936
2015-10-16,-0.0009970607233569385,-0.0008339059651946105,-0.0020329320175475696,-0.00079191120840642
2015-10-19,-0.005015911065893679,-0.0014275449205212896,0.0006644135906596267,0.001748818576222623
2015-10-20,0.0015189623557200886,9.995473068310349e-05,-0.001729104118663837,0.0026092337711998434
2015-10-21,-0.003526071204561059,-0.0006276776502862416,0.0013391768077808874,-0.002767238501177581
2015-10-22,0.0006032749915098288,0.00012270820395667654,-0.0003384270808615314,-9.506091857821902e-05
2015-10-23,-0.005252533289014214,-0.0032379671561975558,-0.0025131053558718414,0.002323595943155515
2015-10-26,-0.002395967801838011,-0.000283209722111622,0.0026133895873097137,-0.0012088722210888926
2015-10-27,-0.0021276695606024035,-0.000330230854282548,0.0009078691675716061,-0.0008345063305700603
2015-10-28,0.004960998024816735,8.349889768103508e-05,-0.002333450598669981,0.0012110282736070045
2015-10-29,-0.005138210968857538,-0.0029406276837160477,-0.0025810619118454723,0.0025587057685207146
2015-10-30,0.0038105505410664627,0.001981107453510698,-0.0026613440657021195,-0.0009860589064309305
2015-11-02,-0.002993408279097214,-0.0015740092061626472,0.0018617877699906463,0.0007076574569873442
2015-11-03,0.003817338728687606,0.00048040390039200717,0.000246732521197542,-5.4439793150810694e-05
2015-11-04,-0.007000503551819339,-0.003971016054095768,-0.000331079456918688,-0.0008081975614124063
2015-11-05,-0.004190691856058767,-0.0023027030573903335,0.0005637193556853993,-0.0019406422841877625
2015-11-06,-0.00536455493609297,-0.004845796632156976,0.0037047881790307625,-0.0034803680185611077
2015-11-09,-0.007486641229814084,-0.0029440778247403713,0.0004317372715123998,-0.0013554204816056984
2015-11-10,7.250675629780376e-05,0.00021438774197417,0.004715223234757555,0.0027276179248534246
2015-11-12,-0.0008640295490530981,0.0006007384870772693,0.0008999038045173304,0.00275431601343376
2015-11-13,-0.00472801909457759,-0.0015193082638127096,0.000167092461242828,0.0006670014002071131
2015-11-16,0.0006587274986580028,0.00040278502157053443,-0.00021374713430437133,-0.0005529985393840858
2015-11-17,-0.0025230038941153393,-0.0008207158555031284,0.0003348423124996069,0.0005930220598916139
2015-11-18,0.0006407992299386122,0.00020755063896558344,0.0007507898036599954,-9.457835127339789e-05
2015-11-19,0.004374584084693511,0.0027744060320099855,-0.0020535926874584534,0.002178260293991225
2015-11-20,0.0006257958043663284,-0.00010956394037477994,0.0030051736886312,0.0007424967116722216
2015-11-23,-0.0017819354889735696,-0.001080584578915445,-0.00034218989628265835,0.00039057365493693093
2015-11-24,0.0025988080984832066,0.0010452627856348852,-0.0039662812843236596,-0.0003727749572798442
2015-11-25,0.0018759695185489142,0.000784277489149102,-0.0020216330148736072,-7.132746327189149e-05
2015-11-27,-0.007008781490675994,-0.0022716669389320487,0.005465254040231148,0.0007604704334875907
2015-11-30,-0.0017054730216267797,-0.0008733637995530495,-0.0004248390476157733,0.00019380437234947005
2015-12-01,0.007117846806766195,0.00421414820671998,-0.0007623706571180176,0.005811097266672397
2015-12-02,-0.006455755561284665,-0.0036435195684204006,0.004249791026750953,0.0008015955417713826
2015-12-03,0.005319012637877665,0.0020672954540571125,-0.006797230434517464,-0.01053721374151394
2015-12-04,0.006490864924045899,0.0029133836906008507,-0.002356926844865402,0.004011225399001976
2015-12-07,-0.01123980526977965,-0.0035830952092515307,0.0052096665888164,0.004411104008543711
2015-12-08,-0.004571144399409223,-0.0024411513449622453,0.0007601365630263661,-0.0009234032834009461
2015-12-09,0.0035302960359167163,0.0028249029699918883,-0.001455100556752839,0.0024050213247670997
2015-12-10,-0.001956577981852226,-0.0011674862590726,-0.0005515617725260822,-0.001936151386602013
2015-12-11,-0.006204535204383939,-0.0006486707550021872,0.00265206290760778,0.005348367989907321
2015-12-14,-0.0032386287505955153,-0.002879432864278807,0.002557160279438943,-0.0015688824017922967
2015-12-15,-0.003233594185712475,-0.00221591249076773,-0.0006267820195572301,-0.0022714725296379312
2015-12-16,-0.0030600297748060346,-0.0008116991647825833,-0.00042219403810021263,-0.0015388438260324551
2015-12-17,-0.009808661538439787,-0.005078556239612236,0.003986041747364996,0.0026260544480784494
2015-12-18,0.006558851915702681,0.00357153665050037,-0.005413600531565108,0.0018826554382642333
2015-12-21,0.0038960118801791887,0.0019466026105542608,-0.0045731934587020795,-0.0011566220863020939
2015-12-22,-0.0014692435472095048,-0.001206674195985604,0.0016936730379995693,-0.001854235473186041
2015-12-23,0.008139446926966566,0.0023812724851722065,-0.004518115951678903,-0.0027343643888853414
2015-12-24,0.002073410485006141,0.0012026577821285388,-0.0013336597118222859,0.002534430112745697
2015-12-28,-0.0023883502865811746,-0.0010663141858525983,0.001385304574615498,0.0018574506372375722
2015-12-29,0.006734503385117965,0.0012333804542730325,-0.0015511966917438479,-0.005746160284297917
2015-12-30,-0.005283358273743063,-0.0016951354415193926,0.00240583992754238,-0.0002279877054153163
2015-12-31,0.002083881475972997,0.0004597145707408578,-0.0013347323526034702,0.0027795368998167285
2016-01-04,-0.008821315242886978,-0.0028022017339040814,0.0021353178767180184,0.0017578918182610086
2016-01-05,-0.0034937104629012487,-0.0011926970128489978,0.0006282159337576479,-0.0011474513533533879
2016-01-06,-0.0060281984595682665,-0.0010756795501246134,0.0010110703403925997,0.005661809395763787
2016-01-07,-0.00406960552162966,-0.0008655594428980451,0.00128821397341631,0.001612401075593882
2016-01-08,-0.0033927533382132726,-0.0009246205163057847,0.0016369219383076882,0.0013987633481291955
2016-01-11,-0.012336898250146828,-0.0036466499419812314,0.008095964829486251,-0.00031792758335095865
2016-01-12,-0.0021019681801302307,0.00010550203092728744,0.0036828695361583825,0.002464495655492878
2016-01-13,0.0013076721444218572,0.0006775447455233903,0.0008302202694854455,1.6335974143784815e-05
2016-01-14,0.0006708983197321341,-0.0005287088244136518,-0.0015166045471292102,4.8292366004940945e-05
2016-01-15,-0.008629201941213891,-0.001574264717855076,0.010488038455423286,0.003023482708037436
2016-01-19,0.002261926087126501,0.0009098398349152681,-0.0025094879067128714,-0.0006488977646154186
2016-01-20,-0.010482920918458661,-0.00281919062653581,0.009030716319964128,-0.0007529970959430479
2016-01-21,0.00864818002955316,0.002437345600763317,-0.007485035999422406,-0.0007857511211011147
2016-01-22,0.011518947673143544,0.0030735896632943143,-0.012515601986189924,-0.0019427003488636325
2016-01-25,-0.005308818532800225,-0.0013345906555073351,0.00489899091685254,-0.00048275502270083554
2016-01-26,0.00814858316035466,0.003337317778053333,-0.005565245109305626,-0.002469075427666463
2016-01-27,0.00072415968740751,-0.0010152079932269186,0.00024548225963375345,0.000887096728620482
2016-01-28,0.00291615079599884,0.0014704191628865458,-0.0036790104490618714,-0.002289748349227255
2016-01-29,0.006640910587334787,0.00211535951623535,-0.0018940479579465667,-0.0035834663544268563
2016-02-01,-0.0033193579926160707,-0.00016403640641560595,-0.002038171255487218,-0.00017148534628580675
2016-02-02,-0.00576644151003569,-0.0002359731489775286,0.007871858399546872,-0.006474418714512149
2016-02-03,0.01040882668805314,0.004434080568052311,-0.006060007788623798,0.002138487895557509
2016-02-04,-0.0020619304390732526,-0.0002478444432734311,0.004534535484601082,0.0004288425317224311
2016-02-05,-0.0056549599788676885,-0.0028159226011130484,0.0025249597323577203,-0.0015979812208415933
2016-02-08,-0.00036224387118794974,0.0019549765022580795,0.009320973964121937,-0.006255413516051947
2016-02-09,-0.008920070102305815,-0.0021658631500386764,0.006119605619910217,0.0009773800393503723
2016-02-10,-0.0013077063855300973,0.00043692703793275924,0.0008863012891149627,-0.004182962411361209
2016-02-11,-0.0009181415950130407,0.001344198504661895,0.011738847008967903,0.0005860953696200932
2016-02-12,0.0093562771542747,0.0005687145009757165,-0.012111211994152852,0.004769159271260728
2016-02-16,-0.0007618429537321283,-0.0005316861610929622,-0.007099836971996103,0.001807002259805183
2016-02-17,0.007310546248697046,0.002109185993749962,-0.008163606910923903,0.002710972806186854
2016-02-18,-0.003174520833223663,-8.07595871632303e-05,0.003895000471641438,-0.004956915079419703
2016-02-19,-0.005013713081076097,-0.0018204961946482827,0.0014472992185233242,-0.0008413770989950944
2016-02-22,0.0038535566220746385,-6.079655789375892e-05,-0.003986900531598618,0.0017708362058174516
2016-02-23,-0.004389030130408834,-0.0011800959986433747,0.004833908522221761,0.0015126319638422091
2016-02-24,0.0021693059500458825,0.0007730452460660767,0.0021913050901269807,0.002905690920162994
2016-02-25,0.0034964560083985447,0.0017868205584131742,-0.0022277469565217265,-0.005039325715907294
2016-02-26,-0.00503917429244822,-0.0051455696359704395,-0.004191539778038361,0.0035766216019745504
2016-02-29,0.0004910323020125659,0.00017406583336488046,0.002834489619135196,0.0011185003073266775
2016-03-01,0.0017418686701076065,-0.0015207274780908587,-0.006368314420954019,0.0019147147853032145
2016-03-02,0.0038711377777429614,0.00153951356933919,-0.000938430630697052,-0.0003054128270614234
2016-03-03,0.0042744690539980685,0.00237125076126801,-0.001386123553242663,-0.0017894707093997942
2016-03-04,0.008738811613487479,0.002499519794106383,-0.00457258885525839,-0.0010600931193574775
2016-03-07,0.0037217633667433405,0.0006065159939414196,-0.0019797405190333916,0.00010728311866231295
2016-03-08,-0.002709221288532726,0.0005821633607594038,0.0007833444815905348,0.0025562945797631452
2016-03-09,0.0059781152321822925,0.0009029752938923601,-0.002442829081591082,-0.0019809577671446154
2016-03-10,0.0011057194768732603,0.001080719746658809,-0.0021003710828289986,-0.0028050929336638107
2016-03-11,0.007004697170951283,0.0021210911971611965,-0.002300486148012112,-0.003086254201834435
2016-03-14,0.0004538591250031159,0.0006282520925330269,-0.0025337348388461017,-0.00016233662766381872
2016-03-15,-0.004276818158153474,-0.001505873996137264,-0.00023121884642059236,0.0022091577243171126
2016-03-16,0.00542760971993222,0.003464497483674981,-0.0007338191025034979,0.0001945947921544284
2016-03-17,0.012554838070790754,0.005944327183471835,0.0033369807588666343,0.0023880945221940062
2016-03-18,-0.0035065636373238815,-0.0009862380800962538,0.0009442302675429307,0.001224435129587831
2016-03-21,-0.0019496500881185889,-0.0015486597458944187,-0.0010906824120697574,-0.0005214837955188128
2016-03-22,0.003616377926522088,0.0008400542309886352,0.0013218604264794668,0.001338205490843612
2016-03-23,-0.01006618256872577,-0.0028392124624660973,-0.0006384040147804484,0.002061126545371058
2016-03-24,-0.004259686054782991,-0.0017788499992445821,-0.003016113163757472,-0.0018893593524410088
2016-03-28,0.0037543580073045135,0.0017453344408961478,-0.000532174064370755,-0.0017039436575259806
2016-03-29,0.0030548544448555036,0.003945726001034953,0.0023346381428490355,0.0011987405839424983
2016-03-30,-0.0010138313098733843,-0.0007345894348286281,0.00021897841074007188,0.0012947329320177566
2016-03-31,0.001345747887657008,0.0010083985266253483,0.00042438620272206457,-0.0005258164623986298
2016-04-01,-0.0044702777827758085,-0.0017567940502468131,0.0010211369327247568,0.0049790205674960526
2016-04-04,-0.006375878007936103,-0.0015541065899518061,-0.0013807962708082555,-0.0018862220631596996
2016-04-05,-0.003892714002645873,-0.001097426146794899,0.0026926104447609917,0.0009852680609428268
2016-04-06,0.004438629808230983,0.0013150842941789392,0.0002939944619223591,0.0032226561553778147
2016-04-07,-0.0022401255011258517,0.0002223736545470917,0.0023513789021287128,-0.0009926153345202638
2016-04-08,0.00807857275120709,0.0026555896175476266,-0.0046146145668557095,-0.0014529523933246198
2016-04-11,-1.4866809410533198e-05,0.0006758463478593222,0.0012597808156808643,-0.00023160441058951858
2016-04-12,0.008590955322465297,0.0018985338635618414,-0.005369274990315487,-0.0005248500447979174
2016-04-13,0.004721700401338949,0.0016583846185754699,-0.001976681061349417,-0.003885242790402798
2016-04-14,-0.002599646316526612,-0.0013899325305359405,-0.0024288406162084166,0.00034324743184779166
2016-04-15,-0.00036536154953863457,0.001050338479432741,0.001987367211629555,-6.731974239558222e-06
2016-04-18,0.0052278647014310006,0.002206189330252638,1.8625777322433944e-05,0.0003573680064720313
2016-04-19,0.012965698964827573,0.004996346507532897,0.0016080620189122953,-0.0025625040882942124
2016-04-20,0.006941040749757508,0.001126728530100155,-0.0001085619220061738,0.0010003995662473428
2016-04-21,-0.0054848016796915115,-0.0028276977424998378,-0.0020489073381608045,0.0006662400615467064
2016-04-22,-0.004594969713069095,-0.004030243935076603,-0.007039599586679597,-0.005602807615001445
2016-04-25,-0.0005719905457409639,0.0007872970461266815,0.00157416760355313,0.0010024638191045506
2016-04-26,0.00477938618619339,0.0017581970252326781,0.0007243110374313735,-0.0011725175740500081
2016-04-27,-0.0006398039573983851,0.0003539126102736094,-0.000914898352804572,0.00037765615324547054
2016-04-28,-0.001482801572854231,0.0005721383634655309,0.00409799346572581,0.0046815051075446545
2016-04-29,0.006567534714318829,0.0023810322141475247,0.0031696404231476827,0.0009565326662701275
2016-05-02,-0.0009144189912418554,0.0002463695993816193,3.574459836766628e-05,0.0007089375119739585
2016-05-03,-0.00800568567000023,-0.0024755537675195225,-0.0049702876215287455,-0.0008836223851698263
2016-05-04,0.00034599386580958603,-0.00029505257495747027,-0.0017608207045443154,-0.00142517646700551
2016-05-05,-0.004260330533071532,-0.0012984635862988573,-0.004187508874493691,-0.0030849124604426367
2016-05-06,0.003731700503279018,0.001188602353322757,0.00013928729740399104,0.0012360930937882608
2016-05-09,-0.005830580253660836,-0.0016803176220088452,-0.004785158269989447,-0.0029996360970296417
2016-05-10,0.010681216384229864,0.0042264677018438775,0.0013823349167870695,-0.0019303641595770616
2016-05-11,0.005870928266906847,0.0013251075016310788,0.0037016777558312023,0.0003326355808828754
2016-05-12,-0.0013613586042496777,-0.0011487299069500064,-0.002703368419866961,0.00010180389096567594
2016-05-13,-0.0038043853996866752,-0.0010736400554397186,0.0013330289145066386,-0.00021272969819482882
2016-05-16,0.004337298636526619,0.0006266859202487615,-0.0008526645229059165,0.0004943484230963637
2016-05-17,0.0021380591988182244,0.0007658400215295447,0.0006121477270964523,-0.0010041743041983855
2016-05-18,-0.004322102556513862,-0.003634315021123155,-0.005150237719604998,-0.0030257020116280673
2016-05-19,-0.006533050126002913,-0.002677511496438687,-0.002585969058455637,0.0013374018924885355
2016-05-20,0.0017282001017472242,0.00043226674249962146,0.0008399029428125676,9.099196961261237e-05
2016-05-23,-0.005039694427769658,-0.0017436764246300108,-0.00044890625458121326,0.001595225988606171
2016-05-24,-0.0006415869015695653,-0.0003851949292667281,-0.0006905992977732221,-0.0017647687236650167
2016-05-25,0.0062426016810418405,0.002575398206386527,0.0030950121766559363,-0.000656717504371148
2016-05-26,0.004873580434876011,0.002707444201087072,-2.9588227011268648e-05,0.0024967069028426344
2016-05-27,0.0022847755701912776,0.0003915494865986323,-0.0008756241836039782,-0.0008567527702924084
2016-05-31,0.0011229682886623707,-0.00047598148473355624,-0.0021683576680281724,-0.0017182193985344075
2016-06-01,0.004194600362335789,0.0014660095022482876,0.0010868255523403473,0.0012883948991529069
2016-06-02,0.005896459816241304,0.0031353257800040175,0.004948473168910815,0.005587216928569817
2016-06-03,0.007997183089302938,0.0067504761033987445,0.0014588131383111538,0.0067288757992600605
2016-06-06,0.010766303193202669,0.0033406747452122496,0.005512874789120704,-0.001083359413681104
2016-06-07,0.0021405365531372476,0.001368478394781182,0.0005145723061435109,-0.0009678980121880206
2016-06-08,0.009867219279051036,0.004275816219212162,0.002861141611532789,-0.0008698942113800918
2016-06-09,-0.0023794494822418984,-0.0004684764319902759,-0.0020562241617793913,4.2214386485585505e-05
2016-06-10,-0.006065711462168469,-0.0017212526751564628,-0.0008507732681732375,0.0021575486405036857
2016-06-13,-0.00017768863710693994,-4.001188618122544e-05,0.003281176800311056,0.0021289742330880194
2016-06-14,-0.002425718992960768,-0.0011173135442458018,0.00019131580172266008,0.0015610498125107528
2016-06-15,-0.0007754652226101832,0.00015003244855957395,0.0005774699167770837,-0.0011385167970590243
2016-06-16,-0.003395022771919712,-0.00043078299797107416,0.002572863017797583,0.001982652423845754
2016-06-17,0.00702132473597493,0.0020676812123583783,0.0020302293945950243,0.0009210287483085175
2016-06-20,0.005145723774293139,0.00040473328597089714,-0.0019545622724471776,-0.0010065565576850206
2016-06-21,-0.006339704024607801,-0.003405917759377697,-0.009187018526702461,-0.002004046592111028
2016-06-22,-0.002403481125018318,-0.00045975084134310205,-0.0006939306580349957,0.00018390226041867821
2016-06-23,0.0054796406107933,0.001007754121233109,-0.002503814172213202,-0.0008955418525669599
2016-06-24,-0.01662894602714364,-0.004711189309112525,0.0004284444391528765,0.004113198781036897
2016-06-27,-0.00428364400108493,-0.0008676781440685488,0.0034424068822116855,-0.0027478739190259214
2016-06-28,0.012154163332454107,0.004040685274593682,0.001973486134529239,-0.001538979443756962
2016-06-29,0.008882586971165975,0.002665345955960848,0.002174797379879105,0.0005073076607343347
2016-06-30,-0.0006039784659969017,-0.0004555481173757433,0.0014644864045710358,0.0030295325807042604
2016-07-01,0.0061323281853285375,0.001834710664091925,0.007934412636209875,-0.00049246721157125
2016-07-05,-0.006288570119704049,-0.0007459987819377425,0.0024179101309861786,-0.0033045233045182793
2016-07-06,-0.001391162750257143,-0.0013227096740742231,9.950884854061512e-05,0.0027527347994437444
2016-07-07,-0.008565665098283484,-0.003187357742596732,-0.0022044365939316497,0.0005306551410509076
2016-07-08,0.007708272591935259,0.0035618006395571463,0.0014012749623105263,-0.0012991765949891703
2016-07-11,-0.001700402282032879,-0.001832790471443407,-0.0029534964048067484,-0.00192595812851862
2016-07-12,0.008211463165521692,0.0016119465851725991,-0.003933733947971647,-0.0016577950048426333
2016-07-13,0.0012336935524426208,0.0017743589403640553,0.004561717539589767,0.0003090773287015595
2016-07-14,0.003097737828124066,-8.61070471927554e-05,-0.0020504622906001237,0.00043762092414001376
2016-07-15,-0.007110399338578978,-0.004290302812550285,-0.0027458044820484273,0.003212227840088057
2016-07-18,0.00021897429146152262,0.0009451623898908615,-0.0014188433421809903,-0.0016334125392043375
2016-07-19,-0.008259325276244754,-0.00389352935103117,0.0012276757786598526,0.0013131385294240733
2016-07-20,-0.0041997554044497796,-0.0023359612576826895,-0.003266338732331115,-0.001681702964707696
2016-07-21,-0.0025051068875500244,-0.00022563512640111624,0.003625822672522636,0.00309651993101427
2016-07-22,-0.0016814089551079024,-0.0010780318555478942,-0.002894305652687325,-0.0006181940648991024
2016-07-25,-0.0008575760742857193,-0.00046475670350292457,-0.0003101621756979959,6.98743534544959e-05
2016-07-26,-0.0003758942974897799,0.0005565416215682339,0.003429838364466793,0.003178756676170575
2016-07-27,-0.0030087310255805283,8.56934322699599e-05,0.00146230991003308,-0.001664495077214072
2016-07-28,-0.002040081056636607,-0.0011578046005554495,0.0021245115370425952,0.0009662232194379683
2016-07-29,0.006812708520378698,0.004740342694675949,0.0037941100629548894,0.003933047944626609
2016-08-01,-0.002826898195957209,-0.0012244920748786597,-0.0007257660263692169,0.00037004168142786904
2016-08-02,-0.003672202643592143,-0.0009700090763208625,-0.0015133862681470515,0.002971196351087676
2016-08-03,0.00479546227908118,0.0012836518793510943,-0.002680500200378116,-0.0007610267444071595
2016-08-04,0.0018605600740613686,0.0017081193349984417,0.002496963520581176,9.73297408408398e-05
2016-08-05,0.003423686677198157,-0.0003853524165586419,-0.0038485273697010398,0.0010516460535446742
2016-08-08,0.0024414117738332172,0.0001805760157658101,-0.0013196389782748578,-0.0018908561730825182
2016-08-09,-0.0015535458296627753,6.308874235601354e-05,0.0004625828102686131,9.595047750069418e-05
2016-08-10,-0.0021483063191657125,0.0006794467035677932,-0.0017889414970505058,-0.0009108235662737814
2016-08-11,0.0023747836134292515,-0.0014508642094636652,-0.0007061626201971962,0.0007323424155383018
2016-08-12,0.0017766246772000745,0.0012745007577575445,-0.0017447731466027356,-0.0008450353417683421
2016-08-15,0.006733808958978324,0.0021421186774346498,-0.002216863853492063,-0.00042349631083470545
2016-08-16,0.0011761703805064658,-5.777878574621514e-05,0.0008908444180674342,0.0010500674970544454
2016-08-17,0.0008660788714174566,0.0005191064848484618,-0.0016675803776234157,-0.001560778545856741
2016-08-18,0.004720510484955286,0.0026928580836394047,0.0011737676674874395,5.106215912668337e-05
2016-08-19,-0.003214589293508792,-0.0022871212779048003,-0.004179159494942334,-0.0006864452847365734
2016-08-22,-0.0016973053063594524,-0.00024609948474855207,0.0005859202382403533,-5.512353354378139e-05
2016-08-23,0.0031873414189580907,0.0008680103766957179,0.002156108770021188,-3.946205051180039e-05
2016-08-24,-0.006757161359348655,-0.0029912673243697946,-0.003930575756186395,-0.0013966314631274658
2016-08-25,-0.0019010084093570852,-0.0016095177689236663,0.0007189108952680007,0.0007762868705017932
2016-08-26,-0.0012579522094244957,-0.002735168896082285,-0.0006349342426917102,-0.002539891762971089
2016-08-29,-0.0024493028033470104,0.0002542382866783225,0.002369687383092061,0.003546780078001794
2016-08-30,-0.003610576821475046,-0.0019647680447557364,-0.001854488472283017,-0.002389939579146942
2016-08-31,-0.0036853923656566616,-0.0014347867571363044,-0.0008590307726797504,-0.0009545933318614699
2016-09-01,0.0022401572247203816,0.001378789845281403,0.0004895366827200544,-0.00053494550109379
2016-09-02,0.00271701714662536,0.0005792003901831196,0.0008000636277277211,-0.0016611300943223017
2016-09-06,0.004316361352219644,0.003993761908956408,0.0053376449793311655,0.005195076291218361
2016-09-07,0.0021544559804392923,0.001159605975869809,-0.003980562252447072,-0.0010637465375091398
2016-09-08,0.0030277411110257516,-0.0010608470325126798,-0.0025821265387968176,-0.002665017938917942
2016-09-09,-0.009535862484037677,-0.005307514560440619,-0.0037338745430880154,-0.002332120959320318
2016-09-12,-0.0006286192481687116,0.0006236430831558094,-0.0020412072316140137,-0.00014967968042375545
2016-09-13,-0.008876898319440968,-0.005596652921302506,0.003034475668842463,2.0503696865196682e-05
2016-09-14,-0.0003375754721984483,0.0005858148841959838,0.0010786033276406024,0.0019880752246555036
2016-09-15,0.0036958495360512583,0.002052984554682726,0.00027495000676325894,0.0002744916809190458
2016-09-16,0.000891425097908235,-0.0008033645873253838,0.0008716035004394384,0.0018735370864376984
2016-09-19,0.005523473295625375,0.0023542773117517356,0.003138827152481943,0.0013346089144342206
2016-09-20,0.007007309014383861,0.0025180185398853646,0.0020019921760915348,0.0009356822792162989
2016-09-21,0.003528405358956865,0.0021586271844929806,0.0007899889591542064,0.0017678039824138743
2016-09-22,0.004764841362647325,0.0026336946683302442,-0.0012044569475924945,-0.00074937550804952
2016-09-23,-0.008359195717088872,-0.0028857723972870158,-0.0021029154365582612,0.00112333413402179
2016-09-26,0.0016621319436096794,0.00010142245693533974,0.003567974986281182,0.002977864279522867
2016-09-27,-0.001276726852733811,-0.00011922545790597044,0.002842621941119131,0.0012099578676612703
2016-09-28,0.003472938302745566,-6.876234741280226e-05,0.0007736998082250416,-0.00035507059255276285
2016-09-29,-0.0012257788064935645,-0.0014050941332022604,0.0015555296926155948,0.0005039449735674661
2016-09-30,-0.0010842700607128991,-0.0012530989564131104,0.0015355157432588875,0.000834067908489764
2016-10-03,-0.0004730533642740233,-0.0013462371130829626,-0.0009908976983124657,0.00018331221947664263
2016-10-04,-0.0010332334765016896,-0.002250974042314032,-0.0018191484696362485,-0.002408280023826634
2016-10-05,0.0007842648749793673,-0.00047426919098004784,0.0007182766684535978,-0.001946619640157295
2016-10-06,-0.0025395158140478287,-0.002431935746294113,0.0012777449193570251,-0.00040560137909080606
2016-10-07,-0.00010330363128638536,-6.810110073300057e-05,0.0013981539661973197,0.00231554598322272
2016-10-11,-0.005007925970947903,-0.0022577840574715827,-0.0021326488521743723,0.0008738628700769063
2016-10-12,-0.0011508095302523835,-0.0011788742758350628,0.0025256065639165386,-0.0005077394790594041
2016-10-13,0.004339630090524527,0.0024188318000117315,-0.003109082163356243,0.001679693927692954
2016-10-14,0.0014598878142770694,-0.00023893213132651774,0.003096850017476884,-0.0021650020199957378
2016-10-17,0.0029798252170912224,0.0016071428678614494,0.0015140457893140663,0.0025953587321155894
2016-10-18,0.0022935252211257182,0.0010282825164800195,0.0011420314294213227,0.001235208901405042
2016-10-19,0.0012773666834276717,0.0010135903835727998,-0.0002501740890552632,0.0006073359186856629
2016-10-20,-0.004495117959314737,-0.0018461936317171552,-0.00274252931910469,-0.0016138722423400121
2016-10-21,0.0024293938854340657,0.00026291602542132106,0.0009460593918927427,0.0009158934690506704
2016-10-24,0.003579715579503141,0.0010527418885629817,0.001594078500817357,-0.00033000179675858225
2016-10-25,0.0027663355974608685,0.00042448786423168776,6.732109479430367e-05,0.0008408563241425698
2016-10-26,-0.00042815427537158055,-0.0007533934842995202,9.429344223388928e-05,-0.0020742448647206343
2016-10-27,0.0015281612627885887,-0.0008384373051173868,-0.0005388430174430325,-0.004551267191777313
2016-10-28,0.0008194862978185164,0.0006347680301440582,-0.00042890853385021407,-0.0007196634714076562
2016-10-31,-0.0017958960869428086,-0.0012930896422325942,0.00023813783723985362,0.0011427330790273124
2016-11-01,5.664951876652036e-05,0.0004498808489229346,-0.0005385442335073946,0.0012587837035713133
2016-11-02,-0.0011438494254596083,0.0008949893782789447,-0.002116496670584973,-0.0003584696673950313
2016-11-03,-0.004725919707974463,-0.0013799041237351553,-0.00014342596160954243,-0.0008508728430260931
2016-11-04,-0.0002984735186482675,-0.0002087128323868896,0.003190249543205059,0.0010300755293074703
2016-11-07,0.003187417059534558,-1.4836925915437209e-05,0.0013191781924382973,0.0013779847774269792
2016-11-08,-0.001139343194927126,-0.0005747474738737335,-0.001693731167859718,-0.0008463088462840769
2016-11-09,-0.004043768296488574,-0.004775196240410727,0.003088212427409997,-0.007109285253241186
2016-11-10,-0.001621678681211095,-0.0013812177179940033,9.23641441619237e-05,-0.003259612293784027
2016-11-14,-0.00559296782978411,-0.0036833326771230465,0.003723116970414837,-0.0004902112700381994
2016-11-15,0.005453681035828667,0.0017564198832126852,0.0004891885917632601,-0.0012077224796793098
2016-11-16,-0.0039331141871977275,-0.0004077867130476909,-0.00563362324461748,-0.0008175322577420219
2016-11-17,-0.0011153174096691406,-0.0011209380572261124,0.0034446375484083872,-0.004996458784188305
2016-11-18,-8.572621837313537e-05,-0.001217360107726323,0.0010973039996305242,-0.004411304047349325
2016-11-21,0.009572879767067511,0.0028414474802590495,8.072862048371262e-05,0.00016816142476535598
2016-11-22,0.0027626547725000546,0.0003595528295571187,0.0027987096806546094,0.001799751274296821
2016-11-23,-0.00027690151871646954,-0.001336092984349083,0.006309022285633106,-0.00034685800847363826
2016-11-25,0.0012485101910981481,-8.001716903677719e-05,0.0030993401686457366,0.00015774150828197497
2016-11-28,0.005027848464289391,0.001963844610452515,-0.0016685569212333202,0.005245498662130545
2016-11-29,-0.010211912928423186,-0.0013507874819006878,-0.006111709407884082,0.00036790565175269193
2016-11-30,0.004323092731057652,-0.0011482934532278505,0.0058604018940266725,-0.007527474907501452
2016-12-01,-0.0011169690264269982,-0.0014461622119917986,0.0026892529520006615,-0.007261834238498797
2016-12-02,0.0007972964033201798,0.001988753898287089,-0.007060351309199572,0.0042542989398200596
2016-12-05,0.005962415767141532,0.0019592171255164484,0.0009987043506487089,0.0008426876931963126
2016-12-06,-0.001059383151399388,-4.8359389342250296e-05,-0.0014606571810813324,-0.0025926948567153484
2016-12-07,3.940533424673363e-05,0.0016498315843905603,-0.0033034838982708868,0.0033119567405968855
2016-12-08,0.0002794369055532351,-0.0013241592485668293,0.004186565827556662,-0.004401181300929631
2016-12-09,0.00047253474780314757,-0.001618908455286762,0.009003841676470158,-0.004733939893623339
2016-12-12,0.00300346429086594,0.0013807555748827879,-0.004527414157252722,-0.0006942777271974335
2016-12-13,-0.0007091182889563195,-0.00015939300047282593,0.0017367346423786125,0.0006343798848841536
2016-12-14,-0.0031406521216556962,-0.0029281690427211703,0.004054893742302139,-0.0026004927201490544
2016-12-15,-0.0072034567151104695,-0.005106492576509152,0.008959167580456588,0.0009391376933816334
2016-12-16,0.0004728667557312531,0.00015108159364834507,-0.0008893495277671882,-0.004928546817691784
2016-12-19,2.096473702277342e-05,0.001137955922518137,-0.005228553849801708,0.004842084926436729
2016-12-20,-0.002547066579822511,-0.001919555262353095,0.00399303643553464,-0.002094319655883177
2016-12-21,0.00197513400713218,0.0006792030980393409,-0.001654421624615698,0.0025704579443607007
2016-12-22,-0.005480476496565621,-0.0023401649444701462,0.0020120702367404457,-0.00035380417475694805
2016-12-23,-0.0018058703251409615,-0.00023319044969831378,-0.002012811463879973,0.0007095524726797996
2016-12-27,0.007196809660858006,0.0019484305017435318,-0.00018976230542368613,-0.0029695631568290247
2016-12-28,-0.0005065346535856181,4.563398203564145e-05,-0.002315369022806812,0.006650285748265298
2016-12-29,0.0005782373363994829,0.001616933681855843,-0.007126581600705511,1.4669448078554652e-05
2016-12-30,0.0011424192963644243,0.0003386887741704079,-0.002088598067353412,0.004632912551102574
2017-01-03,-0.0039942462818561,-0.0006657209184892624,-0.0011539657225509389,-0.002529420930764304
2017-01-04,0.009182004705501621,0.00384416384402881,-0.0023041834776197923,-4.8837816663158356e-05
2017-01-05,0.0030684962185614155,0.003907083963343236,-0.011122414087575524,0.007118102868367557
2017-01-06,-0.0047294432733933816,-0.002723648614937422,0.005349072204424031,-0.0035926634918938887
2017-01-09,-0.0034455054991842766,0.000228447584880992,-0.004178418620000147,0.0034910755297504117
2017-01-10,0.006010223151620518,0.0014088090613500485,-0.0004673940621726017,-0.0008103158806266256
2017-01-11,0.0010531581347198527,0.000982638466426608,0.0006935670175921986,0.0021471116778869915
2017-01-12,0.00794153930710553,0.001846691359034411,-0.0017386666691044485,-0.0006204382360201386
2017-01-13,0.0008454165066503687,-0.00011602980864788744,0.002575725671928093,-0.000877818463738204
2017-01-17,0.00423210869115909,0.0028863209909798754,-0.0057223084709616704,0.004957250641870068
2017-01-18,-0.0038290412911083154,-0.002310841689166282,0.005255494757599444,-0.004609742070773633
2017-01-19,-0.0037879713616959004,-0.002262046262221167,0.003128506786018057,-0.003382031799955305
2017-01-20,0.002084564757928238,0.001326497033959634,0.0006269133718493848,-0.0013885862969159977
2017-01-23,0.003393709036952142,0.002547832827243036,-0.004015589910647389,0.00488094761619371
2017-01-24,8.49609717839101e-05,-0.0015877495267339035,0.0036039153533327906,-0.004854529115841845
2017-01-25,0.00014682682162718121,-6.945777313840973e-05,0.0015921949933091115,-0.005430235223911665
2017-01-26,-0.003741853017446048,-0.0009212696951206284,-0.0007416729534315032,0.0009848878643048033
2017-01-27,-0.0005006837595208255,0.0003113513711339479,-0.0019702475849142555,0.0022234750287973243
2017-01-30,-0.005231271514880481,-0.002458956015983822,-0.003485373926807473,-0.0007067784505709245
2017-01-31,0.0024751937305033064,0.0019781540043274843,-0.002022516647770699,0.002418198128425274
2017-02-01,0.00509930419477826,0.0020432243195377345,0.0013871948001545342,-0.0020515330035398432
2017-02-02,-0.0012148634359079836,-0.0004058425957524742,0.0010594556868752092,0.0023215501425707056
2017-02-03,-0.001412482368893587,-0.0005799859665521757,0.002226125527104333,-0.0006494964174646556
2017-02-06,-0.0013824147388885341,0.0009749761065597877,-0.004201894415268475,0.005568058028341697
2017-02-07,0.000551620345449396,0.0005001394661343305,-0.0010534701989018819,0.0014563503987870278
2017-02-08,0.002295815033380129,0.0012161387546788603,-0.0001012033392187485,0.0031955562609327927
2017-02-09,0.0009489653289946736,-0.0003809299220200292,0.0020933573310521433,-0.003409515414752592
2017-02-10,0.0015438623685542043,0.00020511279902415096,0.005766739721007969,0.001364454961471584
2017-02-13,-0.00488023906333981,-0.0016372892500926836,0.0029881542552033886,-0.0012527154959006163
2017-02-14,0.000348942503599037,-0.0006620494906506553,0.0024792654394406753,-0.00161995099887473
2017-02-15,0.003879735351210507,0.0011348218370944604,0.0016535102408963042,-0.0015996453050217208
2017-02-16,-0.0019662008464692944,0.0008703757944149537,-0.00756329625526592,0.0015955724802856524
2017-02-17,-0.002982804792253831,-0.0010941738252237551,-0.0017325442343587663,0.00239347816303669
2017-02-21,-0.002855801115917845,-1.710356746751646e-05,0.002237471800646564,0.0007092759872304293
2017-02-22,-0.002076619630621106,-0.0003260080828007992,-0.001100796054326776,0.0008960968641481754
2017-02-23,-0.00012539261515367387,0.0008556634703822377,-0.002842492735155829,0.001278108148342922
2017-02-24,-0.0017045257806295917,0.00019242795691299907,-0.0010453319092484216,0.00441408384474707
2017-02-27,-0.006117513640311101,-0.0029402173950772597,0.003607841083977758,0.00011914764554377122
2017-02-28,0.004325432334835585,0.001223948256963455,-0.0015005742006887952,-0.0006888576083700891
2017-03-01,0.0049351491434555216,2.2187356372339095e-05,0.007316070134324096,-0.004382675210611143
2017-03-02,-0.00757703859134451,-0.0038112256011719517,-0.005124537662242749,-0.0045955063204804365
2017-03-03,0.0019452470595305818,0.0015121243554071762,-0.003092431071398677,-0.0004804649916865343
2017-03-06,9.029266305070624e-05,-0.00013617945957281304,-0.0005651715004459153,-0.0001704089425168039
2017-03-07,-0.005681587900921378,-0.00258065851271425,0.0007696761551910983,-0.00037746894993493003
2017-03-08,-0.005237262335434025,-0.002785992220091476,0.0010337478406572892,-0.004384009878758894
2017-03-09,-0.005058571143037779,-0.0022844189959549286,0.00198956913838911,-0.00562729560388153
2017-03-10,0.0010958092803603494,0.0008737819608753722,-0.0011486739165203455,-0.0003411694010796838
2017-03-13,0.00293222238362775,0.00023807250786283144,0.0007405541291576601,-0.0021804026374092483
2017-03-14,-0.0027700016476391353,-0.0007450247518789908,-0.0013485411100882785,0.0019712933190746203
2017-03-15,0.006982514352550806,0.004707168962336846,-0.0044630796361119045,0.009384008572868845
2017-03-16,0.0010036109919055452,0.0007807523003691462,-0.0004789207911885284,-0.002327681441889097
2017-03-17,0.0024826487031060903,0.0009316372838231954,-0.0004204895784443149,0.0027866137259289323
2017-03-20,0.0020464110905166048,0.0009810021664678212,-0.002917545776766561,0.001928948954149369
2017-03-21,0.00027200914690042756,0.0003157694863630499,-0.004860431929145239,0.002017585509308175
2017-03-22,0.0006086041148125268,0.0007572596949214333,0.0009465505158981795,0.003088431441935709
2017-03-23,-0.0004250520192394844,-0.0008805843603130678,-0.0005339109467441972,-0.0016747813334923622
2017-03-24,-0.0024534155908661074,-0.00037026709014414966,0.0012242874168407818,0.0008642041157308338
2017-03-27,-0.0028371181899007523,-0.00019277769329948706,-0.002081629278787208,0.0003923547162640825
2017-03-28,0.0006265542294193513,-0.0006263831696803652,0.0019747676205139142,-0.0015240060107630303
2017-03-29,0.001214047467096235,0.0005613813511429885,0.0010891188664508605,0.002365104375861808
2017-03-30,-0.002444640413612235,-0.0016343046563433853,0.0013850506354260409,-0.0015032826383978917
2017-03-31,0.0004170103731346888,0.0005734851590252722,-0.00021797647404523407,0.002140541332115194
2017-04-03,-0.0029737301979841507,-0.0010289061308772348,0.00010742363136927354,0.0019490271453579916
2017-04-04,0.001185985374941548,-0.00025309244980554503,-0.0002532982644787199,0.0001517683237593892
2017-04-05,0.0013750026766032907,0.0001101346862660725,-0.0022263227993132195,-0.00031173271552260374
2017-04-06,0.0014939843855988524,0.00036702384672635473,0.00014236948017549902,0.0008929598590809579
2017-04-07,-0.0014519988927038476,-0.0012148392441087333,-0.0006546561534723903,-0.001461455481794413
2017-04-10,-7.064334373455594e-05,0.0009774719545883159,-0.001918308523053599,0.00019525249533463158
2017-04-11,0.0005071100307716209,0.0020961569131632877,-0.000635698036436479,0.004327540113404111
2017-04-12,-0.002386300802940384,-0.0008524186276024381,-0.000842088518430494,0.0006767878679415423
2017-04-13,0.0014355447116642787,0.0017833682379051123,0.0007936123720765889,0.0028923611891935033
2017-04-17,0.0006640945713501086,0.0009422220825701833,0.0005060206123488558,-0.00023308478903078086
2017-04-18,-0.0025879909615154064,0.001275313148903719,-0.0008358420820861873,0.00011626852767272175
2017-04-19,-0.004550784453617255,-0.002429073297456289,-8.625596089061155e-05,-0.00017835019324048896
2017-04-20,-0.0048241084642484024,-0.0018821633594490726,0.004489260190369532,0.001480554588255412
2017-04-21,-0.0018719190949340683,-0.00020334460923544405,-0.0005860141703102879,-0.0005971297546887408
2017-04-24,-0.0006740856817467615,4.6193182118901255e-05,-0.0009399449443413041,-0.0021181713192351924
2017-04-25,0.003963270293162394,0.000861693379960913,-0.0021898476131881044,-0.0024672697125849626
2017-04-26,-0.0004665646908116772,-0.0007003404476305041,0.002378323532719384,0.0018061677740644668
2017-04-27,-0.00018443151610861834,0.0005669016831461472,0.0016573092558441252,0.0007213577193976421
2017-04-28,0.004854073979981578,0.0016470973440734493,-0.0015167387294733913,0.0003828055202696729
2017-05-01,0.0008660020741067274,0.0005848473957239851,-0.002122744858385284,-0.0032034017874070647
2017-05-02,-0.0012070740811309663,0.000308912689126088,0.0029083783512979227,0.0018838084807930706
2017-05-03,-0.0019039102975105628,-0.0012579988588568563,0.001188704682621874,2.9949694105994775e-05
2017-05-04,-0.00834639787355149,-0.0034267549577600745,0.0029877226794446836,-0.0007079626618360366
2017-05-05,0.0024031424344483836,0.000999633440454565,-0.0022017099492847806,-0.0007636254238730418
2017-05-08,-0.001118936825882482,-0.0002762497099962174,-0.0005714196870427649,-0.0028928658049028272
2017-05-09,-0.0032622853047374516,-0.0022133936319740505,0.001140138314585829,-0.0010954259719098006
2017-05-10,0.0024008540966752165,0.0005530304238047317,-0.0036975503383061942,-0.0019448708959772477
2017-05-11,0.0010613720489454595,0.0006206836513677141,-0.0017176224516371138,-0.00023396404430426536
2017-05-12,0.0060229034464355175,0.0037084872997129735,-0.0015051482561686549,0.004280930334291335
2017-05-15,0.0013418822788948707,0.0008960584516107306,0.00103305010547866,-8.908586878140517e-05
2017-05-16,-0.001858712099111311,0.00018996312357561445,-0.0016524136339612118,0.0008188884305812089
2017-05-17,0.003111363289047786,0.0017682468649407367,-0.010235614232645041,0.0031634162411933054
2017-05-18,-0.0043088527941388685,-0.002043606477609873,0.004274168351297996,0.0003867671823335676
2017-05-19,0.007299997061120504,0.003192341082715638,-0.00047221867191762917,0.0003967113280016004
2017-05-22,0.002393495750325274,0.0012499164799761233,0.0009478790628927718,0.00019039670465804048
2017-05-23,-0.005367206488569791,-0.0026050819309366043,0.001245182923345268,-0.0011548712072572734
2017-05-24,-0.003412697491499652,-0.00047273426493941973,0.0016584977492963586,0.001407800636724266
2017-05-25,-0.0025312444795496363,-0.00040830274376160074,0.0038143124312706844,0.0019088503777450467
2017-05-26,0.0018900357151061637,4.3771507034210406e-05,-0.002197675257842199,-0.0007738382868824215
2017-05-30,-0.0019022998058774014,4.8314401987521976e-05,0.0002075105261968335,0.0013349380140856753
2017-05-31,-0.0016714422984851931,0.00019336723110855076,0.004805447570672649,0.002888149045060102
2017-06-01,-0.0028584950574057216,-0.0011985766181630217,0.004949175584108609,0.0008971971505121097
2017-06-02,0.0009148769698276866,0.0019441082982029295,0.005184021242765722,0.0024826508304013556
2017-06-05,0.00028642990917644425,0.0001431813117691797,-0.0036626917584285977,-0.0031913998648786146
2017-06-06,0.0011812013743045483,0.001015014286066153,-0.0007563672812504605,0.0018338818469241754
2017-06-07,-0.001499423787495181,-0.0007319768191662543,0.0005971346581396717,-0.0017467703119307667
2017-06-08,0.003349521479351226,0.00046355136599126896,-0.003867156828206598,-0.0021906689177250086
2017-06-09,-0.00012072118530126893,-0.0015720706735951567,-0.005672437792434788,-0.0011222566658705053
2017-06-12,-0.005638550539756748,-0.0024159811874931354,-0.0018374573826188724,-0.0008740781679658463
2017-06-13,0.001167147981660957,0.0007963916617379265,0.0013117934124865975,-0.00027803538442397577
2017-06-14,-0.00341193433017527,-0.00020166620836207307,0.00170019103393917,0.005772837238346276
2017-06-15,1.2239246943531349e-05,-0.0014240084298237986,-0.003482387582831213,-0.0027817243908491713
2017-06-16,0.0014041996789134425,0.001140138308127898,0.0008608721647368527,0.0009526553324358011
2017-06-19,-0.0047734035010715825,-0.0021801636727202534,0.0033970648449225074,-0.001311019995307237
2017-06-20,-0.00427066241134583,-0.0015769540115135431,0.0018007143927489986,0.003620134798138895
2017-06-21,-0.006294707149578308,-0.002170521755374461,0.005818046887085415,0.001084262392028016
2017-06-22,-0.005755945033393713,-0.002286976859504584,0.0022079140959564477,-0.0002545745976427745
2017-06-23,0.0058941537215610644,0.0022602701302962694,-0.003920340744689824,-0.00012077499066482983
2017-06-26,0.0029391723398823786,0.0005660583443131072,-0.0012498818208494177,0.0007276570558713027
2017-06-27,0.0028000600512474143,-0.0001833573763601754,-0.005730172543036506,-0.004404960301299285
2017-06-28,0.003321517269967818,0.0019722163468842975,0.0017367310465127616,-0.0016685710900577822
2017-06-29,0.002107274870620198,-6.42217485541255e-05,-0.0034156968833145584,-0.0026103980274028915
2017-06-30,0.00915241075471916,0.0030383010415288925,-0.0037978740476053937,-0.0026465889182705976
2017-07-03,0.003250251464633121,-0.0009229916442536566,0.0001719557525586009,-0.0020892450760018164
2017-07-05,-0.0019318729728593756,-0.0005739089105085229,0.000763968618115702,0.0009693664271203164
2017-07-06,-0.0012734611155548932,-0.0010796292904305448,-0.0029674718756645567,-0.005597514751608976
2017-07-07,-0.004318720651304275,-0.001441652700932818,0.0049535596555246334,-0.001399825072971988
2017-07-10,0.0021286400409901486,0.001657318618806917,0.0012571283851828873,0.0027937265977723254
2017-07-11,0.002289565114096829,0.001207312243744249,0.0008444477312638335,0.0009379979087357791
2017-07-12,-0.0006815107457026848,0.0009252668068830458,-0.0030062613773592555,0.0012783088394396278
2017-07-13,-0.0007310948219617567,-0.00100898170516309,-0.0051222393947906834,-0.00440702791604376
2017-07-14,0.0055522965133567356,0.0032768351184603545,-0.0004585391848050145,0.002631785826204103
2017-07-17,-0.0004174525622830272,0.00014758185397833036,-0.0009615837889253176,0.000726413972314331
2017-07-18,0.004512092942668148,0.0024231927273087057,0.0005291646886145248,0.00501629629467342
2017-07-19,0.0039915552081727515,0.0018756105822494843,-0.00042181061585764293,-0.0004037445144062511
2017-07-20,0.001165676690661451,0.0008011735043198683,0.0014354030461790378,0.0015423753366896609
2017-07-21,-0.0019904129788628987,-0.00012955590198489563,-0.0017028688401963434,0.0014854221813102363
2017-07-24,-0.004069059893845472,-0.001592854638703553,-0.0032245110894623787,-0.003355289426966703
2017-07-25,-0.0009140858714056677,-0.0018969067032696511,0.00022943067422883932,-0.006310747914262227
2017-07-26,0.004548965925774677,0.0027434547843182546,-0.0010063985581109257,0.0029432021527749266
2017-07-27,0.005598304247405013,0.0012959638226326636,-0.003207361277298303,-0.0039239370900354
2017-07-28,0.002386303142325456,0.001608594055740977,0.0008138685831156629,0.0021917618413543967
2017-07-31,0.0014381745943711519,-0.00026794179362033866,0.0031115973908518385,0.0003531805557051657
2017-08-01,-0.0047119787375472216,-0.0013049642993568076,-0.0011242154319306863,0.00350368729341714
2017-08-02,0.004945484422802907,0.001448974411779492,0.0012236219882804044,0.00036415120979367354
2017-08-03,-0.004875428289722661,-0.0013831237543303516,-0.0012694636160986118,0.003068199675459456
2017-08-04,-0.0014177193667868997,-0.0016963994280941393,-0.001567089554769373,-0.0035677635984355553
2017-08-07,0.002649781124590082,0.0009403741655373021,0.0005812861877213973,0.0011922143270240194
2017-08-08,-0.0009337515899898323,-0.0010639247990636197,-0.00027942134807504244,-0.0019795538474644257
2017-08-09,0.0026080564801151283,0.0016524164452693972,-0.0018426954159903002,0.0037055643158894072
2017-08-10,-0.00791342035092167,-0.0037188218655833196,-0.0021979685781058707,0.003961948155081777
2017-08-11,0.0022828029183050973,0.0019227176581652146,0.0006732126320609371,0.0010264052828650228
2017-08-14,-0.0026189806720019544,-0.0012308997039922175,-0.0004927969718371924,-0.0011290351418907364
2017-08-15,-0.005369101084772857,-0.003480441361784128,0.00045183601669241297,-0.002135864304288983
2017-08-16,0.0001405046095289464,0.0002759342994192543,0.006772505238847331,0.0057035028874370935
2017-08-17,-0.0006574672755768544,-0.00047462981037176704,-0.005225153551517934,-8.943819988447644e-05
2017-08-18,0.0010089140275642745,0.0008530105447663171,-0.0017081659382244042,-0.00011570222713660008
2017-08-21,-0.001378786441982168,-0.00011298600402140024,0.0019294322984562628,0.0021353870146271024
2017-08-22,-0.0007821732712796958,-0.0009140306139944591,0.0005658775289197085,-0.0008649661970320174
2017-08-23,0.0012293185521333554,0.0011397455551956602,0.0013814314738735103,0.004594887111504177
2017-08-24,0.0018454248661800862,-0.00016175704392981273,-0.0023460715512643995,-0.0027477272215316517
2017-08-25,0.0002734177939128483,0.0010254586055365366,-0.0007227901567082161,0.0007607221751208641
2017-08-28,0.0026968190521461316,0.0017431349180280667,0.002831597619388877,0.002223300358455192
2017-08-29,-0.0035635236186472388,-0.0009401896340112357,0.002882359688023272,0.002864751666599239
2017-08-30,-0.0020384916767404652,-0.0009710466060294017,-0.001477506485609142,-0.001262358503390894
2017-08-31,0.009720427429317936,0.0036932546777390467,-0.0016643315256833814,0.000627771708648912
2017-09-01,0.001978900721360514,7.425578500991353e-05,0.001395659373544169,-0.0022696748655844238
2017-09-05,0.00692437504402044,0.004169031983822858,-0.0004429591064324907,0.006437560628526331
2017-09-06,0.000996831483454937,-0.00041548382562885713,-0.0015725213969180556,-0.002790626023451287
2017-09-07,0.0005735039302726489,0.0014945385799586986,0.0060660601723563756,0.004999980353112696
2017-09-08,-6.658506149860669e-05,0.0003819083047135459,-0.00030706909927758364,-0.0010906786700963468
2017-09-11,0.0005471445449696355,-0.0014581017947650804,-0.0046803777932110545,-0.0039130986274787715
2017-09-12,0.0006621316821596723,-0.0006777601044162011,-0.0003656115636430581,-0.002719881171766859
2017-09-13,0.001959342115993649,-0.0004372851252814189,-0.004856409763235454,-0.0028978076126044945
2017-09-14,0.0003531472800169892,0.000404861508309693,0.0003069504097813501,0.00010078004287526906
2017-09-15,0.003894068950698696,0.0010348245864763787,-0.0003968253681307305,-0.0009300676384945214
2017-09-18,-0.0027617438264040508,-0.0018657966753570226,-0.0017537730127306157,-0.0034721468191718768
2017-09-19,-0.00028206047451007077,-1.7578050299432236e-05,0.0036128647658353677,-0.00017472235462322161
2017-09-20,0.006051216517859107,0.00015416960162563728,0.0026764766635983274,-0.0021894007586672516
2017-09-21,-0.005233471434460761,-0.0023031187512928012,-0.0011084322839014945,0.0013427137036170508
2017-09-22,-0.002439475779516916,9.518064700242667e-06,-0.0015964563516640685,0.0006120492619434203
2017-09-25,-0.00032227184146093414,0.0003183978636264477,-0.0032647974165273723,0.0035206029067283177
2017-09-26,-0.0031854380061448586,-0.0017588748009599888,-0.0006752645518079434,-0.0006016455982692753
2017-09-27,0.0016318492578783965,-0.000856047705873384,8.412978320187132e-05,-0.012096697734221522
2017-09-28,-0.004230590572075099,-0.0006369438629344855,-0.0006669056918925232,-0.00043537451107130386
2017-09-29,0.0010882413400036077,-5.667116613616399e-05,-4.023954500764275e-05,-0.0013317016078550057
2017-10-02,-0.001969952838678283,-0.0015022601942498001,0.0004229160998138802,-0.0013985997917489454
2017-10-03,0.0027751421910606087,0.0004425494265704481,0.004209030185044759,0.001301167576931602
2017-10-04,0.002419994501183516,0.0006788754983943229,0.0007252111221034123,-8.678261558720665e-05
2017-10-05,0.002974490470508351,-6.338073221017252e-05,0.0020287651934754484,-0.0030439934976631807
2017-10-06,-0.004756884570873417,-0.0012076342874243649,-0.0024749166036603437,-0.0036004367659368697
2017-10-10,0.005597962708888896,0.002383335947361356,2.4677581230191043e-05,0.002805423027213774
2017-10-11,0.0005373116606712692,0.00016917572591592937,0.0026625825732346023,0.0011689571204846333
2017-10-12,0.00033645007158557006,0.000701690301503969,-0.0022526482424199035,0.002472196081614004
2017-10-13,0.0036701186469578206,0.0025460814439589316,-0.0026077178447945206,0.004179341635028412
2017-10-16,-0.002252159739671304,-0.0017627413148153864,0.004372593985958532,-0.0015534375232686116
2017-10-17,-0.002871483471186931,-0.0010322280682700377,-0.000962337324074045,0.0014582934635481134
2017-10-18,-0.0006787287334299934,-0.0009532601194695234,0.0027681680528020927,-0.005820225749853129
2017-10-19,0.0028605814447430007,0.001340043944262769,-0.002578318234034593,0.0029217507246251944
2017-10-20,-0.0013937396067715232,-0.0013386941048152885,0.004525101986801282,-0.008895747789292117
2017-10-23,0.0015487033469585723,0.0005900382650463142,-0.0043886848939269545,-0.00036194059195283066
2017-10-24,0.0010209155258442163,4.3819446509531465e-05,0.0026708500926002124,-0.004914105894372257
2017-10-25,-0.0007270037330920872,-0.0013376020289895248,0.0018755766736423091,-0.0047734315958580294
2017-10-26,-0.00018311964942809104,-0.0009529599953077492,0.0030061572421406385,-0.0023183859434071493
2017-10-27,0.0018544255420060625,0.0016766395274482077,0.0006150017046899003,0.0011287936127765859
2017-10-30,0.002216017743837414,0.0015797921792042556,-0.00352971039505096,0.00876038017316141
2017-10-31,0.00024508590039999206,-2.5086928286380296e-05,0.006099369202007828,0.002250156708486318
2017-11-01,0.001667981247487238,0.00010791667687390144,0.002997839874978514,0.0017979280588194867
2017-11-02,0.00043297468665901934,0.0007962787214703155,-0.00496391496474564,0.002085541857097162
2017-11-03,0.0003016512399818668,-0.0005353596297805545,0.004446723332543561,0.002125125858660817
2017-11-06,0.00930113640893302,0.0033544304713774863,-0.0005679888776558467,0.0041701334628269
2017-11-07,-0.0016825498765436152,-0.0003678881094100516,0.0007397670700561985,0.0026832230809812965
2017-11-08,0.0013077407954842394,0.000466786919449853,-0.0006813323285058138,-0.004526979326012404
2017-11-09,-0.0012831969040619376,-0.00043557891271306674,-0.0029202537567809233,-0.0032092113555175945
2017-11-13,-0.0022407616287885347,-0.0012924043903581092,0.0005841517120117936,0.0007080559106827033
2017-11-14,-0.006497464444741164,-0.0009977326774908391,-0.004432866350688506,0.0040285968212750885
2017-11-15,-0.0011201741572936666,-3.91870806957328e-05,-0.00232600074589253,0.009459205711964147
2017-11-16,-0.00036213705907900406,0.0002893645285300123,0.004119274586359583,-0.004697371903641348
2017-11-17,0.003557081917819671,0.001244680025322124,-0.0017442231713508598,0.002549520619197914
2017-11-20,-0.00407364855624569,-0.002127075285979643,0.0009097639675346279,-0.0023152539958808524
2017-11-21,0.0019220397977467143,0.0009280772436312327,0.0037467090467056207,0.002934829855987125
2017-11-22,0.005559227611279564,0.0029673223125679426,-0.0031766369238079924,0.0050831841781303075
2017-11-24,0.0001299431012903455,-0.00025689068896372474,0.004917305738906327,-0.0009523678683707802
2017-11-27,-0.000103775375038447,1.6674452020374466e-05,-0.0016932482151164898,0.0015265388344400397
2017-11-28,0.0006094574660601038,0.0002443534752725518,0.0005282768377039538,-0.0018290427208501802
2017-11-29,1.8120925545347018e-05,-0.0007005576766309587,-0.003382531383034474,-0.008078680474809983
2017-11-30,-0.005083568667538674,-0.0018224828312388749,0.005641834879119386,-0.0039028845827842715
2017-12-01,0.004255568725909831,0.0013060365686363106,-0.0019021697193429608,0.011879974567825446
2017-12-04,-0.005614502063510599,-0.0025959565292359237,-0.0006237685205550095,-0.0004429999629252633
2017-12-05,-0.004799035425163756,-0.0014588234646375048,0.00125550744138257,0.0053340824440511435
2017-12-06,-0.0075282108579330705,-0.0018445006219257097,-0.0025184881153649933,0.003400138854486681
2017-12-07,-0.005164004783075686,-0.0015359088520114712,0.006550908324497052,-0.008137681281839754
2017-12-08,0.0007934291581919235,0.00030467738462181925,0.002295135694330353,-0.0008868426683316581
2017-12-11,-0.00024617527089739746,-0.0004009289350099829,0.004297269743403098,0.0015274575319817526
2017-12-12,-0.0055619359156174365,-0.002011099830508653,0.0024783287852039944,-0.003530259529644163
2017-12-13,0.003544558171171976,0.0027485894698156964,-0.006946528463533301,0.008439544489225521
2017-12-14,0.0007978812759344013,-2.4128069866357786e-05,-0.00017338951299413464,0.002638838147081088
2017-12-15,0.000700491143686303,-0.00019170924839888905,0.005543928027523644,0.001307352454349145
2017-12-18,0.002804093078692562,0.0008448855162919364,-0.00046589002867728017,-0.010159003926520143
2017-12-19,-0.0009282551120701236,-0.0016759945165546397,0.0002843924070465615,-0.013560385760527687
2017-12-20,0.000968547315982952,-0.00016987171600108504,0.0010023326959417483,-0.0072417470801711716
2017-12-21,0.0007050366044398644,0.00037943340586958196,0.002887805021337168,0.006012490441819263
2017-12-22,-0.0004783985603669549,-0.00034919037131054555,0.0015840437604952439,-0.0012522311897719463
2017-12-26,0.005911537393874753,0.002178476695852948,-0.0017331879757259468,0.0056317220064898785
2017-12-27,0.00502015968847715,0.0018767971288733362,-0.001999345070553799,0.011000065168631471
2017-12-28,0.004342905965982307,0.0006702725699039676,-0.00041782103738020567,-0.0016450535235277902
2017-12-29,0.0028685125491144086,0.0016490506319589494,-0.0025867468499644083,0.002872521810070218
2018-01-02,0.006872594726714105,0.0015415553003206583,0.0021973535622686557,-0.011907020635438815
2018-01-03,0.0020823033941180344,0.0012287270634520507,0.0033886855798220743,0.004075447970217136
2018-01-04,0.001460074570436154,0.0003078783682695863,0.008965208326010493,0.0016132892520841157
2018-01-05,-0.005159288432159778,-0.0010603106445448965,0.0008738716174779044,-0.004362062989560294
2018-01-08,-0.00043893728627841805,-0.000751458132128712,0.0018440750237594223,-0.0017817266000734059
2018-01-09,-0.00013899613117945495,-0.0005294447138856511,0.00027524266363313426,-0.014323697679390237
2018-01-10,0.000392308847738021,0.00016531981366263616,0.0006742412493807844,-0.0016328876858301385
2018-01-11,0.00032617549517762005,0.0010387671584514463,0.004808974955080587,0.004739417835040303
2018-01-12,0.002552163103313617,0.0011700048645394072,0.007490058646994075,0.0015920800404386206
2018-01-16,-0.0008967813060513458,0.00025768731437577556,-0.00018459375311524255,0.0025408423407973636
2018-01-17,0.003977630413671025,0.0010394390595119146,0.00553996153673201,-0.005217660188151017
2018-01-18,0.00015179688743318637,-0.0010616365634231865,0.0005848909936835355,-0.006977739310070674
2018-01-19,-0.0015910367766610515,-0.00028042229365847493,0.0018858432465882183,-0.004209677604091349
2018-01-22,0.0029669847641244527,0.000808963886468005,0.0062903550691239775,-0.002312298626775869
2018-01-23,0.001543290862781658,0.0014245099615323414,-0.0010943860861785675,0.004449378182065322
2018-01-24,0.007432178077910084,0.0027464551062892843,0.006327638652315162,-0.005149733406855907
2018-01-25,-0.0013267062397438615,-0.00040770119900335135,-0.004355569676172998,0.00876878813500053
2018-01-26,0.004384487537108305,0.0013040249238553269,0.007626464952973023,-0.0069992059595848765
2018-01-29,-0.002665059471891877,-0.001745667535483042,-0.006848643690549521,-0.00786543238461674
2018-01-30,-0.0035332214659643912,-0.001309098610444285,-0.005304951484866539,-0.007543277487839289
2018-01-31,-0.003752036767095099,-0.001064920961852521,0.001446147743240682,0.0038816673275666137
2018-02-01,0.0012125233481379396,-0.00031556569343285255,0.005114278162652249,-0.010282084006025155
2018-02-02,-0.005562125028764687,-0.004371987343626838,-0.008771162447441005,-0.017965337598723805
2018-02-05,-0.010690194709508938,-0.004290640368224627,-0.024492795504163122,0.00798508088702536
2018-02-06,0.00310257658004874,0.0026037762459348458,-0.00216267716924624,0.0014524839957545566
2018-02-07,-0.008457303987890642,-0.004136090078619398,-0.0013278514401535648,-0.011847729288928953
2018-02-08,-0.0053014502428567626,-0.0021692873458295744,-0.0023883845870938977,-0.00444241702924473
2018-02-09,-0.005532692321929907,-0.0009806305229605337,-0.004625697793726465,0.00039461755461973837
2018-02-12,0.005053686493631855,0.0020573143141222948,0.0029933610808009297,0.00035283041263903226
2018-02-13,0.001655523600265785,0.0005467065792694297,0.0029666598686012725,0.004313254162248308
2018-02-14,0.007791121947887173,0.0017543139591073514,0.010289896614849404,-0.009045818244193472
2018-02-15,0.0035659253883374054,0.0019952633773637585,0.0037251468226518676,0.0066074852790334836
2018-02-16,-0.0012900961858391066,-0.0008549773538284588,-0.000259676605748808,0.0010079053977156078
2018-02-20,-0.0014134327169199338,-0.001739160231493306,-0.0026757069820194674,-0.00324099616526532
2018-02-21,-0.0012311491034990559,-0.0012520108354160532,0.0002661542325560047,-0.009033721326876118
2018-02-22,0.003722299091890983,0.001956177001361868,-0.0011537708948347384,0.0038957582341415152
2018-02-23,0.0035033715250361946,0.002156856817945321,-0.00017737869818166535,0.007756027707316693
2018-02-26,0.0028688015469462303,0.00174828309977387,-0.00041933784162367026,0.00012605551551107905
2018-02-27,-0.005075823976776204,-0.003381527195108545,0.0025142708478225217,-0.005007246159671726
2018-02-28,-0.0026045802009441923,-0.000349061229128816,-0.003801205033080921,0.007061779221415594
2018-03-01,-0.0007949036046539366,0.0011853096450475495,-0.006217494888494544,0.009318349178016081
2018-03-02,-0.00019865256032237642,-0.000378329549684424,0.006074984656901499,-0.00495240641026317
2018-03-05,0.00697829217426781,0.0021661848783031974,0.005325011413456012,-0.002480610531462868
2018-03-06,0.0017871431606771963,0.0010782728940287047,-0.001690980432235531,-0.0006528533138937611
2018-03-07,-0.007966735891312656,-0.0026004168933937443,0.0005021796703063877,-1.999189429595415e-06
2018-03-08,-0.000423936809893573,-0.00016429293516008413,0.0009860627395123494,0.004188569556405067
2018-03-09,0.001470206906552548,5.316012870002889e-05,0.00011885390392399447,-0.00467061906744275
2018-03-12,-0.0008682223435320139,0.00041318290428898647,0.0008145485208611937,0.0055416966056786345
2018-03-13,0.0005543885622389793,0.0003842229695966387,-0.002752266658888555,0.0015261055641217402
2018-03-14,-0.0003536842014800831,-7.452759533707758e-05,-0.001955247277806665,0.0051470523647984615
2018-03-15,-0.002650811178952521,-0.0015345988426983155,-0.00018706427297177387,0.0001713453639329706
2018-03-16,-0.002981974620082337,-0.001621990756698732,0.0016055264931793627,-0.0011402613516008895
2018-03-19,-0.006578674959903202,-0.002197099272170507,-0.004092739058221615,-0.0007922770582081877
2018-03-20,0.00017490829772365298,-0.0010399137111141896,0.005273839534753122,-0.004408869885987197
2018-03-21,0.00430507245996042,0.0018145806951644172,0.0015909113083713072,-0.0032998611779007786
2018-03-22,-0.004241650256783703,-0.0006342367263749325,-0.0048317900674776145,0.010589491683900634
2018-03-23,-0.0015517274366036846,0.00024411216365434262,0.005265407333130621,0.0039006022308501072
2018-03-26,0.0033970196055427356,0.0009028614872588413,0.0011576882712664126,-0.0005617947589948811
2018-03-27,-0.0022951083737333456,-0.0006546219065569338,-0.0081995170693519,0.004433883430425872
2018-03-28,-0.001492862155096061,-0.0015606061033993472,-0.004578449875695001,-0.0019353150955561346
2018-03-29,0.004117744184983281,0.00266737014391678,-0.0009535759757438718,0.005996706902469476
2018-04-02,-0.005687292479290126,-0.0013035081010086718,2.0321271991012653e-05,0.0014993554388421986
2018-04-03,-0.000833952202753793,-0.0009297504622982302,0.0020635225589471216,-0.008140679990088412
2018-04-04,-0.0007364000861187353,-0.0005576686226735475,-0.0035654531968224105,-0.002857048831264617
2018-04-05,0.004884326807022715,0.0008950012163120376,0.0007970649885844022,-0.006365916322866623
2018-04-06,-0.0027387716949292423,-0.0001557104315616115,-0.003668925045255273,0.008900187287110896
2018-04-09,0.009027465695132336,0.0026767457616211406,0.0001366370251014757,-0.00029360423222771985
2018-04-10,0.0036473287206873384,0.001062342802476623,0.003113431183449825,-0.0012203824376906067
2018-04-11,0.0024806218171123935,0.0005707261640043104,0.0009842271332841308,0.002115373777539594
2018-04-12,0.0016931885706926572,-0.00043550561246620903,0.0018576127984338095,-0.006028874479525425
2018-04-13,-0.0003381921798752337,-0.0001533191740483528,-0.00021074645314217208,0.000448919512672031
2018-04-16,0.002049046872206784,-0.00024745812760017315,0.002736259638119708,0.0014088748609260846
2018-04-17,-5.021616029771541e-05,7.73690655069065e-05,0.0010795107410489298,0.004811083008241838
2018-04-18,0.008779824570935922,0.0013133862696761767,0.005703937868375856,-0.008440744451271933
2018-04-19,-0.00466827662756008,-0.0021384575408417974,0.0008643762226794493,-0.008876311089497648
2018-04-20,-0.002590919334612614,-0.0021776870779359756,-0.0010211668266972137,-0.006215669030453458
2018-04-23,-0.0059469849098402194,-0.0021292042994894133,-0.0012652692649986277,-0.0023342600759171384
2018-04-24,-0.001576672842558853,-9.115047979671063e-05,-0.00220906759501928,-0.0036538875697934604
2018-04-25,0.0017284107068894499,-0.0002951307388191186,0.005703965761545502,-0.004591403637312992
2018-04-26,0.003640316608069716,0.001083544756938824,-0.0008914681278252023,0.005056951813527281
2018-04-27,0.0014540304903646365,0.0013462583146819948,-0.0016285668139481956,0.00518058168162393
2018-04-30,0.001123170865624586,8.227180654951107e-05,0.002149616339907686,0.005849934520452504
2018-05-01,0.0015575350091437397,-0.0006557780801427213,0.006948959169611351,-0.0045644096002797506
2018-05-02,-0.0009465214588361439,-0.00017770749315583587,-0.0023412886624569313,0.00040869597565794
2018-05-03,0.0016351766411663992,0.0015339566818869613,-0.0018395111780969498,0.002323293244743895
2018-05-04,0.002773340492461833,0.0001127420331778119,0.003172488948771274,0.0019663493995403783
2018-05-07,-0.0009739432065912663,-0.0008178363151850915,0.001937205411276325,-6.168581258548373e-05
2018-05-08,-0.0022187018441618116,-0.001321285426153087,0.00025094133641425894,-0.0024281812078770343
2018-05-09,0.0026573240774790583,0.00034887608477955385,0.006390945488035387,-0.004840211815737652
2018-05-10,0.0033943101387152543,0.0017926795251803468,-0.0034059569274288944,0.00329902773561623
2018-05-11,-0.0014971134614874947,-0.0004977268266223756,-0.0005008357083641006,-0.0006297475013304088
2018-05-14,0.001992765905594389,1.7212163066455762e-05,0.0038152651462700555,-0.0028186504203154264
2018-05-15,-0.0046173072555483466,-0.003325236677712774,0.008502972937410251,-0.013997866316511834
2018-05-16,0.0006338438596602877,-0.00019245558375175273,0.0030864078218534033,-0.0001415879923343114
2018-05-17,0.00046294543121720965,5.054541606885926e-05,-0.0012953194876522964,-0.004866012543274124
2018-05-18,0.0004466333223781385,0.0010528638925895604,-0.0024512470743606745,0.006743142008287248
2018-05-21,0.005415185283423705,0.0016908802052256228,-0.0029345912435404966,-0.0007464072738770347
2018-05-22,0.0020374991734598744,0.0004837470132765829,-0.0011009843921522726,-0.0004485825847973772
2018-05-23,0.002412331806530906,0.0016099599362912628,-0.005120200268263759,0.008050076898757292
2018-05-24,0.001723449180030497,0.0012238712920686426,-0.004538295501948831,0.003305548126593573
2018-05-25,-0.0022998191534502927,-0.00010799086646173836,-0.0038624038239711096,0.006716312527827669
2018-05-29,-0.001441417229091032,0.002320932596386008,-0.012093573845888423,0.020638616896259156
2018-05-30,0.0025492217053770436,8.823288071766876e-05,-0.000252547427785307,-0.005937351179665731
2018-05-31,-3.383091836678088e-05,-0.00013313424612461047,-5.6920851721520586e-05,0.0026629467158179173
2018-06-01,-0.00040081830825660866,-0.0015493077681040298,0.0036411631627629513,-0.005606790382573189
2018-06-04,-0.006995426813154484,-0.003694219933139821,0.0009641751233595039,-0.0024576612846367637
2018-06-05,-0.0008735745784633918,0.0001799230615408605,-0.0019034398487115483,0.00039631530690888226
2018-06-06,0.003357091090854092,0.00020986422671304532,0.0029826612282497253,-0.004756060409658086
2018-06-07,-0.00013413108982996276,0.0006058118276994942,0.002914048310288985,0.005332602456663236
2018-06-08,-0.00020179425164439004,3.720351986826037e-05,-0.004158913040719004,-0.002139026713808659
2018-06-11,-0.001873099944090765,-0.0016552959249011613,0.0028742930259020943,-0.0015955509548042062
2018-06-12,0.002768873125931266,0.0005947429145755872,0.002284765000772454,0.0008588867569546295
2018-06-13,-0.0015086156807435015,-0.0012054724926607505,0.0022333863636001686,-0.0012397979180330013
2018-06-14,-0.0035014937747193785,-0.0016699267147567889,0.0028622410070154175,0.0038979335912602614
2018-06-15,-0.006342405307534554,-0.002718153140398154,-0.0020497322600246375,0.000909836161888561
2018-06-18,-0.001764666109104963,-0.0009678174983381332,0.0007052341863851982,-0.00040946163428243513
2018-06-19,-0.009402347190142412,-0.0034327884019341726,-5.001581924984899e-06,0.0032563401650629546
2018-06-20,0.0020158614439989815,0.00018918246499169362,-0.0004687364281422475,-0.004228151164254168
2018-06-21,-0.0019953839732948886,-0.0001329171788968926,-0.003891781408687528,0.0018351866669993494
2018-06-22,0.006841982463499471,0.002819839477776362,-0.0001213914634692272,0.0005595122874812704
2018-06-25,-0.007966363597164107,-0.0027328103837650653,0.0001026211457190523,0.0021682758096473837
2018-06-26,0.0013934776129800237,-6.941991467268423e-05,0.0037028611218563644,0.00020059495736109026
2018-06-27,9.555694680879054e-05,1.965554937409907e-05,0.002909449519022505,0.006316968669642976
2018-06-28,-0.001444102800997442,-0.0012745705205295646,0.0038846897062725294,-0.0011020033005375615
2018-06-29,0.0057325489335754215,0.002785830200573289,-0.0028940728291119828,0.00023490872110299116
2018-07-02,-0.01062005454312029,-0.00491913619438516,0.010389627316739472,0.0014848764479565599
2018-07-03,0.001715897525771181,0.0016729097494982523,-0.00322309534734066,0.0027993862345912905
2018-07-05,0.00012170522922452193,-0.00044160020151820664,0.0008318569963489899,0.001585027361064899
2018-07-06,0.006797060694731359,0.004070563889744388,-0.008187356967768216,-0.0006638502973581703
2018-07-09,-0.001429836324853844,-0.0012362034844814215,0.0035465014668113613,-0.0026325788536846312
2018-07-10,-0.002849367795886327,-0.0011902317739312651,0.00438523628186363,0.00031659122234756676
2018-07-11,-0.015220218637548211,-0.005780792077372767,0.0047828447095373035,0.0022783904547104693
2018-07-12,0.005710420949996618,0.0019080284000562112,0.0017484400983055876,-4.403266233626174e-05
2018-07-13,-0.00045664496520383437,-4.2900797597536275e-05,0.0022466828703380684,0.002765553331927107
2018-07-16,-0.004529158289938886,-0.0018160575323472447,-0.0012416576387403076,-0.004248832622913712
2018-07-17,-0.0007323042900066252,-0.0008480233149485097,0.006128609833865417,0.0003050133908105593
2018-07-18,-0.000368814344908464,-0.00011763013078083584,0.001623108412277737,-0.0012592105643938305
2018-07-19,-0.002024362751715396,-0.0001703636975402416,-0.0004891148996634697,0.0026965275379180332
2018-07-20,0.003014925423271552,0.001223262004647746,-0.008938528821977485,-0.007438258136810047
2018-07-23,-0.001271585255270036,-0.0021535421480940254,0.002886682973821106,-0.007766416669361507
2018-07-24,0.0009568114202026927,0.0005939260763165059,-0.0025432741189368503,0.001342805441343508
2018-07-25,0.00695852545595277,0.003189482999799468,-0.001244115309481228,0.0026807985872622526
2018-07-26,-0.002362023049413421,-0.0024222682245125626,0.005639764942231844,-0.003589517786737972
2018-07-27,-0.0029904993690109804,-0.0003818024508889471,-0.0025912289618967715,0.0002601146097363767
2018-07-30,0.0042125711399133015,0.0013148451214963005,-0.0006260009781421926,-0.0007573458163595381
2018-07-31,-0.0010233702090594716,4.922711589292486e-05,4.936699612399405e-05,0.0010419579914784274
2018-08-01,-0.006380397085539116,-0.0028182798114485355,0.006434339786058659,-0.0037381188372829603
2018-08-02,-0.00016497609393373346,-0.000418880746337998,0.004432648276894654,0.002711730334850157
2018-08-03,0.00329659576679185,0.002209675812046953,-0.005084061499851805,0.0029084916245546793
2018-08-06,0.0014792019729073986,-0.00011415664176342088,0.001434781195935643,0.002659405114766395
2018-08-07,-0.00023020474550294558,-0.00042706803222410084,-0.0008498554542148147,-0.004819847566325206
2018-08-08,-0.0020629124712728975,-0.0008613404080573114,-0.0009793405707518089,0.00027936882655493425
2018-08-09,-0.0003311077146004136,2.7364519392793468e-05,0.00016697968849769008,0.003191993713020946
2018-08-10,-0.007438717739960745,-0.0027160639794085485,0.0031894458795586637,0.009567660666787173
2018-08-13,-0.004601294307297463,-0.002524102748253513,0.0021113717217515807,-0.001894175328514939
2018-08-14,0.0005825238987876342,-2.8778675226015646e-05,0.0032984785118923376,-0.0019384212034008299
2018-08-15,-0.010807253938323103,-0.00272330504756351,0.00553629187560956,0.005675529192378046
2018-08-16,0.008692626072616168,0.0020097578256100188,-0.005909451363261476,-0.002859654705555719
2018-08-17,0.0026647998466605067,0.0016743875716485018,-0.000602420987390459,0.0010545933970523057
2018-08-20,-0.0016984157043435154,0.00048478748670444463,-0.0028380639206777385,0.00489580229194979
2018-08-21,0.0021397654381302283,0.000830949103036168,-0.005036976687154583,-0.00418424204200374
2018-08-22,-0.0014722495256113215,-0.0006341734523277731,0.0018624834581271808,0.0021443211056429994
2018-08-23,-0.0035122996178887267,-0.0026438963549984995,0.00613205058385889,0.0005492068513758462
2018-08-24,0.005610860690021611,0.0024697968038288128,-0.006450684758807386,-0.0012584739398716208
2018-08-27,0.005226119228684924,0.0019350272042442864,-0.003157697627565979,-0.003592494696337191
2018-08-28,-0.006074259384012232,-0.003002141973090443,0.005874116463129004,-0.0031626083174957657
2018-08-29,0.004360462270747072,0.0012831335171487935,0.003379217236352366,0.0018775773901332825
2018-08-30,-0.003885433507842721,-0.0006835962278301279,-0.0006339537101015302,0.0018020966075846508
2018-08-31,0.0027857967435230345,0.0006296628536704024,-0.001204927556211241,-0.0005807678275019693
2018-09-04,-0.003728393909737527,-0.0023246922571906123,0.003729319191077146,-0.005866474944458256
2018-09-05,-0.002715578502506937,-0.0007715725475441935,-0.003085958878195849,-0.0008243870229391215
2018-09-06,-0.001697497612575902,7.375860424296824e-05,-0.002664958849484521,0.0027001335927967106
2018-09-07,0.0017208155750446865,-0.001705324137557797,0.0032870467352944456,-0.005989505812813638
2018-09-10,0.004293170067673695,0.001831847518034837,-0.00036504084955683565,0.0014418970402440617
2018-09-11,-0.0036937708918703374,-0.001413491439801348,0.007223483137502515,-0.004178779308140061
2018-09-12,0.0038059205426562814,0.001471894314685814,-0.00469329393377491,0.0018881832840366324
2018-09-13,-0.0023322402298357144,-0.0008201182336413872,0.0017125714753737256,-0.00029168573829371845
2018-09-14,-0.0023546526048594503,-0.0017454274734783925,0.0057463765483152665,-0.0036900307471417607
2018-09-17,-0.0036126925306494643,-0.0011626695138464795,-0.001016249441944158,-0.001129187265815704
2018-09-18,-2.383482328099648e-05,-0.0010716546870367166,0.006400206159535012,-0.006105717758057502
2018-09-19,0.001608544742097106,0.0007553970678214929,-0.000899856238597291,-0.004661770673212354
2018-09-20,0.005078643419531846,0.0028736556909862523,-0.00577892776992573,0.0011217643609586756
2018-09-21,0.0011707316092743772,-0.00027454654548013293,-0.0013666914054795303,-0.00046286828776165263
2018-09-24,0.0006825611365672275,0.00023683656380596517,0.0022548626797997016,9.967624505524903e-05
2018-09-25,0.0015124721769100504,0.000555150685114156,0.0023907525553927803,-0.0020887664068179696
2018-09-26,-0.0034260101845189675,-0.0003806930403404946,-0.000808321863256028,0.004671551145946936
2018-09-27,-0.0012153280373700677,-0.0009775717886822085,0.004275361261675924,0.0006395750600484492
2018-09-28,0.003058752560312202,0.0006371900000025444,-0.0015893089490258887,-0.001379076550746629
2018-10-01,0.005490026491018456,0.0015041950252548575,0.00448920420752986,-0.0013368051962407202
2018-10-02,0.00782804128530938,0.0025647641191834224,-0.008349335448844013,0.0010943455645769234
2018-10-03,-0.0017004828470880556,-0.0025582373527703677,0.01105450213034026,-0.0115753611322503
2018-10-04,-0.006846714855121053,-0.0031095924147090523,-0.002520131776705241,-0.00527899672376045
2018-10-05,0.001521660976135119,0.00014994461221418923,-0.0017054994562395653,-0.004341411698915831
2018-10-09,-0.0016049792193327222,-0.0003006261713195866,-0.0005868469306947482,0.004846168531448924
2018-10-10,-0.009108818937022204,-0.004325274056280509,-0.004615437086792086,-0.0032979240291036663
2018-10-11,-9.014609816009537e-06,0.0016679817822682244,-0.015394192209566246,0.007236771690834643
2018-10-12,0.006728468693508475,0.0016917591766332323,-0.004228494717330456,-0.003015254060721268
2018-10-15,0.005922059462367646,0.001526555140789632,-0.0003001908771883406,-0.003423380613806292
2018-10-16,0.0018169416355931973,0.0013926027001245035,-0.0018296270954720516,0.002205836206526069
2018-10-17,-0.0019522022413533601,-0.0014266104321944673,0.0035759467141367593,-0.002560847439729742
2018-10-18,-0.009696168302080947,-0.00360094252806876,0.0022233707290600893,-0.0007040054782101845
2018-10-19,-0.0004389976678650121,-0.0005090411119341134,0.0037374365675288267,-0.0012933645293549143
2018-10-22,7.489265776357631e-05,-0.0006705217026222006,-0.0007831293816889199,-0.00036562603631989726
2018-10-23,-0.0013495579171177686,2.6000236869072223e-05,-0.0032673579190813703,0.0019461923957172064
2018-10-24,-0.004905841893089143,-0.002624554990431461,0.002392122175668004,0.0037662637954234217
2018-10-25,-0.0006258477643175189,-0.0007149456124758273,0.0010187402553417139,-0.0005446955759466439
2018-10-26,0.0022137789242708257,0.0017735949738022607,-0.006355705524804438,0.004331655666504321
2018-10-29,-0.007890355338665138,-0.003581161807895014,0.005083075917527592,-0.0012853859482596468
2018-10-30,-0.0029315386700149836,-0.001422088298887566,0.001013037129513304,-0.002694393234486756
2018-10-31,-0.0009877041901366738,-0.0009353191462376726,0.0022993941621883276,-0.004838586609875834
2018-11-01,0.007697997313615946,0.0047469622360422565,-0.01340035578116905,0.0012228624135783301
2018-11-02,0.0011960785450892033,-0.0016806044199273544,0.005694372445159953,-0.007582943819873579
2018-11-05,-7.205289720760462e-05,0.0007777401545904308,0.00033031143924796836,0.00333419629714704
2018-11-06,-0.004695091956614157,-0.0014778308294342967,0.002538623773764348,-0.0007798805078865242
2018-11-07,0.006381307534117416,0.0027500192344149794,-0.005127184557948997,9.221227617363251e-05
2018-11-08,-0.004080614958044299,-0.003227332104855675,0.004752256917108178,-0.0019811770614855404
2018-11-09,-0.005029694880492663,-0.0016595781558728726,0.0026916609376827216,0.004963214264458826
2018-11-13,-0.002989131261030761,-0.0007818384785257463,0.005831199343208875,0.003897169838821863
2018-11-14,0.006517253036423155,0.002660612547439187,0.0006139363433601809,0.0053642313032026155
2018-11-15,-0.0036167969176769408,-0.00020803939740149532,-0.00509168761562985,-0.0041717182606128955
2018-11-16,0.006676652283129869,0.002534511426174709,-0.005300750466020296,0.005585804884745857
2018-11-19,0.0021899725044997645,0.0002736192590478655,0.0007146245987318638,0.00169374124419706
2018-11-20,-0.012685497909377478,-0.0050648848972366526,0.008370042040880713,0.000540579356408841
2018-11-21,0.004361009439319926,0.001599673741429655,-0.003779852179650383,-0.00046814754560261986
2018-11-23,-0.009326973902981366,-0.0031950176602014127,0.0068251474897669155,0.0006054721524507761
2018-11-26,8.076784650878427e-05,-0.0003379583696978663,0.00023937205545806654,-0.0009594837899891696
2018-11-27,-0.0010872307166914345,-0.00020301915226130773,0.00014692358019606546,0.0007651115533804163
2018-11-28,0.009803924319756166,0.00444794332693279,-0.0071806339353636004,0.0019067467720106025
2018-11-29,0.0030349927060337937,0.0006411965717842097,-0.002317483297040708,0.0006483904691487988
2018-11-30,0.0006446986686423767,-0.00015062815633735556,-0.0005431957103294309,0.0022768374077880168
2018-12-03,0.005020876387442467,0.0023156268050028845,-0.005837106429481362,0.0037388824298799335
2018-12-04,-0.0007628202432907303,0.00033442223591784875,-0.004036117318651324,0.00799529572187224
2018-12-05,-0.0018903805457259216,-0.0005593310793257375,0.0021595784724309287,-0.0016179394022422825
2018-12-06,-0.0060999127808588445,-0.004449779157298678,-0.000713414750727807,0.0044225164928231395
2018-12-07,0.00666890245281497,0.005853888283842033,-0.002939071012436192,0.0016127809332086866
2018-12-10,-0.005904321686296783,-0.0065694096453665545,0.0050721943936832235,0.000645769974945693
2018-12-11,-0.0028476394795700732,-0.001787985214788117,0.0002513942067085923,-0.002028492218592415
2018-12-12,0.0009965644543590496,0.0027994956141346007,-0.003419209060017041,-0.003084840288569906
2018-12-13,0.0018813725996238938,0.0013924209636266107,-0.0020713516318180817,-0.0013640687802104756
2018-12-14,-0.008950806193508324,-0.006656037528694798,0.0031680979191727365,0.00021774097327158085
2018-12-17,-0.007013808550164663,-0.0027009869356052975,0.0011858732008794043,0.002216541937599836
2018-12-18,-0.0025358596607409152,-0.0027360734865959037,0.004989263598369281,0.004035636106914495
2018-12-19,-0.00047985705498863423,-0.00023970361024979863,0.0009316572594422622,0.0039769365552628985
2018-12-20,-0.0073753420520296506,-0.002949845772142011,0.003192737702423241,-0.0008392163662968837
2018-12-21,-0.007438983511135111,-0.007345382289938146,0.00890902487431164,7.013440000312981e-05
2018-12-24,-0.008046039503101248,-0.0020433673986137487,0.005737376909423899,0.0029084735721959265
2018-12-26,0.012674802942042993,0.0039845676754818905,-0.011646326400375115,-0.0036544765711823616
2018-12-27,-0.0028043777550665933,-0.0018915754919128901,0.005325578737429309,0.004671607329225381
2018-12-28,0.001186942404040725,0.002790664489850753,-0.002497405258820715,-0.00039356866041579953
2018-12-31,-0.004039227008132884,-0.001177308526772302,0.00012547891017952855,0.0012703571952513925
2019-01-02,-0.002019612394968014,-0.0022286641108678652,0.004839727608613204,0.0031377546838118006
2019-01-03,0.001625015419102971,0.003313576905727519,0.006000616551206351,0.0052726241905085335
2019-01-04,0.00805077854252636,0.004869265457959384,-0.01624352191867585,-0.004187854025272184
2019-01-07,0.004303915874884101,0.004155673897208591,-0.005327312491173868,-0.0017129618005723923
2019-01-08,0.0014661381292979262,-0.0004958309279328979,-0.002541547683185187,-0.0003456363580595591
2019-01-09,0.006474469152075539,0.0065969815132677625,-0.005365333199356522,-0.0018308503613911982
2019-01-10,-0.0033037325574499787,-0.004793880403898731,0.0009670962475981069,-5.055839944630733e-05
2019-01-11,0.0007543431612511512,0.0006604326659065214,0.0017993144676006153,0.001216383372050326
2019-01-14,-0.00040468431146919076,-0.0007083523759605114,0.0029246446061697135,0.0007121939787634601
2019-01-15,0.0015156510398236253,-0.0007996849694130081,-0.0033832190427150305,-0.0007028380287820716
2019-01-16,0.0013141573627130309,0.0019811840216981437,-0.0032850239121162573,-0.0022621581515200532
2019-01-17,0.0011050180381124042,0.0014473074195005039,-0.0032732746543437173,-0.002489711353216976
2019-01-18,0.005462636683092548,0.000993991078425975,-0.00480011023707626,-0.002761546766281521
2019-01-22,-0.008017767885545502,-0.005236664328831182,0.003155663119711698,0.003282993794611966
2019-01-23,0.0010925438007571768,0.0024485119923607123,-0.0022133536850126785,-0.0024205217550950747
2019-01-24,0.0009817169310333347,-0.0017052987129952675,0.0011613179664904934,0.0038700234660800207
2019-01-25,0.0053126244264511515,0.006555695910580241,-0.0032337800864949483,-0.003036413977836391
2019-01-28,-0.006374241073386107,-0.001590202896447932,0.002778680165127149,0.0005210831894070393
2019-01-29,0.0005866209178237769,-0.0007260177238923387,0.0004233176504854313,0.0018159506100918405
2019-01-30,0.0033132328155102623,0.0033297186182625806,-0.0020810058125873563,-0.0002297924944196332
2019-01-31,0.0005507158692822182,-0.0007707463451145596,0.0009115574792636432,0.0036430113629980073
2019-02-01,-0.001397730795393822,-0.001403419634722795,-0.0034765255874956214,-0.004259020022971084
2019-02-04,0.002041771286363096,-0.00010176795762313151,-0.001493843670516776,-0.001650597955927169
2019-02-05,-0.0009941303036791452,-0.0006370977486124316,0.00033260072559979277,0.0011955512209642642
2019-02-06,2.13401081097205e-05,-0.0006983006620217614,-0.0001630430014148234,-5.425486535342046e-05
2019-02-07,-0.009065474615549018,-0.00685028892327243,0.00458270267939637,0.0037695345926043776
2019-02-08,-0.0011505806607182442,-0.001208567306071491,0.002323228969501212,0.0017710288440909224
2019-02-11,-0.004543425372042135,-0.006049241109760706,0.0008930327575358179,-0.001777819330345117
2019-02-12,0.004897691558818418,0.00417453596128098,-0.0028670052847191564,-0.0016337973839902274
2019-02-13,-0.0014121232147410346,-0.0017861821860723473,-0.00017125303142013544,-0.001453505792891756
2019-02-14,-0.003701933455764576,-0.0040835048531133525,0.002574484842041908,0.0032097527383537928
2019-02-15,0.0072428972379065945,0.004654885590332954,-0.0013686070397771089,0.000540943422950194
2019-02-19,0.0008869450143786928,0.002726444617064711,0.0009862410289748534,0.002031121269751558
2019-02-20,-0.00014462150544862037,0.0005615098348593489,0.0009534060493506943,-0.00036285368848067184
2019-02-21,0.0017227584851685592,-0.00046572931885037743,-0.005075546599724851,-0.004594980628635602
2019-02-22,0.0024324918618638244,0.0016987084795423869,0.00046031323740687157,0.0026395565920596283
2019-02-25,-0.005475475629259704,-0.004722402206586104,0.002369589113889789,-0.00010682211319166949
2019-02-26,-0.00026507785000888794,0.00036816100359583586,-2.1180697037812205e-05,0.003519245295012689
2019-02-27,0.0015696044894004742,-0.0012245209208616957,-0.0012934937324586208,-0.0038858153915292933
2019-02-28,-0.0030144866760274504,-0.003354460144565144,-8.353995051791583e-05,-0.00222835245791003
2019-03-01,-0.001893583040738948,-0.003480255250525514,-0.0013310399019420137,-0.0039495197456876786
2019-03-04,-0.0029747855188977973,-0.0018801720483135028,-0.0011385819976192867,0.001350343551434361
2019-03-05,0.002023365990841508,0.0009939365891288205,-0.0012858165718471674,0.00013815466808115364
2019-03-06,-0.0042242218486971145,-0.0041148590055645196,0.002514480471663311,0.0025061134124272372
2019-03-07,-0.003273408467328779,-0.004217740338648897,0.002482831683721387,0.003911210792064777
2019-03-08,0.0022848759951519136,0.0028230045241324627,-0.0022991615960562253,-0.0003590747690101143
2019-03-11,0.00022743426882083264,-0.0006709999401445683,0.0003104037261907733,0.00011534052448091141
2019-03-12,0.006890007788087468,0.0063721486317887795,-0.006232850228971489,0.0004626833228545558
2019-03-13,0.005083942068352794,0.0033488753256032417,-0.0010253837720743573,0.0010035292302404944
2019-03-14,-0.00082285203238646,-0.002303453556999617,-0.0007978109662888706,-0.0015384435273909387
2019-03-15,0.003999321905426441,0.005324142861478866,-0.002622859898618873,0.0021071792103899358
2019-03-18,0.002091056165337642,0.0009439450159596045,-0.00019303811460271754,-0.0007466619625926034
2019-03-19,0.0006804148394653115,0.0007521265278766176,8.991917564081432e-05,-0.0005271774878843005
2019-03-20,0.0019309455857274356,0.0028375398103568155,-0.0010191991175654972,0.0037847365999673366
2019-03-21,0.0013535103755729157,-5.99909300924874e-05,0.0012056492708971448,-0.000578142724221502
2019-03-22,-0.002579263283953485,-0.0008877730713052812,0.0015255308899467129,0.005697997587392788
2019-03-25,0.0010497987954981728,0.0016323039225934637,-0.0014149509918141825,6.753621087235038e-05
2019-03-26,0.0006829254878707854,-0.0008539017949284091,0.0001082207826227111,0.00010141377727865318
2019-03-27,-0.003836207217965933,-0.0046482760050716426,0.0023647276554615215,0.00047641568077158017
2019-03-28,-0.0046161951726079765,-0.006430261705098238,-0.0002911257336111098,-0.0022935368383165257
2019-03-29,-0.004181751303586342,-0.005643176734933326,0.002894060168565167,0.0005075058733532741
2019-04-01,0.0048271778303447714,0.003915782105923793,-0.003795800169448962,-0.00013294393519971222
2019-04-02,-5.8893909145737074e-05,-0.0006126343470989996,0.0021825592939545206,0.0009973978086879904
2019-04-03,0.002175480878585782,0.0008876913561205292,-0.000357493102380914,-0.0005117086922461513
2019-04-04,0.0017468657151197646,0.0020611728453254043,0.00025401791849834535,0.00013295495289549413
2019-04-05,0.0014551582403162086,0.0004472267208427761,0.00154514991855071,0.0007952923507341792
2019-04-08,0.0002918304681264453,0.0010276933457949867,-0.0006447135115322352,-0.0005917739264968429
2019-04-09,-0.0016080236741734199,-0.00022174139867901367,-0.0015063868319639556,0.00019195906439451902
2019-04-10,0.0023176048139290787,0.00260592060599978,0.0005148372448997372,0.0018008091281075038
2019-04-11,-0.006316020050241359,-0.006218406046452765,0.001173301677520185,-0.0021330643134817055
2019-04-12,0.00334202511726072,0.0035774231648285984,-0.0004869178178995517,-0.002297642418528845
2019-04-15,-0.00026573911640673427,7.287611840080118e-05,-0.0027589180556117023,-0.0006746012564359918
2019-04-16,-0.0052274695546266885,-0.0047818094830953785,0.00446014806278089,-0.0022230616469179395
2019-04-17,-0.0010400470971700603,-0.0008527672992004746,0.0003074415296915126,-0.00026611209822462314
2019-04-18,0.0014185333505995416,-0.0002177054676269142,9.33882153643627e-05,0.0019654097359640193
2019-04-22,-0.0014513230638712221,-0.0016796490565949582,0.0007924257296400708,-0.0025636936507544804
2019-04-23,-0.0037353367294611956,-0.005101382031224787,0.004913494907369033,0.0013353859834072867
2019-04-24,-0.004101187653488048,-0.00642701323248411,0.0034887781011973817,0.003011202276219531
2019-04-25,-0.001362109397988017,-0.0009513791914672848,-0.001990085470486093,-0.0019291582409325786
2019-04-26,-0.00032073579792950925,0.0002673349609771615,-0.00156927062723406,0.0009016637313001959
2019-04-29,-0.003167678879106783,-0.00309219783843478,0.0015286769020778695,-0.0019975970009093146
2019-04-30,-0.0031905673127901528,-0.001458320046749708,0.0034314860185338854,0.0023903566966359015
2019-05-01,-0.0026351018837863062,-0.00212465235533819,0.0018932133291175294,0.000556492640832562
2019-05-02,-0.002453026478982549,-0.0028583150572409973,0.0009100171876540821,-0.0028686298721799708
2019-05-03,0.0015459269254018415,0.0019374014858932582,0.0007704950151496437,0.002624196334594601
2019-05-06,-0.007385076858536522,-0.006753740194560123,0.0043338847159115415,0.00140771745276455
2019-05-07,-0.004090222509176385,-0.0018632077933407262,-0.0013315119142372706,0.0024888725547636964
2019-05-08,0.000255794922636902,-0.00127508070740956,-0.0003302694321243214,-0.002133277791695424
2019-05-09,-0.003911994884324399,-0.003638622455054276,0.005544283540478838,0.0029981562101998914
2019-05-10,-0.0003094606207022251,-0.0005402887217615915,0.00012268146658592119,-0.0010551470461406893
2019-05-13,-0.007193502991409576,-0.004385946658055782,0.0036989593973792644,0.0031615595838451567
2019-05-14,0.010908037001162137,0.007945856143301445,-0.010751694512874044,-0.0015296802456798541
2019-05-15,0.0034867826429122967,0.0014977247829503443,-0.0003699320237684723,0.0028003862353391073
2019-05-16,0.0030228679787449625,0.0007508638761728806,-0.0016700108774507093,-0.0005092532950669032
2019-05-17,-0.007201722407820721,-0.006336390806744369,0.006660275021555419,0.00037370333101722976
2019-05-20,0.003258943793816401,0.005004627563720939,-0.004108312488265794,-0.0014457298399888146
2019-05-21,-0.00020676807099568876,-0.001642105318845624,0.0019170784861044351,-0.0006451576055502207
2019-05-22,-0.004547528649172564,-0.0021166114126115786,0.0007544639777124948,0.0011356397473056108
2019-05-23,-0.0028206179931698715,-0.0016550262647226067,-1.7751574962893926e-05,0.005014548310895095
2019-05-24,0.005576145636506539,0.005908734833150758,-0.004918120929957754,-0.0014963403005474039
2019-05-28,0.003671696801071167,0.0028050943668830796,-0.0001555925738975003,0.0031496324774652105
2019-05-29,0.00011972022526240225,0.00027946991289778044,0.0004169497015036161,0.001106102929941008
2019-05-30,-0.00022416758687655215,0.0009612781299284557,0.004246546433976129,0.0016486999923878444
2019-05-31,-0.0067509284390468325,-0.0038059149200907077,0.005428540132545136,0.0023283586207870923
2019-06-03,-0.0006416719761574652,0.001943697459526461,0.002703736787681783,-0.0006785940618527625
2019-06-04,0.004704903959468598,0.0031963853668200014,-0.0077673213305007975,0.0002826919998867006
2019-06-05,-0.007999048083401716,-0.0073345587232532955,0.0019287356901121662,-0.00048300535186210315
2019-06-06,0.007726924474975087,0.006613143325971832,-0.003912679411339751,-0.00042156290406691215
2019-06-07,-0.0012072304916680913,0.000832858269004284,0.0026821246556276205,-0.0019267337557876945
2019-06-10,-0.0005427215509405577,-0.0022817568413006184,-0.004139518590147565,0.0017018920029692702
2019-06-11,0.0022676563650505595,0.0006977678984121088,0.00047988620554051224,-0.0001359858253321217
2019-06-12,-0.0022698451817201575,-0.00042333479235545017,0.004981288612463549,0.0020577558829165603
2019-06-13,0.0028649312240485725,0.002298833614357996,0.0016891676553684111,0.00016014919372665728
2019-06-14,-0.0022174825788690198,-0.0018218627321896959,0.003488116536563582,0.0014145286849969328
2019-06-17,0.0014349146358438943,0.0006520537210612731,-0.0001368754849135897,-0.0003533825957194023
2019-06-18,0.0016542756411545012,0.000912902878435167,-0.0007464183002598725,-0.000641406507484018
2019-06-19,-0.0017498877476892715,0.001037878658220915,0.0012790651966892506,-0.0007359835792980759
2019-06-20,0.0068035346945385005,0.004607752494137279,0.0007855600133777778,0.001151603301766703
2019-06-21,-0.0033994271261187517,-0.002271881989337672,-0.004432222529315127,0.0011662038181545925
2019-06-24,0.00319155929121927,0.001984790503344345,0.0036170996828199953,-0.0008724079281046501
2019-06-25,0.0007657510768543819,-0.0005646058288552935,0.0002784032140399761,-0.0005967070184505906
2019-06-26,-0.0007119687696170736,-0.0014562519675783985,-0.006151402958260725,-0.0011257141181383466
2019-06-27,0.0019262431807311612,0.0011807933048853933,0.0015200158012338145,-0.001139724880252835
2019-06-28,-0.0017948127033604933,-0.00033814827902137174,-0.0038795191649807163,-0.002060167455084652
2019-07-01,-0.001932436437539975,-0.0024037468104191415,-0.0028284014606504517,-0.0006719097951709408
2019-07-02,-0.0033535090979214034,0.00042682492861174036,0.003708390489303516,-4.575667078110307e-05
2019-07-03,0.007636842334667082,0.003448687355449653,-0.0005326783550157322,6.440229682062198e-05
2019-07-05,-0.002919757773071948,-0.00451864189824166,-0.005766762376684951,-0.00014650070969560234
2019-07-08,0.00035318037174363325,-8.50238162226409e-05,-0.0003568838258744075,-0.0003235687013038169
2019-07-09,-0.00013950116694743848,-0.0011397811972917926,-0.0016904673246080568,-0.0007947061166868171
2019-07-10,0.008566433650943683,0.0038550833869610466,-0.004726031162052569,-0.000563365994877104
2019-07-11,-0.001808636693397366,-0.0013120184960927065,-0.0001073771504915369,-0.000926832075855607
2019-07-12,0.0031912323981960608,0.002079791692547145,0.0010284393652041763,0.0018326436253061056
2019-07-15,-0.003295221833923219,-0.001335153717376768,3.282010099047965e-05,5.741643336108895e-05
2019-07-16,-0.006110289712954038,-0.0038050150263715665,0.0007886379146515354,-0.00012162859599872057
2019-07-17,-5.3677997098944306e-05,0.0006097128139727569,0.0029482207029442524,0.002712890687604273
2019-07-18,-0.0034673043865661576,3.65191861210392e-05,0.002714272671363303,0.002304963612819977
2019-07-19,0.004727054938200599,0.0009243590645933362,-0.0041256817432229085,-0.002103009719805493
2019-07-22,-0.0009124557667769909,0.00021322401673364586,0.0006318088669413427,0.00010169068366981909
2019-07-23,0.00192857472277147,-0.00023856216653976887,-0.0015024246443239178,-0.0017309829112437222
2019-07-24,0.0012884503099134395,0.0006305377509696174,0.0012344561494518685,0.0007693319115891903
2019-07-25,-0.0030272403849100236,-0.002642264327381985,-0.0019836619059852667,-0.002203972273730235
2019-07-26,-0.0035158739947344126,-0.001023810116602014,0.0020923838520401886,0.0004917676165169032
2019-07-29,-0.001684792319225925,-0.0005143769887440795,0.0025239162262607434,0.00160553092112154
2019-07-30,-0.0030893246794056434,-0.0011387262498665932,0.0007429277595236406,-0.0001359267797790513
2019-07-31,-0.003633599620437836,-0.0026178722576263276,0.00077384478971724,0.0012569804678464783
2019-08-01,-0.01335978976183552,-0.0018248435630627816,0.006601200198612037,0.00793087311232546
2019-08-02,-0.0014315122700422284,0.00037991038045674517,0.003952420677001511,0.003300135921822867
2019-08-05,-0.00566112568327863,-0.0006436361560889349,0.007427427268066006,0.0037400303959836487
2019-08-06,-9.595476300825956e-05,-0.0001928003712076935,0.000726790087934358,-0.0009920805221898176
2019-08-07,-0.0009565543591250702,0.0015538704462086453,0.008767885055318982,0.003052213896797981
2019-08-08,0.009183287255981493,0.0027279510918548004,-0.009413080390099648,-8.829178423814052e-05
2019-08-09,0.0009265544474177184,-0.0002858258370923921,-0.000356983280633705,0.0020975643502405892
2019-08-12,-0.008678204294299727,-0.002294877186939143,0.010542603973337502,0.0014000800497777693
2019-08-13,0.00199760913073557,-0.0010020420335933628,-0.007197456653551729,-0.005219621621677498
2019-08-14,-0.004062262623126899,-0.0006292910202170764,0.008685036870776595,0.003653045784528597
2019-08-15,-0.0017891236653663073,0.00013616864349064674,0.003825471592157498,-0.000560001142436333
2019-08-16,0.00045950297787294606,0.0008249263399469092,-0.0029454637665528244,-0.001268957910333826
2019-08-19,-0.002428067356929467,-0.002609979309302037,-0.001915759278642271,0.0006921487467801246
2019-08-20,2.4452436252397592e-05,0.0005240669157354503,0.002442142047616417,0.00042400745745183304
2019-08-21,0.0019335504100529645,0.00023632626443553686,-0.0019360260417826765,-0.00040795644543138905
2019-08-22,-0.002341088277958802,-0.0011040382053658306,-0.0023877474281735834,-0.0006257504101645046
2019-08-23,-0.005113154841718263,-0.00022776328854232918,0.01033803577564841,0.00431642661535239
2019-08-26,0.006272818510771898,0.001228067314432613,-0.0047008542696974675,-0.0022189641147274865
2019-08-27,0.0004304700041686106,0.0007453310713849369,0.006707356500867159,0.0028746784535352474
2019-08-28,0.003010568963332506,0.0013637803939577431,-0.00017427658311144258,0.00012890623396803942
2019-08-29,0.0020396031243495056,-0.0006116454603774209,-0.004234807856170047,-0.0015380873661488975
2019-08-30,-0.004823704606519079,-0.001368492871857543,0.0024925445338744756,0.0015322086749563946
2019-09-03,0.0016926082682824273,0.002092756780204567,0.004955629682681246,0.0023353761700695957
2019-09-04,0.010319481604941578,0.004417279908224421,-0.00569400753349272,-0.002079635710216771
2019-09-05,-0.0018399755569338935,-0.002965873667772055,-0.010707995950136004,-0.0037283118903864874
2019-09-06,-0.0015247118710562696,-0.0005552840717027894,-0.00024629231809020577,-0.0005900921601575318
2019-09-09,0.0022521415077253167,-0.0004083050440772932,-0.0030202282952807463,-0.00159882742318231
2019-09-10,0.004498987745293715,-0.0001268270053050384,-0.007688989210767671,-0.0033656609670627328
2019-09-11,-0.0008169229498380878,-0.0006598630108395506,-0.00019737789428969649,-0.0013187649178862306
2019-09-12,0.004986322656108593,0.001977094761373947,-0.007101230332337657,-0.004775757361002653
2019-09-13,0.0025641247145991373,-0.0007384609222883729,-0.006547329119412173,-0.005932680025330912
2019-09-16,0.016383312898000223,0.0066346708529314,-0.002726386540130438,0.0035998592351717167
2019-09-17,-0.00888538240173378,-0.0015940536101059328,0.000328547749996623,0.00044773143264534667
2019-09-18,-0.002577313385110048,-0.0013231844143124524,0.00213343922828622,0.0018029406135604636
2019-09-19,0.00011152616235443182,0.0004013584267309729,-0.0006835930103492351,0.0011004090279290194
2019-09-20,-0.002523474010690575,-0.001688272988708742,0.0011288229989580127,0.001185426733851769
2019-09-23,0.004365715659326387,0.002717155896911088,0.002093868470461801,0.0029147643060626754
2019-09-24,-0.002665471503839642,0.0012466019585146877,-0.000657417966624579,0.003556856334006629
2019-09-25,-0.0014651343847643333,-0.0037611329652312356,-0.0008331119419163048,-0.0046974044157942945
2019-09-26,-0.0007048756073572101,0.0004181082542133979,0.0007437157611988777,0.002071942017509558
2019-09-27,-0.002400627358213752,-0.0010003435770855253,-0.0027132545746962377,-0.0012322395258544383
2019-09-30,0.0006801684686479012,-0.0004081843902058382,-0.004094905882485466,-0.001964626251508393
2019-10-01,-0.002380320969070383,6.045145945389951e-05,0.0012630979602656028,0.0014068318308299997
2019-10-02,-0.0036325140252475873,4.483644359512488e-05,0.003710324808480643,0.003224991357365329
2019-10-03,0.0042793156337812025,0.003401326334218894,0.00041028632049922763,0.0016228708090214546
2019-10-04,0.0008938811068236571,0.0006568232581490464,-0.0008553671359382369,-0.00031765841626519534
2019-10-07,-0.002379318926224809,-0.0026838980539268024,-0.002876239896924018,-0.0018321812443558955
2019-10-08,0.0005606453988249102,4.6199398892248235e-05,0.000754277074749043,0.0005278429756150915
2019-10-09,-0.0009307207393131662,-0.0007624425612751751,-0.0008614699750356327,-0.0011053031214749696
2019-10-10,-0.001171823302534226,-0.0007267613481083784,-0.0044912540134769054,-0.0022838368884453655
2019-10-11,0.007478034582656432,0.002456020377179222,-0.0046990893300818985,-0.002526346168243712
2019-10-15,0.0036005387709008916,0.0010070361416024613,-0.0017328466171945072,-0.0005688132993855754
2019-10-16,0.0005106314449716242,0.0010186239737712366,5.9617513992693075e-05,0.0012815694654047549
2019-10-17,0.0009475254147126128,0.000891021883736592,-0.00027997531809386816,-0.00032959774146410447
2019-10-18,0.0006516744162409583,0.0009387291905124204,-0.0022168356719557197,0.00023900891609243523
2019-10-21,-0.002086821618603175,-0.0013386197686880423,0.0008522719813851348,-0.0010451345896873784
2019-10-22,-0.0004498658169490025,-0.00030087754441774175,-0.00047202011994669697,0.0002722355752812198
2019-10-23,0.0019537971066599298,0.0005582144769698577,0.0017766610611657525,0.0011259465705833276
2019-10-24,0.00038592725233014977,3.401905693530151e-05,0.001572610091611217,-0.0002030300669679855
2019-10-25,0.0014380544757167351,-0.0005335749795013373,-0.0006619829505646428,-0.0025238354609679508
2019-10-28,6.875823432572692e-05,-0.0005206493905601296,-0.00039448604005939237,-0.0025787088072488727
2019-10-29,0.00010905763783492283,0.00011369758761140207,6.959685431403636e-05,0.0010762680920644412
2019-10-30,0.002547187583660315,0.0019611134361339983,-0.0019138262203244995,0.0015613641294857038
2019-10-31,-0.0014528336993267165,0.0018587000527395517,-0.00337096718569556,0.0037629774175860363
2019-11-01,0.006679140303244397,0.0019929546593284025,0.0005768363182571468,-0.0017942989521478924
2019-11-04,0.001911266702223858,-0.0006668769701223575,0.0009851276560071528,-0.0028017792544605597
2019-11-05,0.0015603369587767978,-0.0014918240874886603,-0.0019216603718654613,-0.0038723203899040898
2019-11-06,-0.00434769061316677,-0.0007229176573678782,0.0003467865315788379,0.0026611185982860957
2019-11-07,-0.0026899427734815495,-0.0030206285981226417,0.00015705166810608568,-0.005997977751706027
2019-11-08,0.001071060185399268,9.177026762230856e-05,-0.000710201917574125,-0.002043396770387144
2019-11-12,0.002693428515503668,0.0014514208212049841,-0.000701227527278139,0.0009266419729471983
2019-11-13,-0.00030128563394299775,0.0003789231080314941,-0.002800848692182001,0.0006262811415651611
2019-11-14,0.00040758400415593976,0.0013573337806919964,-0.0011150674843502318,0.0024193691646288923
2019-11-15,0.00036740611554348876,0.00018276322673780487,0.0005927372125179112,-0.0008785942912262297
2019-11-18,-0.004579453629598209,-0.00042647202918753645,-0.0003804013861778011,0.0016711736225730554
2019-11-19,-0.0023150030249082013,-0.0006054364570551514,-0.0024510435728628903,-0.000288258984492262
2019-11-20,0.002150807270693352,0.0007248164043501493,0.0003843151014407926,0.003068003640653032
2019-11-21,0.00015784390743697554,-0.0011395923361907313,0.0007754386413001193,-0.0013833453911504096
2019-11-22,0.0005280450276475981,-0.0003773974371397055,0.00016404745011545092,-0.0004573753775288906
2019-11-25,0.0007580578995816546,0.0007025381342545972,0.0027728658923971057,0.002145969857658572
2019-11-26,0.00027684283942083917,0.00025095760026193353,0.0003839973685005908,0.0007863681156489678
2019-11-27,-0.001939248231296642,-0.0015690061631243074,0.002164461913203272,2.96497728347648e-05
2019-11-29,-0.004643020455917563,-0.001400430459686436,-0.0017699196705961405,-0.0016722920349153277
2019-12-02,-0.003797908075316492,-0.0020013262198257126,-0.001233720600784422,-0.004512850908752594
2019-12-03,0.0038905959918099243,0.0034048735130286726,-0.003812720982824404,0.007963987506588315
2019-12-04,0.0011109458946758411,-0.00043511814165297333,0.001725474431158514,-0.0014842919193309803
2019-12-05,0.0012785314267089102,0.0007968836883040246,0.0012686579638349952,-9.049519982457172e-06
2019-12-06,0.001238605894527204,9.636194889574125e-05,0.002914975246496128,-0.001640420825216758
2019-12-09,-0.000431050159157779,0.00011834955690228595,0.0006748487149686361,0.001564542579800962
2019-12-10,0.004343048853261953,0.0014978736296891474,0.0008496291649691168,0.0012617608928190667
2019-12-11,2.8546565835817912e-05,0.0011860263291372927,-0.0018706851869062407,0.0012943377144407709
2019-12-12,0.005173981270945229,0.00036487701736912794,0.0031147999746483283,-0.006245762514449594
2019-12-13,0.0026186782697013317,0.0030319476441477513,0.00018300382422892168,0.007188538408649591
2019-12-16,0.005862613226086901,0.0018764415441213226,0.003985726976838842,-0.0033364646706856706
2019-12-17,-0.001953125569027166,-0.001220691417455321,-0.0012511857793068041,-0.0041591291489079365
2019-12-18,-0.0012594536011718705,-0.0015520591295193316,-0.0008845819513715506,-0.0031290858162059784
2019-12-19,0.0011801684498886488,0.0009039624717348672,-0.0020803370947773655,-0.001339879705411473
2019-12-20,0.0013964500263762133,-1.5771855348012642e-05,0.001266906767606602,0.0006242983506455742
2019-12-23,-0.0027610398045191343,-0.0007892925178866687,0.0007952697741336233,-0.0016610492952474853
2019-12-24,0.0034700801223917135,0.0014815080979827444,0.0011013643120866895,0.002297398601615732
2019-12-26,0.003326084651058908,0.0016955460643444187,0.0029589139852786743,0.0016901048395701293
2019-12-27,0.0038914812895053724,0.0029753562213989684,-0.000464474234569847,0.0022176910469546784
2019-12-30,-0.00034428326744935625,2.2113806936220734e-05,-0.0007657237658243202,-0.002066839212346585
2019-12-31,-0.0016778710822963742,0.0002632636977832845,-0.001314663992191186,-0.0003670130266877666
2020-01-02,3.936706096946341e-05,-2.251317873521553e-05,0.0007524254142041751,0.0003529664389382602
2020-01-03,-0.0006914803218813515,0.0002311401608597179,-0.0023016991128497546,0.004205627338296972
2020-01-06,0.0006315427985222182,0.000347621333888575,0.0014410939480654248,-0.000394148066581018
2020-01-07,-0.0001881392384703533,-0.0007972284396906355,-0.0011792565672886265,-0.002513223833910747
2020-01-08,-0.006035594618965861,-0.002819458811499222,-0.0008003933852969351,-0.002167126435157995
2020-01-09,0.0019212392630882221,0.0009368875365279978,0.0005387447869825683,0.00013532990687241896
2020-01-10,0.005054823421789847,0.0030043333421547404,-0.0015674462844693351,0.0014736059852054639
2020-01-13,-0.0034136201556355062,-0.0012407097232768663,0.0005232734369394326,-0.001554868681682182
2020-01-14,0.0018616513333089492,0.00041161008651056,-0.00046005174609595737,0.001949539481477252
2020-01-15,-0.0007935239900478177,-0.00015396837468065872,-0.0009673462949628755,0.0015248470749608081
2020-01-16,-0.0033527389851358063,-0.0019017623539305212,0.002043483660359321,0.00019469156560081064
2020-01-17,0.0012638712164183337,0.000605980334300239,0.0036084655156564402,-0.0016442131140260523
2020-01-21,-0.003928528407038452,-0.0011471614487766726,-0.0018080205611572977,0.004490616447198275
2020-01-22,-0.0006627412518650888,-3.0055049430476056e-05,0.001114953988038347,0.0018117526399985494
2020-01-23,-0.0028381075544218017,-0.0008966064385019825,-0.0008212218071640273,0.0018299526283125644
2020-01-24,-0.007467868509546198,-0.002365325673575332,-0.0028060956502775412,0.0026129807215854246
2020-01-27,-0.009931022455026377,-0.003643921758180067,-0.0018946050792060418,0.004308610060682555
2020-01-28,0.0015187181116086898,0.00030583513489462007,0.0005869747937499689,-0.002625391321959535
2020-01-29,-0.004715129681611557,-0.00047005907024676304,0.0020888714066667796,0.003193410953081884
2020-01-30,-0.004101585636302282,-0.0007800542532464194,0.007186749226197541,0.004760345357982533
2020-01-31,-0.004765551106337187,-0.0014574088154725086,-0.003635144385001551,0.0018209509948021328
2020-02-03,-0.005909250959457274,-0.0020067793416871297,0.0038366808402179172,-0.0021163671616801208
2020-02-04,0.0031075876636441993,0.0005539901894235133,-0.0031158304364642814,-0.0029430292834106424
2020-02-05,0.00373922787735771,0.0006299364194715962,-0.0006150459652812851,-0.002279322182268845
2020-02-06,0.004406447989467638,0.0010119772299038746,-0.0003555080804527117,-0.0010015474995993699
2020-02-07,-0.0014872660470209556,-0.0002342010848779016,0.0029006078489902045,0.0035464905977367076
2020-02-10,-0.0024690655685464915,0.0002800335883616723,0.004840285185362802,0.003249711823263635
2020-02-11,0.0029557406749786946,0.00020369128207746166,-0.0038909086768031944,-0.002085291663340715
2020-02-12,0.0038628886405632453,0.0007477362933140884,-0.0009322524622790128,-0.001148735244978033
2020-02-13,0.0022127892818274843,0.0002641746154622903,-0.0026757606324928043,0.0018277484687850855
2020-02-14,0.0010507211339834531,0.0005432068762138524,-0.0008443161017909025,0.0010133024452454783
2020-02-18,0.004068755868805502,0.0012048148477559082,0.0012717895883640497,0.0029889944496729274
2020-02-19,0.0038380515635824996,0.0006383227301270929,0.003169596961307885,-0.0020235741094680134
2020-02-20,-0.004898855718699585,-0.0019516295363949745,0.0029297359371406395,0.001949166105467968
2020-02-21,0.0005088359459222772,0.0015687363193864008,-0.0017260206215303697,0.003501225915738703
2020-02-24,-0.015808325012089387,-0.0061029991163168325,0.0017257163468951259,0.004639287445979096
2020-02-25,-0.004673710926380834,-0.0016556026412793215,-0.004514496052366253,-0.001423668676170403
2020-02-26,-0.005372381439871491,-0.0018362613413418773,0.0009793538572298998,-0.0026374332454230185
2020-02-27,-0.013888967067840655,-0.005607654375616075,0.0024374014308791185,-0.0022494089225930697
2020-02-28,-0.008370345610275306,-0.0010384941507327584,0.004238310460823046,-0.005783527320503055
2020-03-02,0.014477892936852244,0.007608390181873468,-0.010883036847575729,-0.0031284652339047267
2020-03-03,0.003923752405604941,0.0027037394486153195,0.003056239899940949,-0.001505572287315663
2020-03-04,0.0022766216779929477,0.0024304524520130854,-0.0032909785011275682,-0.0009651966045323747
2020-03-05,-0.006571201308344669,-0.001523326132583533,0.007097132607530459,-0.0022239103300696885
2020-03-06,-0.012738777347291971,-0.0013511016586661162,0.017968622607730238,-0.014239539512781426
2020-03-09,-0.027791347475891886,-0.006898245557056381,0.036722720856126524,-0.00658369337972599
2020-03-10,0.014996941255423262,-0.0003367644393115777,-0.0232915384523104,0.014151625618984701
2020-03-11,-0.011405349694145365,-0.0044789356302660415,0.008487176867770762,-0.0008474610302534812
2020-03-12,-0.030549261469661384,-0.016683626433574385,0.02144264419881672,0.007953447972559986
2020-03-13,-0.003346431309716595,-0.005612948283046043,-0.004076483234638364,0.007752854847345908
2020-03-16,-0.03354093223594585,-0.011693567020992697,0.03233259950433555,-0.01038401387779124
2020-03-17,-0.00601782537843311,-0.0057672232419596495,-0.004227235562314846,0.01871565424432982
2020-03-18,-0.028168801543590458,-0.014963485901334513,0.01550067268242601,0.019038595367076583
2020-03-19,0.021325323846962643,0.007882649775893287,-0.005240557978649382,-0.010655441967081378
2020-03-20,-0.0010371998817793086,0.0035890823716480014,0.003959095118344889,-0.010926245452253385
2020-03-23,0.012574209131334436,0.008679801089234334,-0.0013104320719849853,-0.00851056564987722
2020-03-24,0.024754031540924305,0.011155853151631073,-0.018359512973861673,0.0029412674755396225
2020-03-25,0.0062792964701015,0.00289966369983019,-0.0033012599845492078,0.003077522041941117
2020-03-26,-0.0014597479315609136,0.002582945367672152,-0.003204898034485574,-0.002056951329435487
2020-03-27,-0.010555125224657964,-0.0017807276348879948,0.0014492388259895205,-0.00495574717558136
2020-03-30,-0.00640540058500817,-0.0025842317581796963,0.007797797913646063,-0.0033197692139027807
2020-03-31,-0.002696099340592532,-0.0018490339223683453,-0.00035226336291855297,0.0035535004101658494
2020-04-01,-0.022016732546910004,-0.010007646332819859,0.01681448532067668,-0.0030120273786965793
2020-04-02,0.015945998582688328,0.003149512215482805,-0.005637469916808194,0.0008663813480012646
2020-04-03,0.0010780150912320615,-0.0012654495764658155,0.00221159859145342,-0.0016131168007886155
2020-04-06,0.011157487578683175,0.004200294019465629,-0.011883896153335079,0.002965358247972543
2020-04-07,0.0045330097642754495,0.002263692463297882,-0.0099202065858329,0.0008834305933053091
2020-04-08,0.0018613646389856926,0.00037422306261283573,-0.0008967369493905556,0.002292474179178786
2020-04-09,0.00170296000237475,0.003966982885031316,0.0004712077223667318,-0.0018673922466246314
2020-04-13,-0.008644070710466063,-0.0035814388796420833,0.004602738282716323,0.0029081439669954717
2020-04-14,-0.0026631438190397633,0.0002681407388776699,0.0003516802432873049,0.00014075898557077944
2020-04-15,-0.009907328328609077,-0.0034866061453616122,0.008914463052991638,-0.007169565395125203
2020-04-16,-0.00020954523139422217,-0.000818611362967447,0.00014722612960156969,-0.0015750842648084265
2020-04-17,0.0022664997530331245,0.0011205385831493625,-0.005630990354583744,0.0019625435717205153
2020-04-20,-0.006503054460251146,-0.0013097454126107342,0.004016851846656489,-0.0024376636479973156
2020-04-21,-0.0314795348174349,-0.0076915749466871935,0.013785043500951092,-0.006818699316386961
2020-04-22,0.017079556064120593,0.00474915908603258,-0.0093020029427597,0.004724410377577681
2020-04-23,0.009030727262610705,0.0020236226394599,-0.003143598673661539,3.96798332064906e-05
2020-04-24,-0.004302269836455415,-0.002156300436696505,0.0031828601743195744,-0.001219066697753297
2020-04-27,-0.009587924961400726,-0.0023511851080362414,0.0023262113984067597,0.0020643221605597564
2020-04-28,0.003169666174774159,0.0024313209003816076,-0.001359543847395595,-0.003527509864267322
2020-04-29,0.013643571334615264,0.0037496203633884074,-0.007435250853773107,0.0018768511748700673
2020-04-30,0.013025163812549626,0.004524527451090059,-0.00890513937509873,6.349010552997867e-05
2020-05-01,-0.002131516830262532,-0.0018489769345295475,0.0020161424102526798,0.0026240146936364964
2020-05-04,0.002074908666505926,-0.0007919721986525189,0.004264697331109876,0.0024499407366750615
2020-05-05,0.01627296592020886,0.0033785104480500007,-0.006107314909637673,0.0032311719818503425
2020-05-06,-0.007342284174290601,-0.002771374586140725,0.0031617729915245888,0.004975370035033196
2020-05-07,0.00605563768460634,0.004910406172417157,-0.002579473360348077,-0.007764942676901164
2020-05-08,0.005099577574397877,0.0010113679966169819,-0.004806365031512896,0.0022452297910319687
2020-05-11,-0.005471369964212355,-0.0028327487694742638,-0.0018447859534214779,0.0006844079672934504
2020-05-12,-0.001149685513158704,0.0005898878303389573,0.0015193513132738597,-0.003034115570988838
2020-05-13,-0.008596668610507622,-0.002572731079880261,0.006906150160212338,-0.0014135654987573057
2020-05-14,0.008995744753316841,0.002025713715499104,-0.0007282847029856551,-0.0007014215724229643
2020-05-15,0.0034535594063554807,0.0007130068473190931,0.0009211881444640012,0.0031046008996655355
2020-05-18,0.016639558513783365,0.004006472259677306,-0.013578297034374746,0.005835830884919832
2020-05-19,0.0022601905739191115,0.0016043239689486372,-0.0003051423278890257,-0.0016889128048972997
2020-05-20,0.0051830390433693675,0.0020907343008894877,-0.003067287440575611,-0.002837409589683496
2020-05-21,-0.005659765583346913,-0.0028214613720014036,0.0025735934672168844,-0.0002405585164879526
2020-05-22,-0.0023343644788781223,-0.0008585141461004571,0.003232100355580332,-0.00044370494057079904
2020-05-26,0.01265951443555845,0.0048111748491971,-0.010378368315425403,0.00034551708259117743
2020-05-27,-0.0052369851200952285,-0.001157637080892616,0.002802120594162418,-0.0018428351526881513
2020-05-28,-5.853009476925984e-05,0.0007002124048359665,-0.0021742822125101133,0.0011173250606761262
2020-05-29,0.0060202839588986475,0.0012516090939150653,-0.0011570283057180694,-0.0031640723029217775
2020-06-01,0.004385661797504228,0.0029368612444896384,-0.0023622924105537084,0.0003367616988459326
2020-06-02,0.003560677383057605,0.00038686299799507837,-0.003607854652689893,-0.0003736661496320983
2020-06-03,0.0034629411864300613,0.0005346308627429276,-0.004815162168006749,0.004257639970384726
2020-06-04,0.0009803516578361648,0.0007014262339953826,-0.0023531214946513565,0.004138291126357574
2020-06-05,0.00686782448843601,0.0003312296999041188,-0.005225418234874931,0.0031667293911279964
2020-06-08,-0.001289500889966118,0.0005748395126631885,0.0007342738015898492,-0.002168193821600157
2020-06-09,-0.0006737722807544734,0.00012023177818109811,0.002784079641102713,-0.0024779647840014536
2020-06-10,0.0013935874410011652,0.001548870255200951,0.003206587766333252,-0.0032010002545129895
2020-06-11,-0.014597805232956958,-0.004415762151925954,0.0029123721315422796,-0.0054925519098900505
2020-06-12,-0.003987931710168193,-0.00219461086551127,-0.0020401296769536,0.0016101261054746198
2020-06-15,-0.00054032149907733,9.932003671143068e-05,0.0001777550095615427,-0.00033306715191775685
2020-06-16,0.0023366033584124877,-0.00048757864965037344,-0.0015004067119112222,0.0035273653569719344
2020-06-17,0.00250968390483374,0.0005919231782556645,0.0004057512424671145,-0.000790151221632376
2020-06-18,-0.0013933944371825116,-0.001109883011199985,0.00034063217703000486,-0.002382588999804893
2020-06-19,0.0019289981447302123,0.0010054655321869628,-0.0003838576296759841,0.0009699001411038129
2020-06-22,0.004019703933988863,0.0015077181151796474,-1.2820395219934598e-05,8.347655903387206e-05
2020-06-23,-0.0011512216399342592,0.0001282860472495666,0.000980114804726446,0.0008999417275280081
2020-06-24,-0.010229613579713134,-0.0033727364910698947,0.0028513495513507606,-0.0018650552873273347
2020-06-25,0.0008224711070945912,-8.848036854596697e-05,0.0013834635264597472,-0.0003639299377464952
2020-06-26,-0.006093802552589333,-0.0023461675220502955,0.004036986885100944,-0.001370157569032974
2020-06-29,0.009952548501826716,0.003007088855865657,-0.004982323966438302,-0.00017670569125534077
2020-06-30,0.006650525270162138,0.003694723302436959,-0.0038621728541099053,0.0004016031753804097
2020-07-01,0.0037092082172724776,0.002030593602270663,-0.0030488825754158987,0.0006571669860818505
2020-07-02,0.003183905796808087,0.0004518676005136227,-0.0014973005700754925,-0.001019837938616568
2020-07-06,0.005792384360428717,0.0023484687017400964,-0.000640010093248128,0.0014701608470126977
2020-07-07,0.0018277563109161106,0.000561179195126129,-0.0004658531586788454,-0.003067812902397722
2020-07-08,0.0019787532751051945,0.0011274413948779408,0.002158941320192608,0.0011277608822885335
2020-07-09,-0.001007209535742085,0.00016490818121831595,-0.00022423442656164077,-0.003769442901117029
2020-07-10,0.0022010099565943015,-0.0005961091417383694,-3.6641616223034135e-06,0.0018298742069422953
2020-07-13,-0.001887398171099733,-0.0011654629998416857,9.430120736747107e-05,0.00040653932908529084
2020-07-14,-0.002224829342409667,-0.00023241237632928375,0.00043402434277380796,-0.001716301287801952
2020-07-15,0.005881515553045506,0.002340349849423245,-0.0015627687006865528,0.0005680145189733835
2020-07-16,-0.0011412273677862614,-0.00019050940148159537,-0.0028759650270280923,-0.002475839146926519
2020-07-17,0.0029851560185597823,0.0020120396905533226,0.0001802072317715592,0.0017918359268804549
2020-07-20,-0.001355043264120158,-0.00048693698027961046,0.0018710525913935149,4.514546814331254e-05
2020-07-21,0.007224408802824931,0.0026047875076425885,0.0031660426770410434,-0.00014547773016488697
2020-07-22,0.006420992026985504,0.002619720859477103,0.0002384441051374869,-0.0005461221478953312
2020-07-23,-0.0008482136998543791,-0.00022233369137663966,-0.0009470473248765553,-0.0017254689839620724
2020-07-24,-0.0010714615469400702,-0.0001328805237644001,0.0004936175507409186,5.505969615005507e-05
2020-07-27,0.006101570766414691,0.002184592020469163,0.0028810410422808563,0.0020411124561832417
2020-07-28,-0.0011991069157773,-0.0005652737433302321,0.0009977803085095222,-0.002490024537134254
2020-07-29,0.005527782608614321,0.0021765679403538962,0.0013209571129097824,0.0008943633094251066
2020-07-30,-0.002718526789038616,0.0008806034118580276,0.002471711667402875,-0.0016931268559711098
2020-07-31,0.006857090890753747,0.002428668414186498,0.0002801433409475237,0.0006321557557341729
2020-08-03,0.009729629305640504,0.0021182799549820624,-0.0012613877269974658,0.000957940100087436
2020-08-04,0.004082571930865027,0.0004736857189433497,0.0046261238112317365,-0.002572884778525017
2020-08-05,0.002917503199925445,0.0005871105036144494,0.0021086492927923925,0.002736518822971315
2020-08-06,0.0023001818900751964,0.0006529047280884663,0.004633035887222094,0.0012144041216794609
2020-08-07,-0.006380563629260542,-0.0033927491437063355,-0.007546072164018767,-0.00011061042356987896
2020-08-10,0.0019777080813380477,0.00019229847506751146,-0.000424835567949596,0.00017752108800587042
2020-08-11,-0.007211088444284883,-0.0038475443169790043,-0.006089158246452718,0.0037143158186229088
2020-08-12,0.004510434731471469,0.0015248275066486628,0.0011041320044423862,0.0011652422218632924
2020-08-13,0.007565420097158901,0.003180953864445909,-0.0019018427809577817,0.0011679936370778818
2020-08-14,-0.000712023651105746,0.00020093622297403477,-0.002112174548778625,-0.0013048386753444022
2020-08-17,0.0072295367341870505,0.00306853927370604,0.0029466504984895976,-0.0007976231797385637
2020-08-18,0.003482541639699206,0.0016304095400507354,0.004919731591289109,0.0004158452705247392
2020-08-19,-0.0004891217094799115,-0.0011701572981730952,-0.0016968767040699735,0.00042325672790871643
2020-08-20,-0.002736834332433388,-0.00093953975648315,-0.0011901323285721502,-0.002000999949030635
2020-08-21,-0.0024231203373015096,-0.0008609591762885908,-0.0019379133300188442,-0.00044621486203489844
2020-08-24,0.003151822786923093,0.0006184899564659166,0.0007962044755092122,0.0002910908142896904
2020-08-25,0.005213794864755078,0.0020655186268676053,0.0007411038616539901,0.0014589857583516227
2020-08-26,0.002368915906655099,0.0012543028201906414,0.0011909607013273248,0.000649620237734958
2020-08-27,0.003753632831951798,0.0014588975228699693,0.001201907363245326,0.0032962801062435296
2020-08-28,0.0036699870232792717,0.0030173997534859377,0.004995637161837085,0.00043338461811601983
2020-08-31,0.0025506129811945786,0.0012851591617493623,0.0018105529588917852,-0.001244452580288911
2020-09-01,0.0021729914774385713,0.0007006773891056922,0.0016005948630653766,-0.0008964208445801507
2020-09-02,-0.004530298455602703,-0.001092094365772007,-0.0023520780595674864,-0.001899455340871509
2020-09-03,-0.005387888811550972,-0.001661863114664711,-0.004031468715663337,-0.0025452973919560516
2020-09-04,-0.002016167949080554,-0.0015815573641282281,-0.0013677251409693113,0.00521905825802243
2020-09-08,-0.01098660427367603,-0.0015656438208808017,-0.004520193058404977,-0.0022050645078312094
2020-09-09,0.0035220930152709802,0.0007158115166198704,-0.0004008167624236075,0.0007149468187905486
2020-09-10,0.001271767977845148,0.0008081862957654802,-0.0004067742988826799,-0.0008001416526912636
2020-09-11,0.0018896339945967812,0.0012680192035370937,0.001164784161761576,-0.000696649673996235
2020-09-14,0.0018037125888258794,0.0008539146372994595,0.0020912922573846277,0.00020134846309864614
2020-09-15,0.00303421657790146,0.0006218264769767462,-0.0012801896117934444,-0.0008534620385247354
2020-09-16,0.0027242831966522627,0.0009088000112985083,-0.0009610550210162175,-0.0012679137532934995
2020-09-17,0.0017599604355696672,0.0008134036625961827,0.00023908307752910912,-0.0006473474382281887
2020-09-18,0.0027015635702982554,0.000728894687716989,0.0017968110852929107,0.0011636903978600155
2020-09-21,-0.014164818563107749,-0.0032917040694656692,-0.008996761756507078,-0.0008219338432451183
2020-09-22,-0.0011900396788232992,-0.00047989872306726045,-0.0007668008332441351,0.00018240127440123806
2020-09-23,-0.005187357190280782,-0.001940325129478641,-0.005158900923994486,-0.0011054592814287675
2020-09-24,0.00026223840136303166,2.3748554215553147e-07,-0.0016476245609876035,-0.0014859895664120128
2020-09-25,-0.0001014293560713215,3.485018475199813e-05,0.0007079661084395553,0.0003032552385514003
2020-09-28,0.0032166923385930587,0.0008755876440375188,0.0003554964246829124,-0.00026111644390552295
2020-09-29,-0.002032912292118317,0.0004526111837814266,-0.0005916654987494498,-0.001014601141310027
2020-09-30,0.004817190060061792,0.0013515710746404444,0.0014301820538639197,0.001515088469437242
2020-10-01,-0.0032348169767786733,-0.0002854524559260343,0.00032612963148088585,0.0005335919080461433
2020-10-02,-0.008855287302666357,-0.0018250976117225848,-0.0008961539489879775,0.0011029472241523308
2020-10-05,0.010198486849402989,0.0009743955445044273,-7.022700433119894e-05,0.001728228563515066
2020-10-06,0.002155247183976149,0.0003450175592954887,0.00129712263906081,7.77368044638829e-05
2020-10-07,0.0047265453924701375,0.00043729738033151244,0.002006592482418212,0.0009658210980753741
2020-10-08,0.004130567482382674,0.0007654945751790093,0.0001312834930014037,-0.0007823715856744204
2020-10-09,0.007869789348709015,0.001726136030180069,0.0047471606456774874,0.000599208082636084
2020-10-13,-0.0030935386705981064,-0.000407838478867814,-0.000624808315182126,0.0006053658591426412
2020-10-14,0.0038248942508202163,0.0009657483502600268,0.002540478480555992,-5.805341532851726e-05
2020-10-15,0.0007125199044783232,-0.0003474141366887029,0.0009449989637203623,0.0008032287947429615
2020-10-16,-0.0009063818873395873,-0.0003429737850032841,0.0018445368863573004,0.0010087700540889063
2020-10-19,0.0015828074601729268,9.905317842320418e-05,0.001876860274453721,0.0008546001104558958
2020-10-20,0.0006390401277335219,0.0002185958598333809,0.00034264041795732767,0.000558777102917993
2020-10-21,-0.0003094088226954849,0.0004298994421439771,0.001655621691944797,-0.00013825825113748585
2020-10-22,3.0109865886270948e-05,-0.0005051844068171988,-0.00040260593973043187,-0.0002091997824959936
2020-10-23,0.00014265612301174186,0.0005656959735724066,0.001990021182098693,0.0009878234250385125
2020-10-26,-0.0014867171639051783,0.00011184322539770059,-0.0015667202533697251,0.00022832383888049838
2020-10-27,0.0024549793692198374,0.00061593915321872,-0.0020652281120857032,-0.0009937461355741953
2020-10-28,-0.01451026298796155,-0.003280915247217209,-0.007650408393231963,-0.0002680506249348064
2020-10-29,-0.005731960594254729,-0.0018897010820636214,-0.0036296594869880306,-0.0005240318949816323
2020-10-30,0.00039985577355277084,-0.0001960875398933028,0.0007306012995629132,-0.0004348288619300055
2020-11-02,0.002961715594311993,0.00048784947194672947,0.0011875114190972114,0.00016102749246369496
2020-11-03,0.005840483179025942,0.0015536044214278177,0.0025909266777219067,-0.0007491084831388562
2020-11-04,0.007695882871669649,0.002886188793281438,-0.0006463729057479607,0.002195944508857279
2020-11-05,0.008452879132805033,0.002584981861946202,0.0049945257015587404,9.635591236405511e-05
2020-11-06,-0.003614778520017422,-0.0008393001303072234,2.9211989886609654e-06,0.0001324435379248917
2020-11-09,0.0031966371093501396,-0.0009921905290182806,-0.003804031612865,-0.005284179136058513
2020-11-10,0.007009477474173724,0.0011656996024828061,0.0042274621354613205,-0.0002725383979182497
2020-11-12,-0.0007079559759337828,0.0003292343382996877,-0.0030450556394060694,0.0036596875670672395
2020-11-13,0.0007713908233981812,0.00039648550082745744,0.0017582505780742517,-1.0668429105023866e-05
2020-11-16,0.007286367420263099,0.001691399237326387,0.00471885317794843,-0.00018131124757317434
2020-11-17,0.0037113238885915353,0.001031085711717145,0.0011360201165370651,0.0013759768748896342
2020-11-18,0.003747496646826849,0.0005568309467041352,0.0032266219090302133,-0.00033893146664021247
2020-11-19,-0.002586257166773195,-0.00016806195955689586,-0.00016673969875681674,0.002342359568755773
2020-11-20,0.004192025381156883,0.0008515799707428251,0.0010740958219454739,0.0012286110145341166
2020-11-23,0.0038669414965796602,0.0006401775015127403,0.0013720933513771628,-0.0014545818259563063
2020-11-24,0.005410276706036151,0.0009869857787171536,0.0026395375346201866,-0.0013822253858139918
2020-11-25,8.205643344510667e-05,1.824320672618462e-06,-0.002999173817220472,-0.001676237042724739
2020-11-27,0.004803738508394661,0.0014547917826923734,0.006245019144815206,0.002957424537437833
2020-11-30,-0.004384327531273019,-0.0012400115611483986,-0.005010456956723144,-0.0011594802861380447
2020-12-01,-3.200031266851552e-05,-0.001007895120720676,0.0006189265936499956,-0.0005111072057608666
2020-12-02,-0.00029087934793782554,0.0002562911577801863,0.00021269216221147242,-0.0004004132557767026
2020-12-03,-0.0004536081379799706,0.001152802028949074,0.0038487878522495845,0.002464179570028888
2020-12-04,5.184702876451805e-05,-0.000390897991497912,0.00040067239814897947,-0.0019711617574507947
2020-12-07,-0.0019353900847841647,0.0001473027432860029,-0.00030989759041198596,0.0015620282761627017
2020-12-08,-0.0013626038431737706,-0.0004735980219560419,-0.003546443195805395,-0.00021433459113744216
2020-12-09,0.001983976149133671,0.00010521240998891797,0.0039062297725731706,0.0004198483852525587
2020-12-10,0.004805056385548497,0.0012822430755127952,0.0008254191486844201,0.0005421869153362818
2020-12-11,-0.0011320629019795096,0.0004541400146061614,-0.0018182856774409267,-0.0002841107115911692
2020-12-14,0.0031444112970140372,0.0005921381499243226,0.0020544385299373735,-0.0002781471082097897
2020-12-15,0.004510000319564642,0.0008540875308894858,0.003730838407205855,0.00047185718910397315
2020-12-16,0.0030171199586891953,0.0006367424599032409,0.0007874973792779271,-0.0008677288134323685
2020-12-17,0.006388684913335335,0.0015705431004852466,0.007984885865539543,0.0011542045795627184
2020-12-18,0.00126361066620924,-4.526282129294004e-06,0.0002916059032499215,0.0008259784728464304
2020-12-21,-0.0028663029177654923,-0.00023626413601167336,-0.003367720555265111,-0.0005038577881995171
2020-12-22,-0.0020198838818090365,-0.0003609206574678313,-0.003667977780996328,-0.0010189452200675161
2020-12-23,0.004817318194835351,0.0009385030540665818,0.006631515215551849,0.0021259639597560553
2020-12-24,0.0017610289461652442,0.0006765658728206269,0.002731553572102765,-0.0006917197545660604
2020-12-28,-0.0031099304738543,-0.0003225456608990212,0.0010037602751279487,0.001621565416259933
2020-12-29,0.005592350148832087,0.0013360759147819738,0.004008761960070801,0.00015274634229816368
2020-12-30,0.005221875330471854,0.0011850138057527332,0.004009390978218358,-0.0008950692379292587
2020-12-31,0.00537026724181763,0.0010721067613424467,0.0014286154419829928,-0.0018787838129073133
2021-01-04,0.00047883536452723163,-0.0004798909132684675,0.0012060530083971403,0.0010614431285578731
2021-01-05,0.010938979004045403,0.0018352617772728567,0.009395895901889882,0.0016624411650477675
2021-01-06,-0.003281334088981707,-0.0015030187627307879,-0.0006911282571025999,0.004673996831095214
2021-01-07,0.0009219638765161339,-4.9901701278438764e-05,-0.0013899113486938485,-0.0007994162534003162
2021-01-08,-0.0016168972262042684,-0.0001607224467231255,0.0020317382694330995,0.0007862040453888537
2021-01-11,-0.0035606946668922546,-0.00116618953537466,-0.00399803112476742,-0.0007655242936354418
2021-01-12,0.008119791678432749,0.0017287825548486662,0.01181151285358779,0.0018369279402013095
2021-01-13,0.0029536565883819016,0.000694324601862188,-0.0018619608372637598,0.0013492215477900664
2021-01-14,0.0037822690575138864,0.0008382190303324304,0.007467151181674158,-0.0005099266966484585
2021-01-15,-0.0056009674061188695,-0.0009066019829692387,-0.009336648231043314,-0.00040208126114852434
2021-01-19,-0.0017986774549978025,3.276624150349086e-05,-0.0011611770570046935,7.850176800324458e-05
2021-01-20,0.004230040483544593,0.0008286985855925299,0.0023469573682910407,-0.0010758615998788892
2021-01-21,0.0013872948361731215,0.0004747134170184412,0.00299262250672772,1.543057415238192e-05
2021-01-22,-0.007293934497841383,-0.0014105259978558406,-0.010131183062811931,-0.0016131325306420773
2021-01-25,0.005303737622408669,0.0011433078184035666,0.0029859107220954477,-0.000530989394884698
2021-01-26,0.00557503720975323,0.0010575973824450966,0.005095802955423349,0.00035732856480865196
2021-01-27,-0.004692424888021703,-0.0011620643708270559,-0.006206165478891705,-0.000531943768193207
2021-01-28,-0.0024490285409567965,-0.0005595621180610439,3.6503899111450744e-05,0.0015100700987961983
2021-01-29,-0.001489587818365726,-0.0007159884395500701,0.0011571693222044877,0.002291367335908572
2021-02-01,0.008690317893954424,0.0009917988565850762,-0.0007006023241746997,-0.002885441004351808
2021-02-02,-0.003305299502473477,-0.0007795156576925583,-0.0016847971878014183,0.0004667505893480578
2021-02-03,0.001663090919677802,5.046493780956072e-05,0.0018567454278650966,0.0010535188747342913
2021-02-04,0.0036943191848242637,0.00040107014423013864,0.003031696064094002,0.0005801500669284354
2021-02-05,0.005152269981909481,0.0010618765159097108,0.003957864365566323,0.0010995847530791308
2021-02-08,0.008380832741819824,0.0015815067688677619,0.0067199807104955924,0.0006485575047284703
2021-02-09,0.002270049596936711,0.0008395161101197479,0.003933226561556834,0.0005789518498343004
2021-02-10,-0.0012923395786980608,-0.0003622010018800413,-0.005713685836254864,-0.0017642708046666578
2021-02-11,0.00014855604548300586,5.193439759141389e-05,0.0032482466640987497,0.001341392559698301
2021-02-12,0.0037483818672855948,0.00020781800662863397,0.0036815661669805373,0.0013993011799846682
2021-02-16,0.00599081339463593,5.232880930312083e-05,0.008807116540109785,0.004908782399773937
2021-02-17,-0.0026141979796125286,-0.0008079085420640918,-0.0012997802634452647,0.00010387758493269678
2021-02-18,-4.3174951630438896e-05,0.00032207131327114226,0.001499842007567143,0.001081582712663376
2021-02-19,0.001864198158718478,0.00016410870640718188,0.003471439740889224,0.0013938097333446335
2021-02-22,0.008908934561337829,0.0015247463327392578,0.007193019441535004,0.001120734128587153
2021-02-23,-0.0009112287612977475,2.962459232641998e-05,9.614978575549083e-05,0.0003836488819436471
2021-02-24,0.009254882511724414,0.001256936744348289,0.010207458087417269,0.0021906266286062966
2021-02-25,-0.005567514680292371,-0.0037511788921720645,0.004002888834447712,0.00029609094850505124
2021-02-26,-0.012101433301906444,-0.0021158116259185496,-0.01291744116113693,0.0005278586974815252
2021-03-01,0.002322254243575246,0.0014097978303365757,-0.0017783227342128333,0.0009100929716984784
2021-03-02,0.002267609313169898,0.0006803745178754787,0.0016391127112897431,0.0036801656012803627
2021-03-03,-0.00443941270216605,-0.0018279948617656938,8.286407317491673e-05,-0.0030128293883034674
2021-03-04,-0.005391407204572648,-0.002141467090824926,0.0018735054975027815,-0.005553939037558965
2021-03-05,0.0039405192156050815,0.0006219218848764928,0.004655592408022849,0.000805935910747322
2021-03-08,-0.004380753180745168,-0.001799922148078686,0.003112292848444211,-0.0006384313919329185
2021-03-09,0.00482633012062921,0.0018176034163494054,-0.0034242808892098234,0.004598713201815963
2021-03-10,0.000944817583003203,0.0005742667173008243,-0.0026594814798612154,0.002899090885230531
2021-03-11,0.007530604411996203,0.0020607898972285978,0.005447977520377549,-5.704528109743475e-06
2021-03-12,-0.002199159777305115,-0.0014888363696940327,0.004995644395527145,-0.012935766327260463
2021-03-15,0.0012290699171900955,0.000319570878234302,0.0007051348943065229,0.003330600643882583
2021-03-16,0.0022991393439074814,0.0006008933982049584,0.0005776578798914277,-0.0021093180099293987
2021-03-17,-0.002099763161157539,0.0003194052183880618,-0.00044832914036365475,-0.0015634048541539871
2021-03-18,-0.012040520079636408,-0.0037379696853941428,-0.004577495107785149,-0.007191876935275767
2021-03-19,0.0031634277410928792,0.00017567886365914436,0.0020168113044654796,-0.001398775327266413
2021-03-22,0.0024043262299228477,0.0009058221307418269,-0.0006724907791805025,0.005598028159738244
2021-03-23,-0.009561587975287798,-0.0016820285218011296,-0.005530177612480401,0.00336328551702638
2021-03-24,0.00323292548319215,0.0004386547948827747,0.0004995255117933359,0.0025041443147122283
2021-03-25,-0.006900385397247414,-0.0012802257932370078,-0.005144045285946227,0.0004120382348794762
2021-03-26,0.0070917652058514035,0.0008320207520528159,0.004759621110904831,-0.0022074791162949377
2021-03-29,-0.0026622103070866334,-0.001137605026802894,0.0005373955265913452,-0.0060673812709427484
2021-03-30,-0.00910003724179108,-0.0023410285628189167,-0.001627075924524471,0.0009062511732961765
2021-03-31,0.00542599890243169,0.0011286712443318821,0.006980635797579892,-0.0006874125671900077
2021-04-01,0.0026282167475312674,0.0009763932038940352,-0.0030924246073798832,0.009575353784605951
2021-04-05,-0.002521210907445701,-5.958724238567822e-05,0.003084415577755431,-0.003778350362259933
2021-04-06,0.00525766197429417,0.0017010014610643782,-0.004778020904063274,0.005458628256960917
2021-04-07,0.0015072211465536652,0.00015379027822335657,-0.0013238962721623955,-0.0028059535405714057
2021-04-08,0.004928522694434269,0.0015307403396159682,0.0007272852492559931,0.002306549409134386
2021-04-09,-0.0007429962754584151,-0.0005050488453323815,0.0009285187434611608,-0.002760408043957549
2021-04-12,-0.004291271474612066,-0.0012743809185112162,-0.0027900978509906695,-0.002383122598454886
2021-04-13,0.00813258954277958,0.002316021746622126,-0.00014521752333584385,0.006158948870348979
2021-04-14,0.009024631930949035,0.0016290910113144783,0.005618400518507036,-7.460332447237596e-05
2021-04-15,0.00640849846608895,0.002203506264097539,-0.003128319558308341,0.01324352674543575
2021-04-16,-0.0002659999390064265,-0.000441201721818001,0.0015310464436655007,-0.005741342712745304
2021-04-19,0.0013436839884086648,0.0004968394320041957,0.0005131368311373792,-0.0025938603225506267
2021-04-20,0.0006156002791494311,0.0004447005255141669,-0.0004541349138918895,0.004623970814172329
2021-04-21,0.004817967458524375,0.0011163500199671147,0.004923822105032371,0.0006151237729683351
2021-04-22,0.0038981915617063165,0.0004384331303479516,0.0039905674651316584,0.0013977828571461134
2021-04-23,0.004484833805676412,0.0012348076169986313,0.0036337772692896825,-0.00042488524655092937
2021-04-26,0.008715590245672292,0.001589281058590031,0.008205582855039988,0.0025383430102605886
2021-04-27,0.002535919484703067,-0.0002877267447210009,0.0032420086376097495,-0.005088997693630193
2021-04-28,-0.0017280790005678615,-0.00010398561348951201,-0.0016763428183261162,0.001094583587081088
2021-04-29,-0.0012792109513508946,-0.00047500899181497126,-4.7491913348388094e-05,-0.0017317042752456498
2021-04-30,1.5538839864241588e-05,-0.000698929904918595,0.0034624885344392508,0.001121751784887506
2021-05-03,0.004394675050037207,0.0014384427347170997,0.0006989247290823184,0.0041868242638967755
2021-05-04,0.00042174494150335883,-0.0006820380196667562,0.004686591953718977,0.0041117050912183595
2021-05-05,0.0064718595621944775,0.0017953631334355685,0.003096854626340181,0.00131377322459552
2021-05-06,0.009408517311888614,0.0022095416334360564,0.006568259249046749,0.0032402504906447233
2021-05-07,0.0056493315930020065,0.0019394709634137383,0.0020003621964841635,-0.0016597938181522002
2021-05-10,-0.0034026762440405745,-0.0006665629976771134,-0.005938265401359834,-0.0019131041832550616
2021-05-11,0.0028874140589067593,0.0002707862605049867,0.004825329442909785,-0.0021079640458675605
2021-05-12,-0.003825997684718452,-0.0020785053587982836,-0.0009999857775697717,-0.007328448143727875
2021-05-13,-0.009888784208584111,-0.0014140687140156327,-0.011512373189190904,0.002552502183718686
2021-05-14,0.0020945630408249673,0.001150171839616299,-0.001661585284314986,0.003680536294808288
2021-05-17,0.006622284777816389,0.0008990402899170619,0.0026230395895504555,-0.0005154879904978407
2021-05-18,0.0015837956411605422,0.0007555516965166866,0.0018517562721079308,-0.0004862109350321632
2021-05-19,-0.01110219126798077,-0.002740534575125985,-0.006991896986965813,-0.004642200714258971
2021-05-20,0.002383233148040505,0.0015459552699459114,0.00011755471290304826,0.006324326209008733
2021-05-21,0.001918798154609299,0.0003844074067516573,-0.0004140558579121074,-0.0003699085458755745
2021-05-24,0.0020820777471066225,0.0008995319531115976,0.000728149477145847,0.0025850297896447445
2021-05-25,0.001406730533395721,0.0007933118911257124,-0.0010001260875246967,0.004355668326576293
2021-05-26,0.0010517234531323251,-0.0002445691939207293,0.00023295262554694045,-0.0007397041312641959
2021-05-27,0.007261008513546732,0.0008927892433495335,0.008887610959262781,0.0005715152072135834
2021-05-28,0.001670381847764772,0.0004310960115351929,0.001714717711504729,0.0012651932618457985
2021-06-01,0.00876941502850707,0.0015070335849982047,0.005990313820371547,-0.001725985216931783
2021-06-02,0.001700359091013256,0.0005758042246517783,-0.00015730301413886065,0.0011105386246959873
2021-06-03,-0.0076264049575317456,-0.0023896918450719397,-0.005442582130051349,-0.002619863316233067
2021-06-04,0.009378100347668757,0.0029870317381543213,0.0047288378641188395,0.007260072320655539
2021-06-07,0.0018161353696647738,0.0005063181852852352,0.003101209178969529,-0.0008052345835655951
2021-06-08,0.004471992334489429,0.0008074942903455856,0.0027027553793074256,0.005090921377915878
2021-06-09,0.0005936401176030966,0.00015117841247058278,0.00016070017959332342,0.00440723278126702
2021-06-10,0.004958074387472927,0.00138724672916381,0.0033192295169183167,0.0027402911278091974
2021-06-11,-0.0034896092144702877,-0.0013644482488036108,-0.005128352891065587,-0.002698717363573872
2021-06-14,-0.005631097851294158,-0.001621779702450942,-0.0062933881802494035,-0.004259293090385438
2021-06-15,-0.004948610367974024,-0.0008990094048206443,-0.004188076252211578,-0.0007314320529843139
2021-06-16,-0.002615373171884742,-0.0022748912719460354,-0.0006791697865606507,-0.009711178521342763
2021-06-17,-0.020241201144385896,-0.00399113698232834,-0.015323825028185639,0.010286023172103424
2021-06-21,0.004249539757337723,0.0011025873600274988,0.0029068065618377626,-0.005793977328337682
2021-06-22,0.0004001787193259498,0.0004841990798070589,-0.00043897288277984465,0.001512994676511723
2021-06-23,0.0027559792889495865,-4.003574625562796e-05,0.0031239882093312254,-0.0009971306895507563
2021-06-24,0.0018102352261192911,0.00015466850618752956,0.0032840807398418115,0.0013847700813761441
2021-06-25,0.0014472566364839667,-6.159350774969624e-05,0.0023297528195090245,-0.011863093216077144
2021-06-28,0.006691779525035671,0.001692990686560321,-0.0003866899350090698,0.01190878738945185
2021-06-29,0.002395261219225108,-0.00010080655423530717,0.0036754016192506052,0.0006464689879114406
2021-06-30,0.007657861508394336,0.0014429606367382629,0.0013512278678586079,0.006066541414865686
2021-07-01,-0.0001493619808112831,-0.0004912952245521131,0.0031731739898551155,-0.00509393751100238
2021-07-02,0.0029758985239904936,0.0012432969115040136,0.000887556240592769,0.009068548074766562
2021-07-06,-0.01272908036132326,-0.0015228336129569698,-0.010329068477130771,0.010153273963599921
2021-07-07,-0.000933028983531651,0.000308796710135027,-0.0014092043004202974,0.008028633147282882
2021-07-08,-0.0010375568501136629,0.00042845766364037316,-0.0025829653815283827,0.003445365836602459
2021-07-09,0.007036350444666191,0.0010676182726106263,0.0027387589979181123,-0.004144442009213549
2021-07-12,0.005526479388302375,0.0007696844774241899,7.419222437049042e-05,-0.0014064571330770468
2021-07-13,0.0015503908307938062,-0.0008920792787451774,0.0035559076380337045,-0.004922343473741698
2021-07-14,0.003463452411434208,0.0019059553259716765,-0.00279106038097205,0.006569880390710275
2021-07-15,0.0009006517147423626,0.00017427866210914522,0.0004890212179584653,0.007406551345419399
2021-07-16,0.00014835248399610237,-0.00030490078841607444,0.0006389264689681571,-0.0003269065637859905
2021-07-19,-0.012804285397687873,-0.0018447758150523293,-0.006371256519812129,0.013017613207230699
2021-07-20,0.010891478065133041,0.0022231903680290277,0.006812373039528266,-0.001917629063887586
2021-07-21,0.007457914982108966,0.0010816094243116406,0.0016141335218216317,-0.0031376147413866686
2021-07-22,0.007016936399663453,0.0016444334329720597,0.0039157822248110635,0.00215021488142168
2021-07-23,0.0013887443569326695,0.0002607742470398343,0.002322257351386566,-0.00040257234369084875
2021-07-26,0.00665351128768562,0.0016437398438246629,0.0027798770086060885,0.0013992967690043265
2021-07-27,-0.003971591838391924,5.047762367439903e-06,-0.0028552675115320054,0.0019333039140176627
2021-07-28,0.0020941363811147343,-2.9790111950774474e-05,-0.000322789671241186,-0.0012589089652343326
2021-07-29,0.0056425793734346825,0.0014808052635353454,7.714474403046126e-05,-0.0003532410459932924
2021-07-30,-0.010837663989336856,-0.002495107412973014,-0.00425063572783017,0.001024272986369617
2021-08-02,-0.0005044600967835577,0.0007201798053797534,-0.0007717476317551018,-0.0019019793272955833
2021-08-03,0.0008869204044508678,0.0005833242411742341,-0.00035570583171143865,-0.00010574538999881369
2021-08-04,-0.0020734054618533394,-0.000763282807930834,-0.00013543614364621754,0.0005955099637945707
2021-08-05,0.0026775775295658027,0.00017219560434822076,0.0012710266881428177,0.001847653600938904
2021-08-06,-0.002109471484678182,-0.0013711053563518977,0.0002780718417716901,0.001805281462256342
2021-08-09,-0.006780200589348518,-0.0019049184291010924,-0.0003835538485795678,0.0003865122479505016
2021-08-10,0.007631446722363046,0.0009526557577548453,0.0036491276764446714,-0.0015143123190055592
2021-08-11,0.004541404182878013,0.0012384659705401717,-0.00036191665897258217,-0.0018856803457729019
2021-08-12,0.0009622433461528773,-0.00019558145126850668,0.002306170148238871,-0.0005347348734325096
2021-08-13,0.005592412365260516,0.0024444310567632308,-0.0007349122548166236,0.00821309000890775
2021-08-16,-0.0006221251075965089,0.00033861162954707295,-0.00019209140578713596,0.004932585340108737
2021-08-17,-0.005652158834853901,-0.0020506714790211517,-0.0015911848354156599,-0.00044008934158951493
2021-08-18,-0.002200592753144438,-0.0004987420658989473,-0.0010912549992875334,-0.0013761282005382526
2021-08-19,-0.010005583176252946,-0.002327262937370192,-0.0025560968019033006,0.0034473565588809636
2021-08-20,-0.004975041454476736,-0.0008926700384683286,-0.001618933715585554,-0.0004385689890764121
2021-08-23,0.011241959302470635,0.0029696509012774263,0.00034376688894445414,-0.00019476550937681672
2021-08-24,0.007596887566194361,0.0013134997239994675,0.0008956381628223178,-0.0048587491321167445
2021-08-25,0.002859395964803101,0.00021985896390744184,0.0007311729995850522,-0.005760915220561649
2021-08-26,0.0006765825238197798,-0.00015770125550218272,0.0024558104067710935,0.0003186593408844716
2021-08-27,0.008843434812262196,0.0029014426498973496,0.001961840369303067,0.002875156320235228
2021-08-30,-0.002038439938142196,-4.861061174834267e-05,0.00028287861928221733,0.0030321136504528226
2021-08-31,-0.004112528561270397,-0.0008962791338358617,-0.0021533674826180573,-0.001784549568365397
2021-09-01,0.0032796523127843007,0.0010242156315698723,0.0012414618851996025,-0.0014666821053198457
2021-09-02,0.00385222889936704,0.0008593368481462719,0.0015689505650280581,0.00028593186928115504
2021-09-03,0.003921333603115273,0.0013092177028938125,2.6336656528262493e-05,-0.0030867470498960638
2021-09-07,-0.006598743997242496,-0.0024335510885480503,-0.001861880622474972,-4.894620634390801e-05
2021-09-08,0.00048791519856004347,5.2692172151776426e-05,0.0019902359523786004,0.0009782821207952467
2021-09-09,-0.002207084178276653,-5.364189054203016e-05,-0.0009024670874723419,0.0006699394172876014
2021-09-10,-0.0012484292295470393,-0.0012565592693946864,-0.00032860976463303077,-0.0003738586170709213
2021-09-13,0.0019999530058645992,0.0006620763241197518,0.004120439196979526,0.001179963279601329
2021-09-14,0.0009962353200149564,0.0007082208387558424,-0.0021547725270050153,-0.0003920515510448853
2021-09-15,0.008085991340670375,0.0013141652806015346,0.005076297822233567,0.0008559021900283908
2021-09-16,-0.006048195669687103,-0.0019412333879693978,-0.00247191509011467,-0.0003061344797934835
2021-09-17,-0.006548701969993907,-0.002007940773695412,-0.0025557143196611306,-0.0011119344126009928
2021-09-20,-0.010216575679816427,-0.001577216494896881,-0.006606842693470653,0.0026980252583540957
2021-09-21,0.0010873616485350495,0.00048680975937456566,-0.0008224495964795129,-0.0007119170705345633
2021-09-22,0.007443876616147249,0.0005796248968918648,0.004894152927827572,0.0005598421833858208
2021-09-23,0.00818451149007899,0.0010998469990504578,0.00337562360752715,-0.005608314700885977
2021-09-24,0.0022735355341496318,-0.0005453915347468668,0.002851930899191668,-0.007003873362569355
2021-09-27,0.008769426948324562,0.0012512299798940311,0.005166282017570306,-0.0010617311336910558
2021-09-28,-0.002042446036579596,-0.0020598866784251055,0.002441502503276268,-0.011239735344922695
2021-09-29,-0.004465222804609853,-0.0011102622240166888,0.002400167641193089,-0.0012676031759097706
2021-09-30,0.006696183392824868,0.001900369735055035,0.0011657410660724503,0.0027790126039719245
2021-10-01,0.006925087823890052,0.002433111077991614,-0.0031499253552908363,0.011316105677363596
2021-10-04,0.002588562896077114,-4.478796365231565e-06,0.0009363431629087252,-0.0012345962777989454
2021-10-05,0.008981687838252598,0.0013260863325285895,0.009469823017550826,-0.004847402890548605
2021-10-06,-0.009553430020143716,-0.0018222390706590333,-0.004819013309013406,0.0005651651562472988
2021-10-07,0.0035804623039920667,0.00040173035904374037,0.0018593003535174737,-0.007997154730543986
2021-10-08,0.0014773210960430869,-0.0004656059543475402,0.00300514628655669,-0.005878010567806209
2021-10-12,-0.00283226687958469,-0.0006407195031323861,-0.0009668570533087627,0.011174836912597581
2021-10-13,-0.001285961116218662,-8.002096784657541e-05,-0.003515125245867096,0.00865102394030388
2021-10-14,0.007048387588067353,0.0021123609368915624,0.0009622854982861214,0.006825999900867544
2021-10-15,0.0010037373319174907,-0.0008702378121989117,0.005359100728702873,-0.007928241459797035
2021-10-18,-0.003891382390913857,-0.0012096958515315965,0.0006778929901984008,0.0002961622869951323
2021-10-19,0.0006836848533575583,0.000776544453913706,-0.003064890092312605,-0.012190690359807771
2021-10-20,0.004327027765897125,0.0013301475630577476,0.00037539094602821054,0.000161228865706943
2021-10-21,-0.013911676931860299,-0.003498286258219124,-0.00525830384150385,-0.007115765188852761
2021-10-22,0.00476353992689282,0.000978698529304111,0.0015125455483475801,0.004579443350202621
2021-10-25,0.009391405087223588,0.0023554838859995127,0.0022145959871191596,0.004238096651530892
2021-10-26,-0.0005376896252692847,-0.0001724805781053793,0.0017178121023736796,0.004637120944250989
2021-10-27,-0.004775229877704391,0.00015430434544397496,-0.0063599950002361134,0.018960814273072252
2021-10-28,-0.0003879627036489471,0.0002051021003156808,0.0007285602493871448,-0.007293791996734014
2021-10-29,-0.007046069120769481,-0.0016915904100236303,-0.0011314468046448424,0.002728966165175141
2021-11-01,0.0010380212944128826,0.0005066841883431356,0.003092554665674679,-0.004932692099469272
2021-11-02,-0.002219755630554925,0.00020274457282758586,-0.004342565777876531,0.001296913893307469
2021-11-03,0.0021686343080577894,-0.00012680603622467645,0.002272472540523471,-0.0025246836345253825
2021-11-04,-0.004165613151019958,0.0004742836035532249,-0.005726665969336752,0.0042181127976644315
2021-11-05,0.0007614238738254698,0.00136769427863289,-0.001709678006527813,0.012671013842746884
2021-11-08,0.00357749950490469,6.136883139414546e-05,0.0008322804892553361,-0.005228659486780951
2021-11-09,-0.001218921652212616,0.0010677092221035357,-0.0028547604578609688,0.009979820652253555
2021-11-10,-0.0044435659322785035,-0.0043091609561074,0.003866288145666897,-0.01302992333159172
2021-11-12,0.0014321105886035339,0.0013682694725940215,-0.002215420165854675,-0.0019500231157619473
2021-11-15,-0.00015870877576648057,-0.0004478657483944697,0.0007394655299638341,-0.006250834286860387
2021-11-16,0.002490748643697937,8.179863002891525e-05,0.0029807303797275363,-0.0021083826257231883
2021-11-17,0.0006955797797432092,0.0011048375727169275,-0.0023946106459274493,0.0027730919996494623
2021-11-18,-0.0004181722432948044,0.0005551147365974734,-0.0010714123302737366,0.002992792403031171
2021-11-19,-0.000675201392725307,-0.0006361197100012077,0.0001446450568101692,0.0051640491707153095
2021-11-22,0.0013697990966758616,-0.002567890037147912,0.005007314304402817,-0.010827558350566573
2021-11-23,0.0058208723730946614,0.0010006745628725875,0.003279909804570031,-0.005604129032073966
2021-11-24,0.0009687082731138536,-0.0008969789308299456,0.0033372509933418245,0.005314165539563985
2021-11-26,-0.01790661053574919,-0.002003051898580703,-0.02038640780568957,0.016973372128551406
2021-11-29,-0.008631453804910504,-0.0016755104796849216,-0.0019420159424455086,-0.00434743116616753
2021-11-30,-0.01734696925315269,-0.004450147974064954,-0.0058227117664888745,0.00805248451494103
2021-12-01,-0.002463717039079447,-0.0014217000450574009,-0.0006032467813637923,0.0013970703200103616
2021-12-02,0.003699255131179867,0.0009985173445046455,0.0018040447703692641,-0.001456916787871926
2021-12-03,0.0014807653800093896,0.0011793225222975702,-0.0014359065725844486,0.008716356415549924
2021-12-06,0.0002832997239813487,-0.00019109467436253074,0.0002357622371399549,-0.009635751738102286
2021-12-07,0.0055876346509248125,0.0015753546936210026,-0.00044212472570820974,-0.003415445005269858
2021-12-08,0.0036891515972082693,0.0008239608624079102,-0.003366707718755948,-0.005836640469414844
2021-12-09,-0.003814253317130479,-0.0017993938978394537,0.0008318189425615477,0.003225653169277479
2021-12-10,0.003257565125658989,0.0017851434569321157,-0.001948772928547709,0.00016648902864995114
2021-12-13,-0.0012947207815765748,-0.0003376585344039647,-0.0006923109779722782,0.0053549852195243575
2021-12-14,-0.003331507025465572,-0.0017858346522635425,0.001565383580411798,-0.0015707163274262903
2021-12-15,0.0005824171423164127,0.0002866058202485145,0.00042235670341363347,-0.002685334862637192
2021-12-16,0.0085282199911254,0.003766480893279761,-0.007074283682580376,0.0013064703320919634
2021-12-17,-0.004806487939293868,-0.0025619235399284845,0.001140653155366425,0.002490672372848196
2021-12-20,-0.008309133484623477,-0.002843468137525597,-0.0009791176798647448,-0.00307346851477261
2021-12-21,0.011799980546959217,0.002925109280865565,0.00026941666339297664,-0.005639921279429948
2021-12-22,0.011648451050631262,0.004259617242995278,-0.001228969142688175,0.003571047996037752
2021-12-23,0.00011741333372324872,0.0006111085552893344,-0.0003537243721298335,-0.003321919273736691
2021-12-27,0.009129486322204393,0.0021225997197330823,0.0031851242267883317,0.0023386940159729726
2021-12-28,-0.0026752982522370967,-0.0007620049514427807,-0.002003176470982282,-0.0010367199605865564
2021-12-29,0.001990108305856827,0.0006766457177314587,0.00021468085117901022,-0.005521819260782701
2021-12-30,-0.003919051045311918,-0.000516689549466925,-0.001425134884774136,0.0024800232388746666
2022-01-03,-0.0003546123786934362,-0.003000562835723808,0.006514319214588162,-0.012113791765692552
2022-01-04,0.008826499397931724,0.002097516048925893,0.003936383578651722,-0.0045085962466057325
2022-01-05,0.0015520095835962074,-0.001655592573212781,0.0005216094949074223,-0.003359129661913815
2022-01-06,-0.0010251165876423497,-0.0024172475142774786,0.0047942060170902715,-0.0009017602051854845
2022-01-07,0.001747523939310588,0.001033997500181959,-0.0013685636275268382,-0.004176570598589817
2022-01-10,-0.004515488975195778,-0.0021625361058257237,-0.0006381652691891069,0.000604348506669116
2022-01-11,0.010309236361138629,0.004021502144966461,-0.00021969642003176422,0.003422187188919008
2022-01-12,0.00910641095275739,0.0031985055124154884,-0.002104912777768368,0.0001977143482668241
2022-01-13,-0.0019780178668591763,-0.0008159462733886161,-0.0012450105297419029,0.0023182155895977922
2022-01-14,0.005546399393955695,-0.0005062265833455891,0.006345987699224645,-0.005463765402852519
2022-01-18,0.00019721788394363478,-0.002572480688127443,0.003709181172869275,-0.009601078752638856
2022-01-19,0.008896190834037662,0.004012258503231555,0.0007840686760333209,0.004522560052673572
2022-01-20,-0.0005599046352356221,-0.00025433055632333255,0.001716579431590807,0.00037940013830425824
2022-01-21,-0.003182592540448318,-0.0009278449896859333,-0.005576622803001258,0.004690828710119502
2022-01-24,-0.0029913710794648553,-0.0010563311822219348,-0.0030170331446275843,-0.000788235969063283
2022-01-25,0.0040093216076742206,-4.714243471819847e-05,0.006306105437928779,-0.0026304052618194994
2022-01-26,0.003741124445214172,-0.0012013919030206927,0.00822519405992083,-0.0038840445334712382
2022-01-27,-0.006970792989612684,-0.004816683066102627,0.004253614523397875,0.006809174847377992
2022-01-28,0.0046231557793673704,0.002451776317410119,-0.002314508400579548,0.0021517405572547706
2022-01-31,0.004961895850307902,0.003649910317943301,-0.006491379025707683,-0.0010976826395307383
2022-02-01,0.003687562805657502,0.0022881792034382263,0.0003016257479529729,-0.000673732053118788
2022-02-02,0.00684287343381425,0.0026371269711285826,-0.0019618648133484027,0.0029455152305206006
2022-02-03,-0.005569596438693933,-0.002504161656074899,0.003756743471393453,-0.005589574469778575
2022-02-04,0.0006116746233829781,-0.0016736185253881557,0.005994855124810936,-0.007910457915904908
2022-02-07,0.0004544136659056909,0.0009502861337402735,-0.0006564365036861683,0.0010542253026890424
2022-02-08,0.0036872890609244693,0.00028181405666149995,0.002201848057021493,-0.0029934818865188922
2022-02-09,0.007718279471235604,0.0036887285771588134,0.0009208763784357509,0.002445252004432261
2022-02-10,-0.005402297034409791,-0.004990451601304205,0.006258617182513935,-0.005410008865647648
2022-02-11,-0.00029297779801096973,0.00035170806216355414,-0.0005240409232300025,0.0034641424776641486
2022-02-14,0.0014171857289789656,-0.0014413290532998956,0.003315797907812498,-0.003338867545613004
2022-02-15,-0.0015349156880883857,-0.0004217823518377113,-0.0040978666967450336,-0.004445719881316277
2022-02-16,0.0063520106312306,0.0025773282361363954,0.0008515605343935408,0.0002442951996668828
2022-02-17,-0.0019179700918644951,0.0005344498346202992,-0.00219199263552351,0.004225654612794546
2022-02-18,-6.591238204812173e-06,0.0002838786559735434,0.0003537708748607358,0.0038751894420657024
2022-02-22,0.010342137184492861,0.0024689312420281733,0.008768919204037325,0.0002804550402140254
2022-02-23,0.002557798217001028,-0.00023449771331867882,0.0052965391136060485,-0.0020037988114655144
2022-02-24,0.006297833199363407,-1.9193971634470504e-05,0.0030058931239550033,-0.00013680460300165065
2022-02-25,-0.011898756799784426,-0.0038393766921492427,-0.012973872941316274,-0.0014842352775911016
2022-02-28,0.014403774276772967,0.007629466564009986,0.0027110492797064686,0.010748642878997145
2022-03-01,0.023382492934158148,0.008850456069864182,0.012298089006261403,0.009526588562008815
2022-03-02,0.022376433646506978,0.0018123572069903924,0.013186756824185474,-0.007785882472736263
2022-03-03,-0.003706420564991158,-0.0007136657680854778,0.003028582357547836,0.003562006585273845
2022-03-04,0.013528861777345627,0.0033265749296477404,0.007977111435662269,0.009527887659776359
2022-03-07,-0.002104224705701903,-0.002546793427489345,0.007549527228616627,0.0009554903707567996
2022-03-08,0.0041940642112506315,0.001105130262005023,0.007064640295228712,-0.008975479806211948
2022-03-09,-0.017218652749725574,-0.004873289211538272,-0.02036239751536677,-0.006047484597237848
2022-03-10,-0.007074428447814412,-0.0030767017228381893,0.003879974403586883,0.00016024852969200596
2022-03-11,0.002859855405793669,-0.001025143006461103,0.006819819248423259,0.00024086344060583764
2022-03-14,-0.012261008728513021,-0.006039216757944454,-0.0035105418201167456,-0.01115711223749282
2022-03-15,-0.006391317860103944,-0.0018036179616598366,-0.004747804453320567,-0.0007834493546544981
2022-03-16,-0.0006374037360096116,-0.00028616552370620276,-0.005836176826882951,0.00019656748566720917
2022-03-17,0.014302323948845529,0.005992395993534358,0.004707919532432719,0.0021087267149066816
2022-03-18,0.0020763981608395874,0.0015652717547488062,-0.0028224410982131483,0.003649530198191136
2022-03-21,0.010101262303952759,-0.00019570179329057863,0.015571604589671682,-0.0063210324306095175
2022-03-22,0.002699646033371798,0.0003452448133620584,0.0012799837693664197,-0.0011699230812950703
2022-03-23,0.009221801659151957,0.0029201649605703874,0.004274078381491809,0.004794925564622373
2022-03-24,-0.00023369241891202478,-0.0002547434278119609,0.0004942030660860912,0.000533441012828196
2022-03-25,0.003349958217548847,-0.001209310376348596,0.010287925607133219,-0.005285604112171978
2022-03-28,-0.010014692008100136,-0.004391646639229553,-0.003656019247139872,0.0028865974230242453
2022-03-29,-0.006931362612363501,0.00023131344250113857,-0.012230539174398636,0.0014958652849732085
2022-03-30,0.011454188684431378,0.00447929364189838,0.002359890593325405,-0.0003043480366808366
2022-03-31,-0.008849156968132599,-0.0031713090930690015,-0.0064444913604390424,0.0003721942899501266
2022-04-01,-0.0028581726530637476,-0.0037062104547416707,0.003196572510816848,0.0007003149868865673
2022-04-04,0.00584890432787874,0.0018742055923921612,0.005853826498774862,0.00024643091774772304
2022-04-05,0.0018934432055882678,-0.00346551694424511,0.009886729435333813,-0.0034676972913955935
2022-04-06,-0.006937899010273102,-0.0034688321598930717,-0.0032220782002403852,-0.005590015791448631
2022-04-07,0.0021835427121276473,0.0011438673065798915,0.0016391494638644765,-0.0036478320881491904
2022-04-08,0.007757895206248729,0.0017674603583966869,0.0080706924717995,-0.002540429043481961
2022-04-11,-0.0016880956770643552,-0.001526805702274353,0.0020469452911125686,-0.0037607153928561335
2022-04-12,0.011463422444113074,0.004773704467037992,0.0037170019119810546,0.0025404054440143434
2022-04-13,0.01061032200752415,0.005069394110155107,0.0013506299547649133,0.0006667592692448964
2022-04-14,-3.2065830425586907e-06,-0.0032500950380845673,0.007007993989695633,-0.005540335061387779
2022-04-18,0.008591819023730416,0.001176442353255943,0.011997992976957242,-0.0013064452880277959
2022-04-19,-0.011815189753435144,-0.005958404216743279,-0.004675005662716367,-0.0001894880444317515
2022-04-20,-6.98665368790187e-06,0.001885185255496595,-0.00409143510685576,0.004664715489810293
2022-04-21,0.0002472192017749026,-0.0023848980640328453,0.0037136054263298105,-0.004794611921665346
2022-04-22,-0.009480640492898264,-0.005576588290228239,7.098394616387192e-05,-0.0017023551950658198
2022-04-25,-0.010871158326082474,-0.003245661437978948,-0.006798470152162116,0.0026349441267394117
2022-04-26,-0.002457380387924926,-0.001271521416190795,0.002598531330116912,0.0023976592781610436
2022-04-27,0.0020853081259939944,-0.0006061480588046487,0.007361990416865253,-0.0006783071453065346
2022-04-28,0.003469862461539926,0.0010039854065086319,0.005374183170760643,0.0006105978783589388
2022-04-29,-0.004760290291089522,-0.0020021790305353375,-0.00030954348649617024,-0.0018817299870329154
2022-05-02,-0.0030508829716481794,-0.0041876575108619335,0.0024532381139429175,-0.005802570335250815
2022-05-03,0.0031096216589457794,0.0011092319088378863,-0.0018115022296525715,0.003078223248536763
2022-05-04,0.015194224858198043,0.008523242807122043,-0.005157719248777709,0.0016916620489620204
2022-05-05,-0.005678995221910066,-0.008264748180689863,0.013803990202289038,-0.0070442441632938835
2022-05-06,-0.007544391054097746,-0.0025466492875323163,-0.0006464661641563719,-0.003098281841628396
2022-05-09,-0.021816635910857852,-0.007450112935713705,-0.003342395154191653,-0.0007569536898308906
2022-05-10,-0.001605782477720775,-0.0002873253244360501,0.00015558747511675895,0.005319269757910675
2022-05-11,0.00934427495985121,0.0032907269259112946,0.002154202732783856,0.0038639403102433507
2022-05-12,-0.0029689932590028388,-0.0018282377309901498,0.004446445016323989,0.004243913074706496
2022-05-13,0.008036296039882132,0.0032911593635083845,-0.0003067457338949548,-0.0036302005792378522
2022-05-16,0.016980824125366393,0.007537630925814715,-5.157484799776964e-05,0.00356389595255413
2022-05-17,0.007133140636692433,0.002132474082508027,-0.0010692730031296967,-0.0036185951833972354
2022-05-18,-0.013865951367815358,-0.005913701705024222,-0.0013668245312467133,0.003231053427808391
2022-05-19,0.002649733635455997,0.0031939422060054635,-0.005726897891843711,0.0005906130412181185
2022-05-20,0.0024237283946711512,0.00022544797731848952,-0.0015400690978576552,0.0023677413193733425
2022-05-23,0.007241184715762477,0.0030755138457432456,-0.0021738425876125437,-0.003593760302201906
2022-05-24,-0.006025954137791495,0.0005454089868773481,-0.006523823846112555,0.0018235247519945586
2022-05-25,-0.004257007456626703,-0.0006722075045918905,-0.0015241614343365832,0.0002686643365262556
2022-05-26,0.011158450440887563,0.004688947786168623,0.0001360264492419537,-0.0005063827480045562
2022-05-27,0.004954973169726811,0.0022484830254709625,-0.0020324233389284363,0.0003516410167738734
2022-05-31,-0.009873773908320897,-0.005912639155785573,-3.394574143276569e-05,-0.003748938157191835
2022-06-01,-0.00015847481747713568,-0.001983907600989584,0.003944150317272383,-0.0015643559542742097
2022-06-02,0.007265699732300991,0.005061597881380784,-0.0025739586053786625,0.0007228501290486264
2022-06-03,-0.006009297720131396,-0.004463110099594029,0.003176905657618219,-0.0010406228112764624
2022-06-06,0.008442770613243304,0.0007078113123619126,0.005895429638501565,-0.0023951572975793615
2022-06-07,-0.0007710929283502186,0.0011758434979099854,-0.002861688275630256,0.003880892817121429
2022-06-08,0.0014165176348201805,-0.0005233179763137099,0.0054479734215185415,-0.0012000796433651764
2022-06-09,-0.005273511736595574,-0.003149931278859712,0.004263515401037938,0.001011799940049165
2022-06-10,-0.012451076617797352,-0.008583486566460732,0.008280187631001416,-0.0023966955198975524
2022-06-13,-0.01584343482979073,-0.012141638880449796,0.012787418259538635,-0.00666670940607377
2022-06-14,-0.012884007273164315,-0.006495812300799491,0.003597637166786514,-0.0034882842880246193
2022-06-15,0.004930650594202105,0.004921477710220851,-0.010340501592008463,0.001294994063507193
2022-06-16,0.0030971221495956027,0.0048393892079099405,-0.004510190181307904,0.0024010315479821714
2022-06-17,-0.00891518827108011,-0.004211486698506695,-0.0009567146089213251,0.0013562449401400235
2022-06-21,-9.862966169708815e-05,-0.0003126110219105267,-0.004315975113088338,-0.003931344335447699
2022-06-22,-0.008583119428001884,-0.0016520093861296613,-0.00592802461303544,0.004321334169772372
2022-06-23,-0.015787846075195195,-0.005535451870275248,-0.0052074773150165826,0.0006733523939650671
2022-06-24,0.0019951312853554266,0.001469791395831432,-0.0005699611613325642,-0.0015034609392953228
2022-06-27,0.001472841781853293,-0.001928804712974948,0.0016586530371608752,-0.0018489467402698846
2022-06-28,0.00024273530344902592,-0.0011951952991322088,0.0057100362855798436,0.0015027509694296184
2022-06-29,-0.0014146734421428698,0.0007865258790382709,-0.0013571111140607199,0.0036509631756483987
2022-06-30,-0.012691719161671866,-0.0016292511558133344,-0.004082886023842807,0.002166875846267661
2022-07-01,-0.004167159307060097,-0.0030313367570624556,0.000911039716882654,0.0011242592819128566
2022-07-05,-0.020490801917276723,-0.009267246801293061,0.004237272185434098,0.0022579923976262352
2022-07-06,-0.0015168421386306656,-0.0030436192392563222,0.0033692902017355667,-0.0026342288845572063
2022-07-07,0.01697112862534637,0.005400894139964272,-0.004177428498173122,-0.0012183178194263137
2022-07-08,0.005958203527555026,0.002286994704502327,-0.00016642516775148257,-0.0024038038982286463
2022-07-11,-0.0016314757618363027,-0.0013917267708441535,0.00219827030702123,0.0034870691437770326
2022-07-12,-0.01808248875904838,-0.006729465819702956,0.002808426110730189,-2.540598696257096e-05
2022-07-13,0.0033144964827058355,0.000776389138614138,0.0005298274277440779,0.0034254584752339535
2022-07-14,-0.013843361580633614,-0.007189961110485644,0.010808508547552545,-0.0005536778471465522
2022-07-15,0.011702423868967351,0.005227685189427318,-0.009246347153106065,-0.00015866140754674488
2022-07-18,0.01706939405811016,0.0067317334996093315,-0.008372409246993975,-0.0014103667435945014
2022-07-19,0.000536902679281122,0.0005506925924738619,2.1471571652737752e-05,-0.000985801713361731
2022-07-20,0.0038422692504227955,-0.0007246011928859635,0.0014518524936826796,0.00045169768082760895
2022-07-21,-0.006268381066165842,9.553498812567643e-05,-0.0029429985748087393,0.0033197062408065188
2022-07-22,-0.0007153334802019771,0.001348274363099146,-0.0033000368020141536,0.003462536768594837
2022-07-25,0.0029818275056623165,0.001015324631706915,-0.00015468140785102782,-0.00021021884036190634
2022-07-26,0.00591752653725412,0.0015621586546767908,-0.0024872392773057825,0.0013639846364355886
2022-07-27,0.00913370984403283,0.006841636013075571,-0.004999951127638073,0.0018535092286559394
2022-07-28,0.007483635017181093,0.0058265133640957876,-0.009580419218044043,-0.002365443119427147
2022-07-29,0.007140017088618352,0.003979006335337423,-0.0034190225742894167,0.0009848766979600222
2022-08-01,-0.006996691553125153,-0.0013928954549551913,-0.0018958587922452382,0.00042730869571508097
2022-08-02,-0.008899896718569967,-0.007144431493230024,0.005802374002551456,-0.004216236412150098
2022-08-03,-0.001954920603169219,-0.001090407926007977,0.003228912102481785,0.0005353196063024576
2022-08-04,0.004436314848666582,0.0049466626962611305,-0.006487027121875174,0.0006391800213751619
2022-08-05,-0.003241837223113438,-0.0055765074702399916,0.00617054137071015,-0.0044989634210475075
2022-08-08,0.005474067307766643,0.0034629514386003233,-0.005303835333229549,0.0022904349344768224
2022-08-09,0.0035477983805433655,-0.0002594961009642128,-0.00037929736903350293,-0.0009771446332700708
2022-08-10,0.015247500626807964,0.009269798290778855,-0.0056936389857768464,-2.5661584262598653e-05
2022-08-11,0.007966229295846346,0.0015981252882361742,0.00030454049200479537,-0.00343918999718819
2022-08-12,0.0011571149267899188,0.0011877274954238783,0.00152486886851274,0.0020779329537095105
2022-08-15,-0.0047815969517302605,-0.0025752286984123077,0.001464030566865915,0.001075494008453511
2022-08-16,-0.004030389211021542,-0.003416121774524342,0.002947225123049436,3.443391122071016e-05
2022-08-17,-0.0030225458117027777,-0.0027455031318614443,0.0021109253540005646,-0.0026930352502161593
2022-08-18,-0.005993030165161654,-0.0037792756091031155,0.0022227268439741626,0.00010625385814898728
2022-08-19,-0.00028440840744855904,-0.003016894513706419,0.004266147242977972,-0.003413706421405462
2022-08-22,-0.0001849040526559357,-0.0025302521950090772,0.00319195704741293,0.0004949394337085172
2022-08-23,0.0021976882565125605,0.0021664961351817377,-0.003775395301946177,-0.0016249279816719804
2022-08-24,0.0021580747051409515,0.00016543484450731564,0.0008807501951876669,-0.0022610554132771556
2022-08-25,-0.0003278698601457205,0.0017075345444209457,-0.002884141562590833,0.0029303815126126742
2022-08-26,0.0007708523450508616,-0.002298268299709072,0.0021641448293443174,0.00013154685539380832
2022-08-29,0.0032318335337949066,-0.0008629316102576908,0.0026469192575790884,-0.0020380856299116756
2022-08-30,-0.009868002286406259,-0.0036683862198717003,0.0017673388761311054,0.00016646617633574883
2022-08-31,-0.0019072208609423936,-0.0012634170719970144,0.003495927216621117,8.686774104504197e-05
2022-09-01,-0.012513591440311193,-0.007942383875266452,0.008632442029506563,-0.0050689951516752815
2022-09-02,-0.0007898630108254497,0.0019881360808843528,-0.0056160582877758025,0.0011178226631158783
2022-09-06,-0.009474403495571245,-0.006784126179732557,0.006771584563958191,-0.005488591289084711
2022-09-07,-0.0061955258321335525,-0.0005447693048765452,-0.004370148613921347,0.0006534833299619207
2022-09-08,0.002168476050041168,0.00022156289924900438,0.0006991053941703045,-0.00025447943358338756
2022-09-09,0.013555684563317464,0.006600853611164982,-0.00565445943423595,-0.00011253994402930637
2022-09-12,0.008313276582264783,0.004640411443846945,-0.005045962077052977,-0.002220385102650833
2022-09-13,-0.009746416884671911,-0.009680598782222485,0.009321974961719883,0.00014809806713925741
2022-09-14,0.0024323033415960945,0.00030874350143375617,0.00016074351927357282,0.0006513261175080729
2022-09-15,-0.008254196941143788,-0.004600139005351929,0.004590747757082665,-0.001235406554082921
2022-09-16,-0.004163572874322212,-0.000811152320407779,0.00011274868897218247,-0.0004094540441629936
2022-09-19,-0.00048782716345806553,-0.0006863789823409219,0.0027313210519537053,2.3441240557870195e-05
2022-09-20,0.0017160978231593941,-0.000869543860136866,0.004720211384104885,-0.001662224518940931
2022-09-21,-0.0029002588343915894,-0.0012090981351663677,0.0012395025101549766,0.0027452072290451647
2022-09-22,-0.005611857718737851,-0.005609660178094859,0.006724963757188741,-0.0066480393572740885
2022-09-23,-0.021029386111281287,-0.012773114776536304,0.014950221827816348,0.002074233483207036
2022-09-26,-0.012343324096460774,-0.009037515077176725,0.012568304459613707,-0.005442610045404838
2022-09-27,-0.001080304139435433,-0.00101646178579278,0.00264394069023524,-0.003957518180613662
2022-09-28,0.015288200233185138,0.011486250827205668,-0.018266582642238887,0.00738638073390471
2022-09-29,-0.0018537082041318995,-0.0019325428249269924,0.0008423517935362359,-0.002302902709698665
2022-09-30,-0.004683605026363302,-0.003134174500185324,0.003676963839728399,-0.001896235767547171
2022-10-03,0.010179147971749156,0.008807574670085328,-0.012396732786771288,0.004405936730927332
2022-10-04,0.015541017324830975,0.007879793898300645,-0.012315080448504736,2.6073770376528133e-05
2022-10-05,-0.0009349596217506314,-0.003523298785682948,0.002815724349028845,-0.005224702735172163
2022-10-06,-0.0033327664180392096,-0.004269978346908486,0.0052649697594497865,-0.0017930672472448814
2022-10-07,-0.003046110446270484,-0.002919368589714937,0.005617641887735745,-0.0012914683374724266
2022-10-11,-0.0010163862424616018,-0.0004048103043416776,0.00034490340937821294,0.0006069945219465817
2022-10-12,-0.0020723295558237272,-0.0011483840767294823,0.0006355123220771712,0.0019946636134723955
2022-10-13,0.0059305420657204365,0.002110897491061686,-0.00248545974801423,-0.000498567454196085
2022-10-14,-0.013373696075445194,-0.008497775137199971,0.009820778727494078,-0.0016242475506119663
2022-10-17,0.0038321970807752587,0.0052302768142389496,-0.006513749232562282,-0.0007833515833739822
2022-10-18,-0.002767852900772861,-0.0004782568487366567,0.0014373468500995315,0.0008037993535293884
2022-10-19,-0.0048456189693110935,-0.004542807759930805,0.008510335814785894,-0.0030833298852094297
2022-10-20,-0.0004677605784860024,-0.0015461982311266971,0.002329902188049664,-0.0032203230035473857
2022-10-21,0.0023481801303281914,0.005106095899312173,-0.00722756682472946,-0.004169781992307678
2022-10-24,-0.0009506486260620756,-0.0010165091841221336,0.0027557520823687895,-0.001258227277121644
2022-10-25,0.007357376700568635,0.005158311470015385,-0.00773597096012599,0.004577376404489813
2022-10-26,0.003210512486152808,0.002941740786876264,-0.005886435641774066,0.003427501529338209
2022-10-27,-0.006949774093960879,-0.002452091725871698,5.777535906562869e-05,0.0014416256436169238
2022-10-28,-0.004022613870024569,-0.0037146688405422755,0.005475229361237468,-0.0017914556656994478
2022-10-31,0.004731596822338552,-0.00023900846555247615,0.0012764028016724474,-0.0015332091939895055
2022-11-01,0.0036061058608139454,0.0025477943277408817,-0.0006931434677194826,0.001603468363656004
2022-11-02,0.004441893593162115,0.000987431188908756,-0.001479374511936559,-4.678031330022762e-06
2022-11-03,-0.008959415578640552,-0.0077584507311649785,0.00890789144350121,-0.0007023646384554164
2022-11-04,0.01903559124160561,0.011211138333806502,-0.008681257269332306,-0.001693666325694123
2022-11-07,0.0031987871959625993,0.0010751030692228258,0.00018173091353187925,-0.0018449500539573231
2022-11-08,-0.004496261427873418,0.001229474905312722,-0.004220331771855578,0.002794978812959886
2022-11-09,-0.010590160316035654,-0.005205257306464995,0.005506205586796599,0.00046976236478037873
2022-11-10,0.013776867508797919,0.014591490120302928,-0.020000691420661586,0.006823067272088733
2022-11-14,-0.00415671686724077,-0.0029523342758296686,0.0013494651177374632,-3.511387857317596e-05
2022-11-15,0.00747325075394303,0.004384454747214369,-0.0029007546065706654,0.0012405771351549372
2022-11-16,-0.004001501990953369,-0.0008609781862108325,-0.0006184365554237346,0.004653726096047461
2022-11-17,-0.008432976702510359,-0.005886449163936044,0.0011228635412824052,-0.001672972890347432
2022-11-18,0.00043200512112040397,-0.0007233384523884692,0.0016823897791015637,-0.0007279256302385486
2022-11-21,9.919772453927147e-05,-0.0013680088775328094,0.002106467716765114,0.0007122069144769121
2022-11-22,0.0067368594035539095,0.003652208325333037,-0.0035149842814876735,0.001775667086273365
2022-11-23,0.0013585350689273392,0.002120532747371096,-0.0031099582737077625,0.0018254068119829049
2022-11-25,-0.0034257696592476074,-0.0007388702570044912,0.0009712353975776279,0.0006276616753931428
2022-11-28,-0.004739560045401312,-0.0038652109746074572,0.0010867922039874726,-0.0006284519801243476
2022-11-29,0.0037840696559093483,0.001222671823186409,-0.0010806113469693623,-0.0019618388174906147
2022-11-30,0.011570129074160818,0.007378551336184315,-0.007207484613289936,-0.0013456255574470929
2022-12-01,-7.803786056473228e-05,0.004460604469747422,-0.006020939481144637,0.003991475718965285
2022-12-02,-0.003490093272547973,-0.001430503796073428,0.0023992702286976726,0.0014991049564989955
2022-12-05,-0.012797119580152613,-0.008388420228914546,0.004167533234260561,-0.001265384520271647
2022-12-06,-0.005627141151068325,-0.0022892584007602437,0.0006010238848063877,0.00396558941119542
2022-12-07,0.0021607657300878424,0.0031910472180850125,0.00017846981405778407,0.004210243399633867
2022-12-08,0.0023305334092126643,0.0007923504645627483,0.003265638638693498,-0.0012430952692465654
2022-12-09,-0.0019321574219326545,-0.0016578013388068391,0.00021562111025563976,-0.0025070946387064632
2022-12-12,0.003402208517878315,0.0001764943316716673,-0.004432909147961256,-0.002411390841165811
2022-12-13,0.013662813107813055,0.009650211743423396,-0.005228351424565364,0.0021195902808217163
2022-12-14,-0.0020693250168394304,-0.00023212653792530335,0.000870392809136621,0.00037055816683816015
2022-12-15,-0.007280780759034802,-0.005959550424926922,-0.000780631054702199,0.0023029311422301116
2022-12-16,-0.003361092139889378,-0.0010485253562729413,0.0008698903370402706,-0.0022035446922503282
2022-12-19,-0.004401069702564209,-0.003032988508758597,0.0013553757125764924,-0.0027726191362828366
2022-12-20,0.0035187310250124537,0.0024671548034838962,0.0005601478828074793,-0.004792430934716384
2022-12-21,0.008440311247141955,0.004170538273918908,-0.002456587091256413,-0.000772263594182977
2022-12-22,-0.00759313153178999,-0.004055678502227008,0.002987987599838323,0.0014000976404385892
2022-12-23,0.005721348568474588,0.0017852781215708003,-0.0001990968008216606,-0.0033627879461124353
2022-12-27,2.9273553508778775e-05,-0.0018330804775171673,0.0014518341612461511,-0.00453476126678898
2022-12-28,-0.005422026269788436,-0.0020636313020410833,8.295343199948889e-05,-0.0016491384464737578
2022-12-29,0.0018709867679884728,0.0018993096682066689,-0.00040259338095365753,0.0026047034270345604
2022-12-30,0.0004423951250016781,-0.0002739271723748095,0.0010134360025608688,0.0004047362950072706
2023-01-03,-0.01340133010213835,-0.005577391199036541,0.001362292939727209,0.003093339774017108
2023-01-04,-0.005433045480712664,-0.0007100909784936217,0.0013420444728832216,0.003880391298619274
2023-01-05,-0.006648365073045231,-0.00433000189381669,0.001845906668055206,0.00012954276948364403
2023-01-06,0.005844399840730442,0.00675421060103666,-0.006518787395162566,0.0037456445149055477
2023-01-09,0.008400272403828813,0.004172570120193455,-0.002556347658127239,0.0008946126654121656
2023-01-10,-0.007345246223984641,-0.003923890591084276,0.0016354398093278927,-0.0028415752894114968
2023-01-11,0.0005260898308043354,0.0010485903813568802,-0.001907465351803083,0.002088825652495732
2023-01-12,0.007341251634737354,0.005632882553344852,-0.0018430354026684659,0.00367473752217896
2023-01-13,0.0016509387779123058,-0.00029140625114655475,0.002450289500434073,-1.5963658929216227e-05
2023-01-17,0.0034475901589778564,0.0017635989134493126,-0.002757712816589237,-0.0031390319853938425
2023-01-18,-0.0038345966801747963,6.177914845136411e-05,-0.0032227721931509428,0.0032759571544642525
2023-01-19,-0.005497226819601869,-0.003082937697911896,0.0011106509245108348,-0.0006335040747595845
2023-01-20,0.0010936985285398436,0.0008608834133078949,-0.0015243757766978672,-0.0030050481009401726
2023-01-23,0.0009588426030334487,-0.00023245354188320994,-0.00035959325672907074,-0.001263385161317093
2023-01-24,-0.0009833531251066756,0.00047553462543555817,0.00028981255315438305,0.0022365924551448124
2023-01-25,-0.002008875593084375,0.0004465491347959917,0.0021278570613551687,0.0006158259407868124
2023-01-26,0.006525052484546495,0.0028825811906464504,-0.0007367900003823425,-0.0013714826337274072
2023-01-27,-0.0009235398774663656,-0.0006746910880401359,-7.663221414284343e-05,-0.0008087444569551256
2023-01-30,-0.005217604555963253,-0.0024117645138443545,0.0015072542808408954,-0.00040750263941249524
2023-01-31,0.006749953549761256,0.004334938817019766,0.0009477676242651665,0.0007192664648274195
2023-02-01,-0.005665349352863328,-2.5222381276633946e-06,0.0019263868140397802,0.0060826684482769185
2023-02-02,0.0031565211492502908,0.0019001675264554868,0.000948294045201287,0.0009533153601620581
2023-02-03,-0.014487177830725043,-0.010458655170381111,-0.0001084615339627956,-0.0034906817288510982
2023-02-06,-0.0020332943460573995,-0.003779236160267987,1.719317435062294e-05,-0.0033172650785424263
2023-02-07,0.00868725953795194,0.003603952020413849,-0.0011543532005645193,-0.0018380189318253075
2023-02-08,-0.0026535631689609033,-0.00028671151417418005,0.001525082726266081,0.0007488404184747588
2023-02-09,-0.004171184951461209,-0.0028555445185336685,0.003328375534981214,-0.0005251300918084623
2023-02-10,0.0014338911768232343,0.000386508571432692,-0.0019443656772082352,-0.003391125835575699
2023-02-13,-0.0016607253348458445,0.00011655646002485146,-0.0026997838404477737,-9.948217997087882e-05
2023-02-14,0.0030125898467711224,0.00013490520005763037,0.0014987701290312314,-0.0009020298693099994
2023-02-15,-0.008010618801555573,-0.004451163843114426,0.002500073404364481,-0.001313349060272021
2023-02-16,-0.0027750965316503044,-0.00124565845036865,0.0012000088915527863,-0.0013529815016633216
2023-02-17,-0.0025557353560679784,-0.0007403394765885136,0.0021281788401672874,0.001336366430544196
2023-02-21,-0.0029102261496992384,-0.002601718515384227,0.002774048130299198,-0.004580132489030401
2023-02-22,-0.0028610319845089474,-0.001910425979550614,0.002112087604137821,0.0018664668019178162
2023-02-23,0.0019560358829384763,0.0010782990698424617,-0.00013693365888149933,0.001725992389185764
2023-02-24,-0.0034853955798885726,-0.00510634256999158,0.003951135924417147,-0.0030577382359789225
2023-02-27,0.0018923142519505106,0.0010666096639447237,-4.6756753578248574e-05,0.001321659252633001
2023-02-28,-0.00034824287953936334,-0.0008270330607331838,0.0009623811066659915,0.00019306849093404379
2023-03-01,0.0033293761123739606,0.00022198974568806752,4.8122007148142014e-05,-0.003274943961257209
2023-03-02,-0.005448078759963548,-0.0033172804961155203,0.0006606582419778823,-0.0037513456966351832
2023-03-03,0.007664244292799313,0.005751010042729235,-0.00424986334893226,0.004308978896304495
2023-03-06,-0.0051224529632662025,-0.0009312619980813431,0.006301347391839587,0.001352220656342588
2023-03-07,-0.008370077475634787,-0.006488409884325851,0.005409469131542223,0.002777139851438762
2023-03-08,-0.004376099052288962,-0.0019212879550503919,0.0012653323867163663,0.001325394814251118
2023-03-09,-0.004650525020726974,-0.0010797293609484046,-6.172918407504346e-05,0.002134263412758007
2023-03-10,0.002444255208080018,0.005408488571780923,-0.011057360646903717,0.006137580470211145
2023-03-13,0.0051076543909271905,0.006060190099451298,-0.013394613555508096,-0.00019447074517324166
2023-03-14,-0.002058434520132255,-0.0025792861864419223,0.002593839452762475,-0.0019713776437131217
2023-03-15,-0.011814429616117013,-0.003860103466344262,0.0014981829198453356,0.0022347128777106913
2023-03-16,0.00484707046648373,0.0021475500136355114,7.712212138183397e-05,-0.0008390087296861785
2023-03-17,-8.487113189790211e-05,0.004186763775667927,-0.000694312902052383,0.0035057789777815707
2023-03-20,-0.000809539007144316,-0.0006384232536798415,-6.074331281057485e-05,-0.0015537361796023105
2023-03-21,0.0010044187496082999,-0.0025549908738192366,0.0010129522563350098,-0.0009720319476397715
2023-03-22,-0.0003811488573936761,0.002377443010004673,0.0006289349189228285,0.0016021252059214433
2023-03-23,-0.0014303058498375285,-1.613262881330305e-05,0.002327946552891909,0.0025387072738898404
2023-03-24,0.005433196454315944,0.0026223387339891556,-0.002238181810641083,-0.00019817814787955238
2023-03-27,0.0038008002913483053,0.0013394120138682556,-0.004495046232583315,-0.0037786041414082515
2023-03-28,0.002284078280063732,0.0014927968317807578,-0.0004182232182431862,-0.0005594753989733689
2023-03-29,0.0016989376641158294,0.0009657942049778229,0.0010439969205668406,0.0002641738230349574
2023-03-30,0.003218467972205763,0.0032541325294219428,0.003605332155436877,0.002105992844023238
2023-03-31,0.007587544507209273,0.004714923044761785,-0.0017195304842275332,0.00041146233085973905
2023-04-03,0.007169278285581208,0.005087805745989136,-0.005095932153797193,-0.0013873881621405465
2023-04-04,2.0125330781772464e-05,0.001977366124953948,0.0038005739852416493,0.0036374619238269384
2023-04-05,0.0008159180559827189,0.00019032646909433672,0.0005744852750520715,0.0008316865721888534
2023-04-06,-0.0033906263756782926,-0.0013442409346255144,0.0032465107467710744,0.001963032721910655
2023-04-10,-0.00024598453070079357,-0.003277912446744186,-0.002153030955445703,-0.0025531791331511915
2023-04-11,0.0053837797940328724,0.0036302483574481427,0.004237306548261525,0.0014680884502013764
2023-04-12,-0.001049116896045573,0.0003432345023933706,-0.0014636541193301822,-0.0003590911670524899
2023-04-13,0.000680039355295551,0.0014423638993927492,0.004321211845189707,0.0006435068620412454
2023-04-14,-0.0022407536356004046,-0.0038935313534435574,-0.0027750389757724187,-0.0019168883855203182
2023-04-17,0.0035251796299815303,0.001197366355010334,-0.0007744698492099649,-0.0021089783202696798
2023-04-18,0.0054282600566791205,0.0027912043788297213,0.0009822465359251712,0.0006744420848807191
2023-04-19,-0.0036664759088674576,-0.003143015021347349,-0.0004452102700362462,-0.0003150249341317822
2023-04-20,-0.004205718271285682,-0.0010261265346284186,0.002658469025660972,0.0024096474275640215
2023-04-21,-0.003934330491285521,-0.003005501445974022,0.0005718335449151603,6.154488887823606e-05
2023-04-24,0.0022236576515543855,0.001778474014609482,0.002600607707016141,0.002728800119658246
2023-04-25,-0.006844274300347719,-0.002412117889233197,-0.00011193027533021525,0.00242728594513693
2023-04-26,-0.004637644057555664,-0.0020623063909865793,0.0007928730541357297,0.00022051361073160752
2023-04-27,-0.001307123724507279,-0.0021728358916834017,0.004439971006617279,-0.00046848896259733515
2023-04-28,0.006554451042842202,0.0034136693998310192,-0.0025227212145358057,0.0015469886813493385
2023-05-01,-0.006824189726758142,-0.004706677158480222,0.0008645155041562831,-0.002183940789569908
2023-05-02,-0.005693730754244882,-0.002343544249098348,-0.0019380523577646027,0.0015206766883725936
2023-05-03,-0.004836757605080886,-0.00022178909239689687,-0.0011021516002776555,0.0004602634413829403
2023-05-04,-0.0013050317722904515,0.0019427632789079516,0.0015302503745846126,0.0003619677987011028
2023-05-05,0.008499468781152764,0.0035457850926440652,-0.0017382575650005349,-0.001739679681418262
2023-05-08,-0.0009458841220399526,-0.0017282469981939488,-0.0010418293830477896,-0.0018637525662508541
2023-05-09,-0.002166278875716259,-0.0016305028420112268,0.0018146147573377433,0.0008872600268799201
2023-05-10,-0.0027536186794170007,0.0007146617784502792,0.0014228773772985018,0.0009565423918570924
2023-05-11,-0.009911371856384599,-0.005812278107316291,0.0017603451632738562,0.0009356907193965908
2023-05-12,-0.0016313745147521006,-0.0025072804912585032,0.0014719785082814613,1.3901087353909887e-05
2023-05-15,0.00981708291528303,0.0054925325798524235,-0.002665044291256665,-0.0009498827626349962
2023-05-16,-0.00652463262945344,-0.005232615265793941,0.004476396891257266,0.0008910080639039683
2023-05-17,-0.0005778593204211304,-0.002242022221517595,0.004211703116134117,0.0012480128398534704
2023-05-18,-0.0021561049854634706,-0.003138537453115664,0.005107020019804378,-0.0001817999273524733
2023-05-19,0.002747958439086978,0.0010166162591169919,0.0031203894143011163,0.0005357201481670728
2023-05-22,0.0007897623622413413,0.0015982990574857168,-0.0013870414201803932,-0.0006575556144700041
2023-05-23,-0.0028321324056794052,-0.002202511117453216,0.0008844381313332999,0.0007140417039646598
2023-05-24,-0.004064011788693358,-0.003145553662237674,0.002796557468648848,0.0002637361275850979
2023-05-25,-0.008401586276300815,-0.005538612996443833,0.006157904938886154,-0.00042981684677724334
2023-05-26,0.003702708359503809,0.0026383971016511695,0.0014640021918726376,0.00026163908291279895
2023-05-30,-0.00897425655218771,-0.0026036621690406735,0.00266295077451289,0.0028600159388947246
2023-05-31,-0.0001307939012024278,0.0008313091687412766,-0.003097062327615195,0.000409329483948135
2023-06-01,0.006976476169756457,0.006834740916115759,-0.0032689284035047985,0.0006060702353203227
2023-06-02,0.005393717844582226,0.0014838593297956308,-0.0014708928538152426,-0.0028872265754373485
2023-06-05,0.0022455867093661786,0.000601355275653347,-0.0016821099542975503,-0.0005634863796352045
2023-06-06,0.0019598547754276453,0.0019191185901004206,-0.0006062217634156059,0.00016586894466789768
2023-06-07,-0.0029019518998348592,-0.004148343184166847,-0.002429477015110047,-0.0034602302786250743
2023-06-08,0.008710317302488979,0.006629324775144254,-0.002198406110605033,0.0019879590249128037
2023-06-09,7.848907025199969e-05,0.00018423004874099682,0.0017868067031222227,0.0006053141910957177
2023-06-12,-0.001993928494991959,-0.000329287355396834,0.0011118156649225922,-0.0012595266375535767
2023-06-13,0.004040032420834578,0.002097341380762002,0.0014307677459679273,-0.0007373301006054774
2023-06-14,0.0023203466401246252,0.0012863365897941034,-0.0006500608561404127,0.0013449741179809782
2023-06-15,0.0165984245442074,0.01056082033179893,-0.004778170796381208,0.0008352532049143236
2023-06-16,0.0056614121485635775,0.0025423449970591295,0.0015137106989696703,0.0008856272187769222
2023-06-20,-0.004621570625116139,-0.0033461810742650266,-0.003551430005171423,-0.0010025582849129077
2023-06-21,0.0014738452889025556,0.0006444730881993001,-0.001037761698573874,0.0006660788398416381
2023-06-22,-0.006538903977296653,-0.005423954037272947,0.0017851689147602838,-0.0013318015374524867
2023-06-23,-0.006464261252764294,-0.0045740897771574165,-0.005004245895204688,0.00034714754443988566
2023-06-26,0.0006896251126553222,0.001094300107287534,-0.0017138903459849512,0.00011567873566582174
2023-06-27,-0.0032134188498347425,-0.0023147079318789096,0.0008525416329133625,-0.0009456231878171291
2023-06-28,-0.005659946432276965,-0.0024463740523834473,-0.00010897425366616729,0.0008436523602129741
2023-06-29,-0.0021929124191805496,-0.0036229838481735476,0.002619279617202124,-0.0037821309330557428
2023-06-30,0.00981939777413814,0.007022987683500473,0.0018628190154984503,0.00228682119134042
2023-07-03,0.0003681495365950371,0.0004155800892173255,0.0031243772913841132,0.0004570845374397799
2023-07-05,0.0017739772835413349,-0.000440244875056884,2.111957716169922e-07,-0.0030745791782941863
2023-07-06,-0.00799751698325669,-0.005493040079616095,-0.00013157853932992892,-0.002680494950309792
2023-07-07,0.0025349492126829935,0.0032257422241931005,-0.002557916486887693,-0.001334971448482552
2023-07-10,0.0009472317971934147,0.0014052031685752898,2.9859895059346655e-06,0.0009051404447699238
2023-07-11,0.004605639314082002,0.003144982496733919,-0.0006376260479250942,0.0003980694692322175
2023-07-12,0.001169416129930156,0.003993087672150438,-0.00450680364567137,0.000586256966306581
2023-07-13,0.008837554365757139,0.00717333425034247,-0.0023305540080400633,0.0016612925198260027
2023-07-14,0.0026894897537488066,0.00011837887848318006,0.0010224122030271512,-3.068206146720684e-05
2023-07-17,-0.004049959414580175,-0.0012762305970884648,0.0015227196778212937,0.0008087972091643565
2023-07-18,0.008235348063970388,0.004462666098582269,7.387084164188017e-05,-0.0004488448681384632
2023-07-19,0.005975376363546394,0.0027807448448719774,-0.0007160478584526883,0.0011723664562540738
2023-07-20,0.0014000928668703794,-0.0033294293826116807,-0.0021442891273790346,-0.003912852807134666
2023-07-21,0.0017736934853181088,0.00017397689705745035,0.0017039679732160375,0.002174229383829954
2023-07-24,0.008201458897000339,0.002782165945215101,-6.653853144823779e-05,-0.0022202810947704824
2023-07-25,0.00491910890480184,0.0017803892895177022,0.001570242973267582,-0.0018121998075209648
2023-07-26,-0.003086750668223367,0.0009081708602843788,-0.0011642044650129254,0.0019006910547696128
2023-07-27,-0.0084290708166049,-0.007627615741104077,0.0013287951396226802,-0.005693251773363138
2023-07-28,-0.0004158370520124845,0.0005380842241410695,0.0024481081708427606,0.0026152914683242826
2023-07-31,-0.0008561959257892027,-0.00057699288328978,-0.0014074827458956662,2.0630121743072435e-05
2023-08-01,-0.0053949032720347085,-0.004268292001153915,0.0038303962199012142,-0.0011852721061518295
2023-08-02,-0.01057358111672894,-0.006635067041081288,-0.004200223799710505,-0.001494310885039436
2023-08-03,-0.0016990008136218069,-0.0027302795735365064,-0.0003662406637291091,-0.004336457969234699
2023-08-04,0.0029692321560290595,0.0036394147441821748,-0.0031317243461775183,0.003189107389586881
2023-08-07,0.003391601630728694,0.0007797166358232949,-0.000772491561972211,-0.0014205042995093938
2023-08-08,-0.0038634346585250928,-0.003265835759292638,-0.002551159897165599,0.0012164690755270685
2023-08-09,0.0012425316176134175,-0.0006623812970972196,0.00047566795468641704,0.0009581836422651301
2023-08-10,-0.002644352267768435,-0.001621928951423123,0.0023080299287739285,-0.0017965252244284081
2023-08-11,-0.0018427356614699824,-0.002138303795987683,0.004050933200660973,-0.0009890753104669235
2023-08-14,-0.00338560654639822,-0.0022791269074742466,0.002797970344283644,0.000343664485349746
2023-08-15,-0.006138379769791769,-0.003917741469963951,0.0015635155262236592,-0.00034847752082369453
2023-08-16,0.00012644328417504418,-0.001090349451404105,0.0032136777809273825,-2.3471705201969038e-05
2023-08-17,-0.0015571420069459634,-0.002290100735401963,4.6839857993600846e-05,-0.0018211133221984384
2023-08-18,0.005611296825828042,0.0034855590125750283,-0.002733109997012683,0.0006730286341726007
2023-08-21,-0.0003117233927231296,-0.00047828295956339837,0.002253828404325432,-0.0022957335322362177
2023-08-22,-0.0034494856981702373,-0.0023228336874505985,-0.0016102145735144278,3.0386107291351236e-05
2023-08-23,0.006439005841178143,0.005834995025327142,-0.005572094789882645,0.002284147413242338
2023-08-24,-0.002617878479584846,-0.0032692126136956777,0.0034328267736498637,-0.0003535640143767135
2023-08-25,0.003667321338652358,0.001909545049870686,0.0040399410787784,0.0008742615605179372
2023-08-28,0.004333619436802996,0.0030629236446940355,0.0011016195440407153,0.000987871198634636
2023-08-29,0.00420709484707139,0.0048265368536092885,-0.0020068037549215087,0.002226781909508573
2023-08-30,0.004810890950401814,0.002506407281874986,-0.0005599896355459479,-6.822867130233403e-05
2023-08-31,-0.0017387518037527657,-0.001480346467464394,-0.0004273968343013552,0.000492936550101266
2023-09-01,0.0018561796941639799,-0.0010636597545555042,0.004463257273181937,-0.0024577535558452726
2023-09-05,-0.0016547209313596148,-0.0027130056897983787,0.006149527192976522,-0.001379796857400826
2023-09-06,-0.002627098904933545,-0.0021565992054236784,0.0014543123821472376,0.00039052602063379435
2023-09-07,-0.004042723864563466,-0.0020610938845899134,-0.0009911681298054732,0.0004533452295558489
2023-09-08,-0.000497225661954297,-0.000502945374317027,0.002758815229022216,0.001099176625039385
2023-09-11,0.003366301339951546,0.0028428582061704112,-0.0009153952540982553,-0.0012623873250589889
2023-09-12,0.001448647913132879,-0.00012279154411981357,0.001402542456265909,0.0013423170851798606
2023-09-13,0.0012788143414019218,0.0002728548711572068,-0.0013007369059333698,-0.00016902310353218356
2023-09-14,0.002917196975250824,0.000791906947937673,0.006616728461831562,0.0003272434763059325
2023-09-15,-0.0002942708231538942,-0.0007308002385091326,9.467663111952154e-05,-0.0011102654436304417
2023-09-18,-0.0011652463312907342,-0.0014132188489259208,-0.0019880086498814315,-0.0003469857232363755
2023-09-19,0.0007571577490152056,-0.00013696337986375353,0.001505819603185845,-0.0010621343446508777
2023-09-20,-0.0028926299709948655,-0.0018725258871440536,-0.0029359384267706157,0.00026237143716387884
2023-09-21,-0.012293154081562367,-0.008054965309448889,0.0042399205749129925,-0.004945813089464592
2023-09-22,0.0006158381207892613,-6.774023497198683e-05,9.779468907285399e-05,0.002356941288998118
2023-09-25,-0.003826430119110573,-0.0033209043255775783,0.0016061083170336098,-0.005380078920980881
2023-09-26,-0.0020526050663132148,-0.003170734237783859,0.001936165509308784,-0.0014365254151365015
2023-09-27,-0.0010550352314630466,-0.002631367030136014,0.006442316232554845,-0.0008250235546123953
2023-09-28,0.002529981922974422,0.002151081478817355,-0.0036421518595096914,-0.0005421384193135487
2023-09-29,-0.009471026521557058,-0.00449383035779265,0.000802545602327913,0.001280387848250705
2023-10-02,-0.003328073062232163,-0.0036884274627914104,0.00632174244432143,-0.004095843150171926
2023-10-03,-0.006945968303391717,-0.005803428410938519,0.0034973256657148083,-0.006202778718801209
2023-10-04,-0.005221923481139853,-0.0005221358627383822,-0.003728321551457843,0.0012078795680076904
2023-10-05,0.003847641006882766,0.001987907429058065,-0.003553878015501193,0.00014172096646096873
2023-10-06,0.006293801344370601,0.002738962042378619,-0.00011819864575617547,-0.0019120332812689472
2023-10-10,-0.0007928697257913983,0.0005687206984487616,-9.837982435571085e-05,0.00023816664657163634
2023-10-11,-0.004149612966964246,-0.0012089148055229228,-0.00149613111470537,0.0024600904811666194
2023-10-12,0.0015437999423565825,-0.0018517812730070942,0.006426956770436958,-0.0044279636327135856
2023-10-13,0.007250499003593395,0.004386198609762131,-0.006601971878032604,0.0018685006922811059
2023-10-16,-0.0012814280081759268,-0.0004079271832515319,0.0011724975324197433,-0.003950357421967922
2023-10-17,-0.0015130270114243763,-0.00200073398366907,0.006296513044236832,-0.0029887764324612732
2023-10-18,0.0011673588199583899,-0.0009830765633388806,0.0008043324536108667,-0.002864666833829225
2023-10-19,-0.0014097712249245395,-0.0013225358257097876,0.0027190409894746895,-0.004400829018010555
2023-10-20,-0.003228240059341148,-0.0008482357160655865,-0.0007018403705300045,0.002046687924127192
2023-10-23,-0.002114108704536555,0.0003812898598174178,-0.0014918432958564273,0.005152570223289707
2023-10-24,-0.002792778168432172,-0.0022971207696411465,0.002964175145885821,0.0007436519003819952
2023-10-25,-0.0015091089158689147,-0.002944666857619938,0.005408956298601191,-0.004992937038343047
2023-10-26,-0.0008107523234536088,-6.598506899712357e-05,-0.0017318630583535478,0.004068218781418742
2023-10-27,0.005110097113230968,0.0021854095869530774,-0.0010481186336830253,-0.0004773645756559828
2023-10-30,-0.003562421454500395,-0.0008701960577202166,-0.001448918553693352,-0.001161728914839141
2023-10-31,-0.0028955039927583276,-0.002017213842650712,0.0030274862249108367,0.0015066322240740084
2023-11-01,-0.0037505034419045963,0.00015064077386194057,-0.00467431904260811,0.0029555581760047035
2023-11-02,0.008155330172343897,0.006511051157476504,-0.009767174323129927,0.004856246092387814
2023-11-03,0.004589050807325,0.005368084363955336,-0.007777725791282176,0.0038668095134324777
2023-11-06,-0.0013127222210021763,-0.002809204015928862,0.006846486177844202,-0.0023652455984582363
2023-11-07,-0.00956931474154964,-0.0045780435686468834,0.001887031217983506,0.0037940797185962204
2023-11-08,0.0005624509704750838,-0.00035579984166623667,0.00013478880815896333,0.0019468809675736952
2023-11-09,-0.0015099157122053309,-0.002843982585793135,0.007300529937748024,-0.0031723237164485796
2023-11-13,0.006582771508073918,0.003410834374191372,-0.0006130348542792622,0.00027796040412383065
2023-11-14,0.006697591131819328,0.008805741231379725,-0.013878373697240978,0.005006358879664095
2023-11-15,0.0001920325236305654,-0.002068388527789784,0.00560581334116574,-0.001532249024796416
2023-11-16,-0.004303307582841189,-0.0006471129863607524,0.002410867034536895,0.0036132622371229904
2023-11-17,0.0012678535264799664,0.0011153003146947118,-0.0008791396348365956,9.489917152866813e-05
2023-11-20,0.0044048709521577285,0.003173280362717853,-0.002027644179129712,2.1207223317006572e-05
2023-11-21,-0.0005769937501805556,-9.017296187853048e-05,-0.00039046434657976064,-0.0006771173053540993
2023-11-22,-0.0031775809288127252,-0.002000861488201174,0.0005237419458370195,0.0009204559323814357
2023-11-24,-0.007655331815881169,-0.003241919909423952,0.004740472333983629,-0.0004934111264079137
2023-11-27,-0.003929129204887639,-0.00021609444395288618,0.0010179775848320716,0.003499725743235855
2023-11-28,0.008089072391457524,0.006391296843761468,-0.004752556004162837,-0.0004696577108082667
2023-11-29,0.002626358432880849,0.0020899903251928994,-0.002822709555409043,0.0012854066075766338
2023-11-30,-0.00019965785168914025,-0.002085067745390977,0.001295284416626216,-0.002207117970493644
2023-12-01,-0.0032315883693254084,0.0007873353071922109,-0.0020397697595823223,0.00304869764129178
2023-12-04,-0.0083867609298822,-0.00642229718890739,-0.000693557366985584,-0.002701195296027788
2023-12-05,-0.0038917214544833332,-0.0008200184749940719,-0.004063846403370871,0.001566093086848329
2023-12-06,-0.009567205340742856,-0.004231654389121942,0.0029808906177448196,0.002688379213985136
2023-12-07,0.006964789483015576,0.004890498135705536,-0.003919394201626897,-0.0027249129896298623
2023-12-08,0.00010591969434217048,-0.0025759020224332845,0.00046598000683758145,-0.0030278189503635507
2023-12-11,-0.0016807176739791836,-0.0005998433468542889,0.0019242281611909352,0.0001711926731149162
2023-12-12,-0.005726564328132093,-0.001714161221034799,0.002883236891569476,0.0016126849067228412
2023-12-13,0.001608468942455472,0.005189544955204156,-0.004272135222462961,0.0044275873734031645
2023-12-14,0.013066130641460299,0.0080318759256407,-0.007589838926269045,0.0028611129334144203
2023-12-15,0.001458317214760751,-0.0011513947054768894,-0.0016082866473032197,0.00020893982191223348
2023-12-18,-0.00044750930443065334,-0.00041648188576898145,0.0018276205309915522,-0.0003739963859441277
2023-12-19,0.0027306791393709355,0.0026657900928246225,0.0023265909505325024,0.001170779487017162
2023-12-20,-0.00596680989070862,-0.0030053967526963666,-0.0031026138785721974,-0.0002803609569056156
2023-12-21,0.0005164578929776421,0.0010694578689610388,0.0015998534231541994,-0.0006658912142943597
2023-12-22,0.0013463203979250894,0.000382719874560368,-0.0007348677239505413,-0.00044699351245585636
2023-12-26,0.0016592505042372343,0.0013964435201148377,-0.00029174773268008996,0.0006013407749759648
2023-12-27,0.0023351992825078414,0.0023562810282576905,0.0018092005819369875,0.003372962256120193
2023-12-28,-0.0025302711249566745,-0.0026593920295780666,-0.0011788422833296272,-0.0021049564659921293
2023-12-29,-0.007379652964575326,-0.003595791100627876,-0.0002734970325627418,-0.0010367178012051957
2024-01-02,-0.007496605654632393,-0.005749827955891174,0.0006024134728302435,-0.0014618450110489261
2024-01-03,0.0013807658185365289,-0.00022495183038422992,-0.005657488100501078,-0.0012648781045668648
2024-01-04,0.0014579665307478669,-0.0009308176724122118,-0.0015145503407008032,-0.002932604284333969
2024-01-05,0.00035522604028244816,-0.000705388563385164,-0.001340936887992652,-0.002066292484423313
2024-01-08,-0.003958298307923438,-9.311202951279451e-05,0.00021878091328999408,-0.00010212650258924444
2024-01-09,0.004763299299374635,0.0009273232378113213,-0.0012705844604643983,-0.0001956911387966066
2024-01-10,-0.003303675681575821,-0.0006830060248208479,0.0034990789637183903,1.571704096939606e-05
2024-01-11,0.002959238436764436,0.0024738758234460006,-0.0011827712484701312,0.0010000552904810285
2024-01-12,0.0006298555816727623,0.001371372306458179,0.00017672536417136385,-9.174546455368958e-05
2024-01-16,-0.004501336667354672,-0.004772546046007224,0.004253238488300648,-0.0018142660223200132
2024-01-17,-0.005833060867233479,-0.004084331909625903,0.0019052681831051269,-9.583765001758748e-05
2024-01-18,0.004611377515693061,0.002836145978888586,-0.00046364244496266253,-0.001630691581042815
2024-01-19,0.003021813533612879,0.002195663319661043,0.003240328591238437,0.0010401748548507191
2024-01-22,0.0018248578810524136,0.0015204295267445295,-0.00024230080810748545,0.0016760613252241729
2024-01-23,0.004326814122960295,0.0005666352170440655,-0.0006554414627846697,-0.0017769858007416757
2024-01-24,0.0058606659595271116,0.002590835317408877,-0.0011718835364203331,-0.0011001520896414766
2024-01-25,-0.002707868779022316,-0.0008333466300791424,-0.0013539869247304766,0.0005492132200604525
2024-01-26,0.0020025687016854577,-0.0005286927355973959,0.001405692271600298,0.0003385581293621257
2024-01-29,-0.0023766425283428872,1.9129208436631425e-05,0.002899215121597424,0.0027395614766895734
2024-01-30,0.009272540571335815,0.004093294196122961,-0.003207776246024091,0.0014416857033606651
2024-01-31,-0.002048047658303776,0.000137405291679171,-0.0037426501802266493,0.001944957803825678
2024-02-01,-0.0003169854870283918,0.0018726626233043515,0.0037768017129155675,0.004555433168279988
2024-02-02,-0.0022026729481639026,-0.004512250443912827,0.007392337109847863,-0.003437792130247283
2024-02-05,-0.0032587185928303715,-0.003432719809525902,0.0018562278264872049,-0.004233596922648563
2024-02-06,0.0012333124662606378,0.002002900535463639,-0.0016575664364326746,0.002547410642110233
2024-02-07,0.0035792759654609033,0.002067701236492247,0.003769247374819829,0.0007264840615887533
2024-02-08,0.001979599010502341,0.0008760901676588476,0.0044810530673169615,-0.0021103554689979025
2024-02-09,0.0005936113027532043,0.0007167042901574445,0.004048976365051713,0.0010117962690233497
2024-02-12,-0.0043618595246929905,-0.0014068967580070414,-0.00038625336975276283,9.679565977842774e-05
2024-02-13,-0.00633959008278846,-0.00634784871168417,0.0071015749251781045,-0.003302259993415672
2024-02-14,-0.0006748751038712766,0.000893787239307741,0.0020920986346726787,0.001784152996256631
2024-02-15,0.0024637138086750793,0.001975065797595175,0.0016246519782496952,0.0018144425523441581
2024-02-16,0.0003812016928407075,-0.001222178028188368,-0.0027926591233529605,-0.002331237944482865
2024-02-20,0.0006819006941420482,0.0009474092702840517,-0.0014899538084982566,0.0004416075955928332
2024-02-21,0.005428186733037076,0.000515164360478704,0.002055386778797752,-0.00042488163060156305
2024-02-22,0.0017601233667560935,0.0015670328123349975,0.007398748812782977,0.001887445433494916
2024-02-23,-0.0027155383004523904,-5.927442130187788e-05,0.0040747853390041035,0.004620111209955212
2024-02-26,0.004528439132164404,0.001195646138094537,0.00036037309387173795,-0.0011192901807521576
2024-02-27,0.004895291593550296,0.002197612645572124,-0.0008502406001196699,-0.0010634941501235931
2024-02-28,-0.004230594384375726,-0.0020340584397886227,-0.005052361942218938,-0.0008846321349219535
2024-02-29,0.0006269575946361821,0.00033850098126993503,0.0016499455195587095,0.0010696536905005953
2024-03-01,0.004490387560881409,0.0046223654620539956,0.0010838234985600305,0.002568828312267661
2024-03-04,0.0037983381884222184,0.000691484862923641,0.0004836620932637864,-0.0006191522063771722
2024-03-05,-0.0029320131860638902,-0.0010100489043381221,-0.003716717795077863,0.0032431205359816067
2024-03-06,0.004747226383834669,0.003425484792616039,0.0008710859124747468,0.002377297026615861
2024-03-07,0.003244310974417244,0.0036719225965992654,-0.002148951637350773,-0.0006295597103754317
2024-03-08,-0.005862574456304825,-0.0022521071413090076,-0.0063389951003563864,-0.0017632602695561834
2024-03-11,0.000599835805914586,-0.0008140649693852686,-0.0005077630003496608,-0.000401476704966295
2024-03-12,0.002128364293581693,0.0004360179142639087,0.0038035783997426814,-0.0015530052306203025
2024-03-13,0.0023211694861380813,0.0006833383156575737,0.00030163085476006893,-0.0007836501832825738
2024-03-14,-0.001597005564011982,-0.003627382446834706,0.0032113858343708634,-0.0036958916887318734
2024-03-15,0.003573566086953343,0.0009596517021579175,0.0034438627923449026,0.0012978404376778406
2024-03-18,0.0017637098509001923,0.0007832879077163829,0.003053788026261784,-0.0016593914864610408
2024-03-19,-0.0016898365312105839,-0.0008002423418916012,-0.0005226769219445701,0.0015660645040552234
2024-03-20,0.00013900318967925335,0.0023488754712025213,-0.0011575797755720963,-0.00015564055758705486
2024-03-21,0.0022951216411812303,9.591468012756914e-05,0.004172041949130839,0.0008324548747168568
2024-03-22,-0.001806196831949244,-0.001989948123888025,0.00046639940246420583,0.0020548930540994323
2024-03-25,0.006189272705365022,0.002556830342870081,0.001868968398635639,-0.00011922686769706248
2024-03-26,-0.0018020785424705912,-0.0011916398318247482,0.0008253462484993655,0.0013450979738669608
2024-03-27,-0.0011573713417687066,0.00010916015749814517,0.0023069121444659548,0.0024567845428636543
2024-03-28,0.005558733509998645,0.0017075400904965697,-0.0013494966028865713,5.9944460695283606e-05
2024-04-01,0.0029199823545648,-0.001885717635958944,0.00733485677351755,-0.004406541625983744
2024-04-02,-9.623170118734486e-05,-0.0004443712306525319,0.0021499542711038897,-0.0007757557789481134
2024-04-03,0.0043963369609634345,0.002907531395031226,-0.0008451674160905096,0.0003254670925300918
2024-04-04,-0.0010403723773939211,-0.000941443818428525,-0.004097700814562234,0.0021148926751596844
2024-04-05,0.002827863992259723,0.0006006405473143062,0.0077334980890991865,-0.0010846794738306115
2024-04-08,-0.00034860994617091267,-0.0010134423070075479,0.0022386915854577505,-0.0006536632904543865
2024-04-09,0.0014211371052915618,0.0009695066734460549,0.00036810581589012394,0.0030295603459239854
2024-04-10,-0.0028601333749381018,-0.006930601136052263,0.009338824562900867,-0.006840018085482708
2024-04-11,-0.004715130112155925,-0.001051835702976445,0.005196560664739008,0.0009898708884955774
2024-04-12,0.001390177330221568,-0.0012229814305721029,0.0004083822935633709,0.003014214913658928
2024-04-15,-0.0011012892516349118,-0.0029307471637154085,0.007581767369879912,-0.0034921472988735406
2024-04-16,-0.005664049701483232,-0.003055610532045716,0.0007954160157292147,-0.0013677280441520413
2024-04-17,-0.0015041972113166541,-0.0009262680643213709,-0.0013799021914517283,0.0034180296726631586
2024-04-18,0.0011172951100015627,-0.0017160447269956463,0.006273656724914292,-0.0006202967693635761
2024-04-19,0.004717853323581123,0.0012611794081679598,0.001081717118535474,0.001745287622237723
2024-04-22,0.0008773166464956204,0.0008586223884517784,-0.010450736996010202,-0.0038043011821233923
2024-04-23,0.0006296154652902367,0.00267963762895184,-0.007607207890001197,-0.0018163580030160155
2024-04-24,-0.0004155912188346704,-0.0012982136978391312,0.005969903940779075,-0.0004979739714490073
2024-04-25,-0.0013630618262482136,-0.000994089795082754,0.0004816769379601859,-0.0020204729001028128
2024-04-26,-0.001688842846281588,-0.00015659780854101777,0.0013992427007006993,0.002741758385353124
2024-04-29,-0.0020396518169287095,0.0005408277927237059,-0.007801590597542497,0.0006101011471581672
2024-04-30,-0.010672380696655511,-0.0087969813869002,0.005274676001245835,-0.0017766568627522452
2024-05-01,-0.007080850585603897,-0.0005878932703248853,-0.006733029883974235,0.003298413406093739
2024-05-02,0.0007027064461461204,0.0031819066680065207,-0.010361384867303864,-0.0033955238474202534
2024-05-03,0.006882297998064788,0.004088320383546627,-0.0040820236225456675,0.0017017113409236108
2024-05-06,0.0033821011392425357,0.003036298808789991,-0.0009316819994987642,0.0004261924701972234
2024-05-07,0.006369762025219254,0.0008379714323045675,0.0021223133560233126,0.0014621391049552675
2024-05-08,-0.0026610455068357907,-0.0021843897058371536,0.0007150431199866395,-0.0014397897630854584
2024-05-09,0.0018318427777353587,0.0011354259197249616,0.001930289922184651,0.0029279316713278917
2024-05-10,0.0024218169216598763,0.0009825812021660447,0.002911998100446432,-0.0018121102604705878
2024-05-13,-0.00435811425668337,-0.0008822851850971679,-0.0032304471668039344,-0.00011529941751866365
2024-05-14,0.0009998979207932939,0.0008453262474679811,0.0028756605893377326,0.0025513266807444396
2024-05-15,0.008408581474020219,0.005642256371164871,-0.00019143024591109585,0.005224002287495532
2024-05-16,0.0001707506249911034,-0.0006395549821810583,7.912051096668251e-05,-0.00074800331283822
2024-05-17,0.004712435414161835,0.001690186301958641,0.004321741772232854,-0.00047966730359024737
2024-05-20,0.007783530963209332,0.003037498364013763,0.00330204143551522,-0.0009148926819595923
2024-05-21,0.001855369116745001,-0.00029607884120547476,0.003191819237623972,0.002391604146800122
2024-05-22,0.0007657877505994736,-0.0008896558904508929,-0.0023071414923998015,-0.0019564847902301193
2024-05-23,-0.002565471509541673,-0.003126346517499097,-0.001319324891156386,-0.0025213906083466527
2024-05-24,0.0014012176108426228,0.0012541112448835388,0.0021141304718837075,0.0009564400529573638
2024-05-28,0.010882514420867028,0.003066574446580592,0.007048426144692974,-0.0020218633922912998
2024-05-29,-0.006295663031639335,-0.0055932492640472006,0.002851522128131483,-0.0033876643810362385
2024-05-30,-0.00740185204383057,-0.0016705123315084746,-0.006152151476688087,0.0022902332185966746
2024-05-31,-0.005876529597137325,-0.001966973990847785,-0.004040411988980834,0.0005533748042914541
2024-06-03,0.003978907927581631,0.002111955204210095,0.0007690647415801779,0.006876984418197811
2024-06-04,-0.008564483212395708,-0.002532767828568031,-0.0038786171991352482,0.001509244971922275
2024-06-05,0.0008535694945809708,0.0013268837719625111,0.00028191948146655905,0.002228639362847182
2024-06-06,0.00888942975742006,0.0038094105504096164,-0.0014547095803780464,0.0007549183430105226
2024-06-07,-0.011196799835500685,-0.008321730552212647,9.66993194571533e-05,-0.008333282048474647
2024-06-10,0.00015231450247052495,0.00037596910863504896,0.0007438430655542252,-0.002303603101928346
2024-06-11,0.0014148254689836702,0.0009089439696920161,-0.0023828336658570873,0.0027300520114884345
2024-06-12,0.009261440642312673,0.006032027603271808,-0.0005642399849678216,0.006203383214078646
2024-06-13,-0.0018203956974572897,-0.000759334238479433,-0.0035076181489198666,0.0014067954006373351
2024-06-14,-0.0026618535290119523,-0.0007501617394378164,0.0006877709119575092,0.0012913716370785138
2024-06-17,-0.0036993947320625785,-0.001767115753488906,0.0022912803755423252,-0.0020805370388108594
2024-06-18,0.003517836925570597,0.0021953213389419857,-0.0020242172732847516,0.002608069413014452
2024-06-20,-0.0032594355071162715,-0.002717105870328078,0.005186125435450573,-0.00012862728168791743
2024-06-21,-0.006009830741230533,-0.00318437093800814,-0.0006184900126738424,-0.0009640555972510974
2024-06-24,-0.0005261612614636691,0.0007854777940471324,-0.0015725879176048901,-0.00022641010350879281
2024-06-25,-0.003912056459743841,-0.001804039043364009,0.0019320028803771173,-0.0003414392325601364
2024-06-26,-0.002875176811407828,-0.0023688946456808975,0.0015616857932159722,-0.004408607569670776
2024-06-27,-0.0005493496976054361,0.0011600849832895514,-0.0011548728672307398,0.00047696255278096027
2024-06-28,-0.000650684016283843,-0.0017288828933580676,0.00222484965628538,-0.0026693923108050883
2024-07-01,-0.0015598720986743323,-0.0011486426535094409,0.001638022454329087,-0.007893487149889843
2024-07-02,0.006237606973305976,0.0034422034430132663,0.0009149365460495663,0.0021628659799402795
2024-07-03,0.004265934442456708,0.004011428515244176,-0.0011393708633834648,0.004909040963672809
2024-07-05,0.0036775111704326338,0.003777753018473843,-0.0007934671907276498,0.003217569049220251
2024-07-08,-0.006034422115169232,-0.003692159948957205,0.0024775715390600466,0.0012648527231444266
2024-07-09,-0.00013590125465052515,-0.001498130754417378,0.0054176302530567775,-0.0004937097523634634
2024-07-10,-0.001839248732991977,-6.001975819936538e-05,0.005646076232517394,0.002217211701577453
2024-07-11,0.0029288140570377244,0.003104695723497509,-0.008036736724735346,0.00193102390938639
2024-07-12,-0.00019029018704062143,0.001005850455557849,-0.0011513777732193274,0.00018149587727645715
2024-07-15,-0.004894319104822534,-0.002394334538367316,0.0032141506146393358,-0.0017726308124323131
2024-07-16,-0.001798824665228361,0.0008315613924913783,-0.0008267412188082875,0.0022960368527233047
2024-07-17,-0.005177977271059109,-0.0013166322946405432,-0.008000911961286182,-0.001526516737247031
2024-07-18,-0.0014200146405821577,-0.0028325313000903897,0.0006987840882433805,-0.0012125896606594946
2024-07-19,-0.00944786857981293,-0.00538148688060046,-0.0019781537406368026,-0.003660103227188486
2024-07-22,0.008029105583663347,0.003245154137855307,-0.00023543013330284737,-0.0010532260554452992
2024-07-23,-0.004193213480867809,-0.0011767535469196996,-0.0011900799063952253,-0.00035635676138938595
2024-07-24,-0.0075748493845955835,-0.004211208541184645,-0.0032441096440779436,-0.0033513524078023064
2024-07-25,-0.00497345602111372,-0.001571516920260579,-0.0032420299084529214,-0.00015000737667277475
2024-07-26,-0.001703654985741577,-0.000619762673546236,0.004018252033604851,0.003592191409952392
2024-07-29,-0.003423921875808297,-0.001538893162552598,-0.00019736502314465524,0.0003125353535218615
2024-07-30,0.0002839484229578422,-0.0006825813771641554,0.0028810455671547685,0.003101059342784772
2024-07-31,0.006110746509925909,0.004503198941167359,-0.004607191028094354,0.001253083551674977
2024-08-01,-0.009534845559144743,-0.00340066513339956,0.0006972131109698164,0.006092220287216447
2024-08-02,-0.003609494560551106,0.0021279863381829323,-0.001319370766401592,0.008769756853270031
2024-08-05,-0.009302946453566708,-0.004520333200079524,0.00467315355452759,0.003572690433090569
2024-08-06,0.004326450863919715,-0.0009253092346556465,-0.0021297328337786248,-0.002574104987506497
2024-08-07,0.005191054253002384,-0.0001917800236814945,-0.002010839386059561,-0.0026133301862778183
2024-08-08,0.0025350790630102806,0.0024050818456288164,-0.0042468792104260345,-0.002223588196030479
2024-08-09,0.004891147260346873,0.001315804668891019,-0.002933460968846312,0.0017355434540089528
2024-08-12,0.003509870008910972,0.0025238327938561637,-0.0006152892138655757,0.0002743086832855854
2024-08-13,-0.0035694836981019842,0.0006146644815259543,0.0016937690790098077,0.0009818406463476333
2024-08-14,0.000949827353514794,-0.0001762197902878395,-0.001042908223574178,0.0005308956285765146
2024-08-15,0.005524245307449123,0.000525780977975163,-0.0011175920478742316,-0.002961588460636596
2024-08-16,-0.000963663118845334,0.00038123352216700796,0.0033187045982753707,0.0018149151296016797
2024-08-19,0.007956213140673418,0.003907388286432644,-0.002934989857204529,0.0007011155608129955
2024-08-20,0.0012558876397483565,0.0005495810431687387,0.0028116349580159157,0.0028118700117724096
2024-08-21,0.0017256978660083497,0.0017182532529195025,0.0006902522240526352,0.0007849127785229372
2024-08-22,-0.0042322431601533456,-0.0037155648241280455,-0.0008877999012489228,-0.0025842581234614224
2024-08-23,0.010800347288139863,0.00688840481029668,-0.000721809435577264,0.0007953875437727829
2024-08-26,0.001934638982937294,0.000499746683156567,-0.003160949474805933,-0.0004912820996424964
2024-08-27,0.000107144244953334,0.0010235744953778015,-0.0009580869814065848,-0.0015229980083930222
2024-08-28,-0.00635885064897486,-0.003856955732116127,-0.00184255685198899,-0.0011298703397054836
2024-08-29,0.0035336901712054157,0.0018268708206372454,-0.004101479176636207,-0.002144503062197987
2024-08-30,-0.003091652451763331,-0.0025674947519745495,-0.002819545979792537,-0.0025662812003514946
2024-09-03,-0.006469853562052745,-0.0030537340692930234,-0.0025590897864129418,0.0019661969706791806
2024-09-04,-0.00451428063805237,0.00032445058783611924,0.0019544582623947796,0.0026108623466404085
2024-09-05,0.00485303516486489,0.0020168595589532194,0.001583557549192296,0.0013892941809054437
2024-09-06,-0.013801751516031335,-0.006397455394587288,0.004554952752705716,0.0018085242800937606
2024-09-09,0.0054425963354986584,0.001799400416870105,-0.0012253519797412952,0.00048563911272266687
2024-09-10,-0.00309891908065166,-0.0010430466460840538,0.005095518437586155,0.0023997867699350286
2024-09-11,0.007341405824927043,0.0023669367385316066,-0.004967911841448759,-0.0009793697149644575
2024-09-12,0.006762687243284707,0.003350777635375862,-0.004318241404533613,-0.0015606763854015735
2024-09-13,0.004481497890293962,0.002079518438262961,0.003274422760813743,0.0034611808564937157
2024-09-16,0.004023549214203055,0.00236240183463935,-0.0008863438065196648,-0.00018184909822891777
2024-09-17,0.0031145304099468173,0.001270940326391824,-0.0036998376322415387,-0.0016807241730120203
2024-09-18,0.0026836377649042233,0.0007882884072257178,0.0004320820148846619,-0.00027259199888930025
2024-09-19,0.005010560103649978,0.0024836530085901353,-0.0038770556225846066,-0.0034220196064147787
2024-09-20,0.0018137737774630458,0.0012015827670768886,-0.0010028690124772382,-0.0004690667352004743
2024-09-23,0.005841731696840524,0.0024217415492369045,-0.0024957998320637147,-0.0012092064095835298
2024-09-24,0.007766403534475789,0.003696362277860395,0.002368344881167717,0.0016496902080433862
2024-09-25,0.00031013837581530537,-0.0014949130598945176,-0.0026215651770741272,-0.0017338530763684932
2024-09-26,-0.0004676055707039997,-0.00042098954094913865,0.004044764892402827,-0.0002595043054280873
2024-09-27,-0.00017832136371768545,0.00031556557144944215,-0.0033013539410618165,0.0005507477017214792
2024-09-30,-0.0027880323058408745,-0.001619025542055492,-0.0028745745902769354,-0.0022554245974981254
2024-10-01,-0.00030170006128237665,3.0539857463450856e-05,-0.0026318902035976856,0.0005288453744306681
2024-10-02,0.0018568864171697305,-0.0005753704117296551,-0.002662187234359184,-0.002466143393341152
2024-10-03,0.0021694878309228374,-0.0009427550912961064,-0.003188341713848903,-0.004165306946574628
2024-10-04,-0.0004714072446060888,-0.002889820463672739,0.001790835327268863,-0.0033768832360224947
2024-10-07,-0.0015939095834034784,-0.0014726178516196486,-0.0017905083495465823,-0.0027422602242879648
2024-10-08,-0.008044091806077664,-0.00305812586942804,-0.0009604947023854153,-0.00045246297077755756
2024-10-09,-0.002985010389500838,-0.0024705770864919987,0.0009310815993939174,-0.0011339948359225674
2024-10-10,0.005848066369651791,0.0019415972390498528,0.0010958677517277219,-0.0011886129495025004
2024-10-11,0.0029914376769646293,0.0013111520304102898,0.001961123295305799,0.0010063815858701696
2024-10-15,-0.003989313644906582,-0.0018725025805282455,-0.0017747968426613044,0.005105193250213148
2024-10-16,-0.001732347869219571,-0.0010065903145803688,0.0015518458351119846,0.0003323482988493933
2024-10-17,-0.0006782092993490942,-0.0008399622223484398,0.0013972887925051902,-0.0029793894321800537
2024-10-18,-0.003015605748044307,-0.0002552757451608711,0.0015940410322331689,0.0018165220560305924
2024-10-21,0.0005233454579264348,-0.001971637017625129,0.0028324716147660745,-0.004820627897274876
2024-10-22,0.004880506738622096,0.0018064794459765065,0.0001519410248232256,4.1891058422762785e-06
2024-10-23,-0.002858871303367046,-0.0033193148057583817,0.002239658988564668,-0.0017761346601035339
2024-10-24,0.0006302587312940605,0.0016964494112957078,-0.0034680204445339713,0.0011476665013865905
2024-10-25,0.0014341780577383889,-0.0007566060879732351,0.0035179388328574215,-0.0008808857801465104
2024-10-28,-0.008772153212410842,-0.004305920405494418,0.004647333026300707,-0.001659939140163854
2024-10-29,0.0033152872505276877,0.001301281349824639,0.0024351856911705837,0.00010835598507072412
2024-10-30,0.0022960685255624556,0.0010968696849302539,-0.0009587663256820938,9.976049795062795e-05
2024-10-31,-0.004725828383065707,-0.0032877552187671726,-0.0016853370852634288,-0.0010876835721240743
2024-11-01,-6.240971077617193e-05,-0.0009456160663600108,0.0019284703075866754,-0.003973603190390751
2024-11-04,0.001540768198642354,0.001412927289146393,-0.005028448568771073,0.0018771451055658583
2024-11-05,0.0006455377058433423,0.001431681011708908,-0.002369096853714813,0.0014075790469843478
2024-11-06,-0.0020095839927484573,-0.003918574271495048,0.005650267490857921,-0.007037115986371377
2024-11-07,0.01095905559591089,0.006360531179865209,-0.0027933980954496845,0.004422918334873844
2024-11-08,-0.006312515265384256,-0.00300974634881045,0.0003357609851170611,0.002980026278830496
2024-11-12,-0.00159669136160241,-0.0035315703008628892,0.004606472588324453,-0.004115690553926416
2024-11-13,-0.0017029711694480692,-0.0018979707603061279,0.0010343978490689018,-0.0016707840628371615
2024-11-14,-0.0016099851875276822,-0.0015610279785158755,0.002020217357168863,0.0027191928811816325
2024-11-15,-0.00026405918632898856,-0.0014537005471031955,0.0003767460974040146,0.0010800097476366367
2024-11-18,0.007104747223876916,0.004378094487952148,-0.003934117281703805,-0.0015578346140856405
2024-11-19,0.0020419918909168823,0.0008728809975329972,-0.000389814786885859,0.0027350317710496674
2024-11-20,0.0024598142905498887,-0.0004488981269019401,0.0027089984625420587,-0.00118048850564678
2024-11-21,0.0021186704550811754,3.0502616926520788e-05,0.0032686784433170837,0.0004135327248039971
2024-11-22,0.002026032988584832,9.440907007780903e-05,0.004056153815815209,0.001600530954415879
2024-11-25,-0.0011928574468499575,0.0011290441805274294,-0.008290277728497126,0.005756735480418442
2024-11-26,0.003167310756063509,0.0005825006363702538,0.004651042524336494,0.0009856161807269555
2024-11-27,-0.0029425623781545998,0.0012504537576919505,-0.004608758533050356,0.004220752655059796
2024-11-29,0.0030194735550896244,0.001978002422259668,-0.003335876845932185,0.0018635868952709815
2024-12-02,-0.004904100227284428,-0.003192880890962349,0.002468116727568927,0.0009192807625145357
2024-12-03,0.0016053672927538666,0.001309460043715391,-0.0002814970696250984,-0.003655986838385277
2024-12-04,3.1972026465827087e-05,-0.0003601938763727801,0.0011711245598042639,0.001236310054833283
2024-12-05,0.003109591984006669,0.0011324454740916732,-0.0023652246576128994,-0.0001274055441609191
2024-12-06,0.0024166795012420363,0.0011921338881835239,0.003254621379888774,0.0023666538597228465
2024-12-09,0.0015466829880278795,-0.0001117221547070412,-0.0006320798241302863,-0.0045104225723708565
2024-12-10,0.0013977152713102205,-0.0006482936741897499,0.0033745683350645565,-0.0009341219766257545
2024-12-11,0.0037237428937441945,0.0010088249551285509,0.0015462450203002603,-0.004749495924166839
2024-12-12,-0.0039373817943772335,-0.003415989250358011,0.0012469108940421842,-0.0027400043331612268
2024-12-13,-0.001332797700493961,-0.002648039205704258,0.0049249761840865,-0.0034577547783405413
2024-12-16,-0.000228338993664132,-0.0001538983823957789,0.0025591384193491638,0.000742302967313654
2024-12-17,-0.004948506252803194,-0.0021626685976492564,0.0007674604639351055,0.0020326027828326586
2024-12-18,-0.004796149335186348,-0.0073937610025467055,0.0103174820861666,-0.004126112947118486
2024-12-19,-0.00417795816657641,-0.0032380316261229098,0.0014371216304540947,-0.007438453185772248
2024-12-20,0.004801367085868513,0.003988434893745102,-0.00467742860721413,0.0025234616809943003
2024-12-23,-0.0017818699936980606,-0.001846895071941998,0.002076234308603155,-0.005124732381977898
2024-12-24,0.0033008955965394314,0.0007024550028759851,0.0021703138518556577,0.002329500593756725
2024-12-26,-0.0041747362264339715,-3.802590313875997e-05,-0.001914850020533274,-0.0016670169566751956
2024-12-27,-0.0022322637798855845,-0.0008340802763413641,-0.0013556463430015226,-0.004681431761753953
2024-12-30,0.005623398775133589,0.0009952738525125,-0.0011469170631840965,0.004831226819888274
2024-12-31,-0.0009605000973595891,-0.00046453114784545,0.0014628549431337776,-0.0016536187979651123
2025-01-02,0.0009276888449836236,-2.8115206270286422e-05,0.00377781845778412,0.0007680055014756047
2025-01-03,-0.005378534427227357,-0.0019136134968488778,5.4792944734264756e-05,-0.0006404727707405955
2025-01-06,0.005894682206168465,0.002313182600986307,-7.638376232477518e-05,-0.0015429759072015177
2025-01-07,-0.0011855767839445577,-0.0016302204300858527,0.003040930367379435,-0.0039620322900632875
2025-01-08,-0.0037864144653469564,-0.00257759492366873,0.002707515372338944,-0.0009630657077361381
2025-01-09,0.003969222836924938,0.0012809953597493148,0.0020652841406876353,0.0014707223680310037
2025-01-10,0.0045856727524460775,-0.001472385202768075,0.010064608215011735,-0.001950019293238026
2025-01-13,0.0028446406382995585,0.0006382097167627639,0.001065705353441613,-0.0018120663882876774
2025-01-14,-0.0010404892033581796,0.0005296865475777833,-0.003157554311886886,-0.000626923878710485
2025-01-15,0.008249421565625316,0.006093793566162877,-0.003126375745144779,0.008746775384828789
2025-01-16,-0.0027990794204828208,-0.0016149432574067257,-0.0035593011838423263,0.0016373694748385089
2025-01-17,0.00302935879445973,0.0009457938996644698,0.0014193802721798874,-1.2145733311608783e-05
2025-01-21,0.003296339601680493,0.004426955657147967,-0.00800846727376511,0.00020612152821144428
2025-01-22,0.002015930081986023,6.938855396957808e-05,0.004504264860067591,-0.0004054440663933414
2025-01-23,0.0007286434899324081,0.0008094268903862801,0.00038097335424880824,-0.0022010238490712403
2025-01-24,0.000414280802024006,0.001094843628516824,-0.002038647491509413,0.00020411772965006625
2025-01-27,-0.007935301511290608,-0.0024206194337698067,-0.0077909691070317715,0.005030001429172371
2025-01-28,0.000959145573455817,0.000586542402303421,0.004985754144406286,-0.00038428701566992594
2025-01-29,0.0053614796714915,0.0013051918737580859,0.0008267203991265839,-0.0002997891232550841
2025-01-30,0.0005460723285715221,0.001397058109169926,-0.002542794875259224,0.002228252311695741
2025-01-31,-0.003967668583589306,-0.0030662249479197386,0.0032223840150975595,-0.002997694957666542
2025-02-03,0.0009975529666505782,-0.0013409507769193702,0.0029579428631596404,0.0031935064921373066
2025-02-04,0.004256449311129509,0.004014905889731356,-0.00419163816205525,0.001001077266526587
2025-02-05,0.0001547045752820084,0.0013820415638321477,-0.002769067514461662,0.006959113011042776
2025-02-06,-0.0016684484651946765,-0.0012206610412058803,0.0015736638225140257,0.00068300302737602
2025-02-07,-0.005800490891245286,-0.0041183503705103435,0.0040068809543408485,-0.0005609591037988605
2025-02-10,0.004064980331744383,0.00156634303268563,0.005345486184448225,0.0004879622552999116
2025-02-11,-0.00017141554307395797,-0.0006749940661769626,-0.00046270536421534207,-0.003940218751048677
2025-02-12,-0.0026882517161463254,-0.0025731176569713985,0.005319112799543438,-0.006604185236859444
2025-02-13,0.003977837512680558,0.0038273100673180387,-0.0017251549089739744,0.008338853711869274
2025-02-14,-0.0008131010300863102,0.0010874035488824183,-0.003906702803743899,0.002534072811047574
2025-02-18,0.007427474354067155,0.0017308899613185202,0.005996929869600379,-0.0029043952968198865
2025-02-19,-0.0015068335804604403,-0.001249133770152347,-0.0009180632502237742,0.0005488375887388668
2025-02-20,-0.0022875796343718954,0.0005002365371717167,-0.0022178931770122554,0.0031947791438377746
2025-02-21,-0.01016510549369775,-0.003346085074058038,-0.0030450401081040064,0.004994788566122533
2025-02-24,-0.007335136316081761,-0.001680546449133064,-0.0038266516974358776,-0.00040277591520503065
2025-02-25,-0.003461912664326739,-0.0005542637310516257,-0.0022768740134063207,0.005324193767645889
2025-02-26,-0.00014518596349681617,8.086252601943982e-05,-0.0015411601243268231,0.0027177556369555505
2025-02-27,-0.008701138918065293,-0.0060834249945060925,0.0020483755098383524,-0.0026354809040774977
2025-02-28,-0.007112552140078944,-0.002587698001067336,-0.0025336485064727005,0.001735988921144412
2025-03-03,-0.0010577533142128726,0.00031867810715198637,-0.0005505414040489488,0.0021532235486874077
2025-03-04,-0.0010882529327781083,-0.0011313289708831677,0.0040272483564116335,-0.0005014544843440843
2025-03-05,0.008145611095237735,0.004608310625705492,-0.005351212722822034,-0.004224744185635029
2025-03-06,-0.0025688141186095154,-0.0008784602269584853,-0.001514934109656511,-0.0027193340929450574
2025-03-07,0.003057497072970826,0.0009185384579921148,-0.0005954652542942894,-0.0011680711260329182
2025-03-10,-0.0027524369204290477,-0.0007079672475229656,0.0016948660275018955,0.005265339023147187
2025-03-11,-0.0013521319669070081,-0.0010280710053913594,0.003016082644649464,-0.002868040155750791
2025-03-12,-0.001324798996404654,-0.0007429813675084173,-0.0002206110173868281,-0.0011382457497272243
2025-03-13,-0.0032259474846875976,-0.0007347430088983832,0.004201176935219281,0.0036823918781398813
2025-03-14,-0.0002575050966740865,0.00031428961565851103,-0.002613346593436374,-0.0023440337370985147
2025-03-17,0.004464222725489119,0.0024427654282327864,0.00013350738878674476,0.00028271035302140945
2025-03-18,-0.003399662290059692,-0.001574646473861301,0.005006710706623808,0.0034767631248544748
2025-03-19,0.005777652491851298,0.0022775217464091843,-0.0036288638946659064,-0.0003981379634152291
2025-03-20,-0.0010758035846558588,-4.595334591042351e-06,-0.001678049051760975,0.0004875361206624796
2025-03-21,-0.005392825350829003,-0.0025902142266590804,-0.0014219125392349286,-0.0017585982674587063
2025-03-24,-0.0004456305648945288,-0.00165544034999284,-0.00019885349255602152,-0.003751620119186244
2025-03-25,0.0004055188676438868,0.0005178007308537646,0.0006452577416829609,0.0012610740313367453
2025-03-26,-0.0025872334959613397,-0.0023357328482692258,0.0017719471934150158,-0.0018283482261723574
2025-03-27,-0.0008984736588209943,0.0009772418650521506,-7.632437907427614e-05,-0.0019572585939299472
2025-03-28,-0.0015529006841492733,0.0005867313430982706,3.154568669043687e-05,0.005288117891512152
2025-03-31,0.0015693626714608157,0.0004791748322850605,0.0004021141170007868,0.0004787763467249914
2025-04-01,0.007602916735759644,0.004894607392559909,-0.004043510708910671,0.0032396564853985808
2025-04-02,0.003778504991158074,0.0008067870424864375,0.002965858004069019,-0.00046802598793526133
2025-04-03,-0.016716865067570055,-0.005246044607647687,0.0021749668540607626,0.004818047913089488
2025-04-04,-0.03268965663773381,-0.01592065913631879,0.009006801156773455,0.00628141209105538
2025-04-07,-0.011867596478063009,-0.006013650397417664,-0.00365480711303314,-0.008128345619578434
2025-04-08,-0.002509360363624448,-0.00140461368311252,-0.00026301192841396464,-0.004088327156138885
2025-04-09,0.02533507606431889,0.009242059812567562,-0.015177147102278438,-0.004823292120814654
2025-04-10,-0.002328069466383225,0.0017943620068065825,0.0020710863745349215,-0.0007012646978089988
2025-04-11,0.012615762592933566,0.004310624286221498,-0.0012981309500944916,-0.0015383233105289934
2025-04-14,0.0020516313843014504,0.003660744937027089,-0.004929703139754552,0.0024818671594920958
2025-04-15,0.00030675763756500204,0.0003969898624613566,9.414647608222168e-05,0.0010031767540150747
2025-04-16,0.004309329763033284,0.0034107351450410324,0.00272734814479291,0.0025474731399072834
2025-04-17,0.0029186777265739093,0.0010390230170885684,-0.0024229982289994886,-0.002922318861184268
2025-04-21,-0.006894281345019511,-0.0016777165921008947,0.008520886007571614,-0.0008862370400620823
2025-04-22,0.006044616750894692,0.0013000829105740458,-0.003892608761728473,0.0012228604884386475
2025-04-23,-4.807179833792335e-05,-0.0018481577059882986,-0.004835134872063595,-0.0008625343036766579
2025-04-24,0.005941566893973829,0.004661397000753739,-0.0001108287999334701,0.0034314037403179974
2025-04-25,0.001671538662450251,0.001187597328456804,-0.0020853952336714085,0.0013486630676768935
2025-04-28,0.0029734340911241075,0.0017151188132753137,0.0014796687801295742,0.0021911675621859895
2025-04-29,-0.004897073605303609,-0.0026068372214710952,-0.0014047785906360559,0.0016063624829974082
2025-04-30,-0.005976604522377081,-0.002352306134859586,0.0006334176777090923,-0.0013945936910381507
2025-05-01,-0.0010268435830697704,-0.0027853475425673926,-0.005012121572982624,-0.0030613600897221914
2025-05-02,0.003670083504435882,0.0007453729703609767,-0.0005227958716688357,-0.0032376954648873964
2025-05-05,-0.0036081923837353275,-0.0013830758548471383,0.0034349480782412756,-0.0003180157964239979
2025-05-06,0.004202825447297945,0.0034784819551046836,-0.00023313708467851812,0.000700237738533514
2025-05-07,-0.002629139247445301,-0.0023289106449462713,-0.0005154518547582626,0.00204202411422958
2025-05-08,-0.001254387902692534,-0.003011177222877636,-0.0006975033138764039,-0.002727087517217828
2025-05-09,0.003093632990834748,0.0015007706275493257,0.00032641866308248294,0.0002486775212335075
2025-05-12,0.0012666945997222901,-0.0021394571524694676,-0.0037204982932454366,-0.0036240985718711148
2025-05-13,0.010709757515684279,0.004091525609219566,-0.0001866565887603253,-0.0024037160110611834
2025-05-14,-0.0032488267992002934,-0.0029637850477631333,-0.0008832080073566335,-0.0018230096910062327
2025-05-15,-0.0012707617416390156,3.982884065282673e-05,-0.0038988786506396855,0.0013409816483736393
2025-05-16,-0.002184048022660779,-0.0012890907179201668,0.0014836770488883386,0.0013413768924582011
2025-05-19,0.0002915647328276492,0.0017472364925715067,0.001000326403423548,-0.0018806917275410377
2025-05-20,0.007741528705718319,0.0029697455951199145,-0.0037657431452197206,-0.0005676528712703079
2025-05-21,0.0004076779999454544,-0.0005684213248002253,0.0022147914027624885,-0.005536711645996002
2025-05-22,-0.00415243481835049,-0.00144498603117515,-0.0010733819733794007,0.0015526114514430329
2025-05-23,-0.0001714384679024604,0.0017696233597619712,0.0005655074534210637,0.0009143738060665817
2025-05-27,0.0005902238436064108,1.5037990236369599e-05,-0.0035068172850449253,0.004108659847753426
2025-05-28,-0.0065841033592352475,-0.004010494939061049,0.0011829800926600716,-0.0019948495760044936
2025-05-29,-0.0032722632785775153,0.0007483052128329456,0.0012074592476077556,0.0028248195834483783
2025-05-30,-0.0008776692105591736,-0.001324126081783676,-9.872503351193037e-05,-0.00020481313495918533
2025-06-02,0.007460555888094926,0.003223699813684418,-3.5939707955124666e-06,-0.002400101662330277
2025-06-03,0.0015101403495217144,-0.0004229894970798749,-0.0006843989393623771,0.0007982412733569639
2025-06-04,0.0017832741524820386,0.0026399143429199,-0.0008267199364908315,0.004467481470813433
2025-06-05,0.001772150203325524,0.0004978129738453887,0.001916914585150615,-1.8041450984532812e-05
2025-06-06,0.005383178327087278,-0.0002116081429618824,0.0007771930661102641,-0.0041145707798327545
2025-06-09,0.00029309708006751276,0.0009943665322848835,0.0005500476648386252,0.0009569115086003963
2025-06-10,-0.004650084970024302,-0.0018450896727765342,0.0003839246808476134,0.0005058458400726652
2025-06-11,0.0028443298891705437,0.0023495531471650886,-0.002693974828363222,0.002431513085699206
2025-06-12,0.0008149878829292442,0.0014580605680032145,0.0006558527712437682,0.0035295225579961634
2025-06-13,0.006130344867553922,0.001926692656457124,-0.00027448316472149735,-0.0029840409267169574
2025-06-16,0.004897195502873697,0.001964268426906039,0.0026683484698081525,-0.000740369180267051
2025-06-17,-0.00030450328308355385,-0.0008690516462388075,-0.002457434730772047,0.0027124398152260894
2025-06-18,-0.0012932252340399238,4.364577891986099e-05,9.176516130146407e-05,-0.0008133957752101367
2025-06-20,-0.00717645443025736,-0.0024645391608502003,-0.0013419698697676988,0.0015058917995125257
2025-06-23,-0.002356414984988599,-0.00037180523974074094,-0.004786960261682802,0.0010646463988811332
2025-06-24,-0.009110267899752724,-0.0029927883508881867,-0.0016131925069556316,0.00019597631773175502
2025-06-25,-0.00045236611766114125,-0.00032151071231440327,0.00040254698305318746,0.0003499476439167621
2025-06-26,0.0024904807744589425,0.0021954907119958855,0.0020267647805699398,0.001706834280422454
2025-06-27,0.001892019287290061,0.00011951916440904576,-0.0015454527070887564,-0.0013597622374774388
2025-06-30,-0.003616643786711064,-3.197397705887616e-05,0.0017839496689897986,0.002408112747113209
2025-07-01,-0.0046126971085923875,-0.002006756691506694,0.0011414545467179397,-0.0005525873813181574
2025-07-02,0.005136271850826866,0.0023910125834337905,-0.00022166282816758583,-0.002433016269425286
2025-07-03,0.0003530272551291041,-0.0013378621829141203,-0.0012026263553679534,-0.001459700837953875
2025-07-07,-0.003883835140397405,-0.003921228184721525,0.0018971289876708356,-0.0011509584142763464
2025-07-08,0.0029555104402071526,0.00043900898656368443,0.00035524975508685293,-0.0008689356422830098
2025-07-09,0.0013819032620232786,0.0017806885430815004,-0.0022821769632159817,0.002598328843363013
2025-07-10,0.001248948843078622,0.0001627436350688864,-0.0013132777099504006,-0.0008743106276268452
2025-07-11,0.004579617720778593,-8.880450706520147e-05,0.0025003165695480774,-0.0030517588805864617
2025-07-14,0.002486073569895744,-0.0006662524036313433,-0.004037711798827077,-0.0018208238075391563
2025-07-15,-0.003977341763166224,-0.003040773645140752,0.0017340200945320614,-0.0025034251331075906
2025-07-16,0.0022905764211437665,0.0028677720377734096,-0.0025542959219201724,1.2331873882848979e-05
2025-07-17,0.0012807095402961831,0.00023647637829119297,0.001392378261753864,0.0003989310910520413
2025-07-18,0.004936926621339194,0.0017854939885149008,-0.0026392750988405013,0.0009929054260818897
2025-07-21,2.7673773445027474e-05,0.0012084680727634713,0.0029734004568748446,0.004845757739277629
2025-07-22,0.000945704597078052,0.001408116425455502,-0.0006588273198808038,0.0016871814733646396
2025-07-23,0.002263575000657198,0.00047027600605811716,0.002574656568360857,-0.0025777825997259597
2025-07-24,0.0007885576817796808,-0.00020485563204986916,-0.001386781115645457,-0.0010308554793612339
2025-07-25,-0.005423307087494668,-0.002519464442058572,-0.0003907941556070965,0.0014631102557294826
2025-07-28,0.00039160618238519486,-0.0014836679200503815,-0.00020421677794358882,-0.0023102453013353493
2025-07-29,-0.001478663272194293,0.0007015616823363968,-0.0003130884654317543,0.005163897288645949
2025-07-30,-0.0072078110618039835,-0.004506721734538845,0.0029316823766903045,-0.002093293618675115
2025-07-31,-0.005910486215075127,-0.002809566984732433,-0.002399622211033765,0.0003112626506604103
2025-08-01,-0.008167835079345178,0.0008644599059828622,-0.004441602106743086,0.005032315234823816
2025-08-04,0.0003699920162305499,0.0017996516286336417,8.788209320045076e-05,0.0006936297795477079
2025-08-05,0.00200373295254872,2.705008764962331e-05,0.0007188003621312442,0.0010551731023561934
2025-08-06,0.0015259991342988304,0.0006780019141324565,0.0012836449936882743,-0.0006006447131351961
2025-08-07,0.0014890841288204718,0.0005476765298907309,0.0004958343772304961,-0.0002686742699481263
2025-08-08,0.0020642801972920034,9.732709992209699e-06,-0.001227147626599135,-0.0022437246684827153
2025-08-11,0.004195483533381007,0.0011385016377402262,-0.003812647107906018,-0.0006957042041970393
2025-08-12,0.002280020557782798,0.0016136009562120674,0.0028728418942733356,-0.00036978566060310116
2025-08-13,-0.00036672700399447957,0.0015345546873029422,7.123401460308287e-06,0.0027657736195441773
2025-08-14,-0.004276656407026529,-0.004160118218193709,-0.0010463581702109808,-0.0031856051679265934
2025-08-15,0.003633341940254078,0.0020519011772753134,0.0005954388431797116,-0.0013820005203480884
2025-08-18,-0.0014452916622403823,-0.000730316401979583,0.0013919081724247944,-0.0001823714138778799
2025-08-19,-0.004348485362109096,-0.0017048520927238024,-0.00037157004244059747,0.0018689241497261838
2025-08-20,0.0012222256636671154,0.0010516676271227258,-0.0007453750833173667,0.0002699127412935854
2025-08-21,0.0021744843435312455,0.00016427510043063773,0.0012075173580708709,-0.0007763276457710373
2025-08-22,0.008810657224880464,0.0062590474178047025,-0.00038380102570920323,0.0033009523544120347
2025-08-25,0.0014352654938048289,-0.0016965492730620666,-0.0013634446661647758,-0.001489669298894939
2025-08-26,-0.0020295294737506255,0.00014423854491496253,-0.0009364649664317748,-0.00044921830989446695
2025-08-27,0.0023373859126883637,0.0011559977582327834,0.00069405859722496,0.0007460380972095654
2025-08-28,0.0005162568949998404,0.00131196241290464,-0.0010629331157507456,0.0011314004407673125
2025-08-29,0.001146846503087713,0.00050704100756031,0.00020582099533354253,-0.0010075403573253732
2025-09-02,-0.0034976585033817,-0.003147092516224114,0.0021940173133285228,-0.0014545508758893933
2025-09-03,0.0003068266580853716,0.0006420314460441778,-0.0006597240503278813,0.0031071577154585047
2025-09-04,-0.004357108468884675,-0.0012013955696643657,0.000576089977619537,0.0012681008784955956
2025-09-05,-0.0008322530331127704,0.0014353351898897754,0.00017462462037367738,0.004288868465392226
2025-09-08,0.00538118508220602,0.0029618468916618092,0.0011258092920905308,0.002811301493871655
2025-09-09,-0.0010617402865018193,-0.002439226566128245,-0.002202810530777072,-0.0021336322855393373
2025-09-10,0.002479527068575552,0.0009853637488640328,0.0018200803644009584,0.0023539283189970036
2025-09-11,0.0003486043462164074,0.0010071138286596585,0.0032031243047340287,0.0017873758047229275
2025-09-12,0.0024418446175954373,-9.187618907119757e-05,-0.0006752305214450937,-0.0020522407443615805
2025-09-15,0.008576705055246495,0.0037884583487722274,0.002195026651543729,0.002175867920919083
2025-09-16,0.004379975516733359,0.0030537548484504467,-0.003571534137368,-0.0012525912886099792
2025-09-17,-0.009860865583946169,-0.0051027669619270345,-0.0036273131377538054,-0.0032190731825242477
2025-09-18,-0.005106634167791305,-0.0025742491704542616,0.0020329727593299952,-0.0006650856434458176
2025-09-19,-0.003224457413011972,-0.0022003758308497146,0.0007564713394892243,-0.001921447357926995
2025-09-22,-0.002602484674673592,-0.000266079245016698,0.006876199693961347,0.0022750953593978123
2025-09-23,0.0036738950397180625,0.0021549860240960717,-0.002288928251866299,0.0009358747594481801
2025-09-24,-0.0005570542734109883,-0.002492404338667898,-0.0003079708060716542,-0.0012297674360986406
2025-09-25,0.0007781514439503032,-0.0013841610297934505,-0.0002796316085343263,-0.0008516860987684693
2025-09-26,0.003865385594299934,0.002627350223519692,0.00211152078532981,8.85643733019002e-05
2025-09-29,-0.0014061150907147579,8.691201112892794e-06,0.00027006842831885493,0.003226732980552691
2025-09-30,-0.0022353471603215433,-0.0008764160615313968,0.0007107481699238172,-0.0010575631724725977
2025-10-01,0.0007197441146224035,0.0009148053625535586,0.00020628018782051447,0.0015286648353647191
2025-10-02,-0.002856023710324747,-0.0012427081765109711,-0.0023686335326605777,-0.00011995409525537523
2025-10-03,0.0012180491599032121,0.0006039888519783988,0.004575000363097692,2.4071378317106666e-05
2025-10-06,0.0028263693585961337,0.0008707937881626084,0.005321775948920146,-0.001029204985031001
2025-10-07,-0.004009158894835256,-0.0021361696156161365,0.0015341622481545526,0.003345138886851621
2025-10-08,0.0007530653612922703,0.000633518458461886,0.00571456767141787,0.002008430299451833
2025-10-09,-0.006506649871021449,-0.004280672076129549,0.0014661831317533626,-0.0012403098985564718
2025-10-10,-0.011659384791119701,-0.0038073794620937826,-0.003666244190468901,0.005795523471308336
2025-10-14,0.0001549065202854355,0.0005462923352698509,0.0009065130320316921,0.002118001776985275
2025-10-15,-3.675920004504151e-05,0.0009428630994705791,0.0013007478835487044,-0.0006065711576183228
2025-10-16,0.003038116156234542,0.002682232137905857,0.0016289405592666976,0.005117746537715051
2025-10-17,-0.004204421201508167,-0.0022769769968189885,-0.003847415690637687,-0.003919392368099648
2025-10-20,0.008300669431711347,0.0032180449600283504,0.002806648455209201,0.0030146850197357135
2025-10-21,-0.0048694751863752805,-0.00295437165000937,-0.0032263054235698316,-0.00038256272658666944
2025-10-22,-0.0004770261615958909,-0.001111954427356757,-0.0020331221520469103,-0.0002959194750417834
2025-10-23,0.011118813575336063,0.0031253051669433724,-0.0041925845780546025,-0.0028286132906041647
2025-10-24,-0.004525940082404847,-0.00171560921294482,0.00112913987779303,-0.0009725424414275264
2025-10-27,-0.0019263967264375329,0.00023076093902063368,-0.002601864300587182,-0.0007251004644755596
2025-10-28,-0.004192577341934753,-0.0007375243314076931,0.0012653681579406554,0.0013071668955330679
2025-10-29,0.0017113199261982732,-0.0007746038371636685,0.0022571511127143303,-0.003489130183546259
2025-10-30,-0.002480903564646676,-0.002544328014294591,0.0024204501095334624,-0.0017408604001848582
2025-10-31,0.0027945375547576237,0.0009267309743820046,-6.619391264808488e-05,-0.0017701169041368242
2025-11-03,0.009060013179421393,0.002883127656888952,-0.00035515643893028315,-0.0009079391058271881
2025-11-04,-0.004312387415684436,-0.003489543198676707,-0.0030084104935010473,8.770361397248392e-05
2025-11-05,-0.0017359042003304702,-0.0009446630148394636,0.003332393871609858,-0.0037723624282517366
2025-11-06,-0.007498510719595947,-0.0023440685635275835,-0.005089300673419113,0.0029022966633076496
2025-11-07,-0.001483418205679207,-0.00041910542418522684,0.00232630900409222,0.0004072728770652343
2025-11-10,0.01224115265655017,0.005119149091679979,0.0007943741445362607,-0.0002661196641975921
2025-11-12,-0.004009092844854779,-0.0014127175567980321,0.006027161688617214,0.002882163379776203
2025-11-13,-0.005317969431711494,-0.002941949347676665,0.0005326219079237644,-0.0020089636235880158
2025-11-14,-0.005504829821449851,-0.002354946479441996,-0.00403461121838059,-0.004507103451060911
2025-11-17,-0.001121871087653641,-4.160812568130813e-05,-0.0003037860237222155,0.0004482523403493031
2025-11-18,0.0008325841304077088,0.00046933628387349935,-0.0029172102595523826,-0.0007735016323614737
2025-11-19,-0.009108986619609268,-0.004641849098243692,0.006003188930353485,0.0007644126482138419
2025-11-20,-0.00249656199614216,-0.0016526575593391504,-0.0027242075425389528,0.0006108555840505754
2025-11-21,-0.00522593770102126,-0.0002518099139606935,5.0321092252642694e-05,0.0017432170364159274
2025-11-24,0.0019037177446576284,0.001619644379655315,0.000149272077962991,0.002289233689175665
2025-11-25,0.000920248786605352,0.0018954619197302932,-0.0022055958112749533,0.0009391696415352956
2025-11-26,0.010058533232011894,0.0037239548963239315,-0.001620401952665892,0.0017332792638202759
2025-11-28,0.011334963927066817,0.003247866783925808,-6.4970786852682965e-06,-0.0010951693167816309
2025-12-01,-0.0023434048635525132,-0.002824990042647371,0.003221438909692594,-0.00540759885062371
2025-12-02,-0.0003386644009136918,0.0006917335328448284,-0.0020769924758523343,-0.0002501555902490124
2025-12-03,0.0016008475316007648,0.0015223992708288247,-0.0019137434598293318,0.0017037467022612647
2025-12-04,0.0028901113739513377,-7.573897529472313e-05,0.0015413913497516459,-0.002945573555771094
2025-12-05,0.0019765159330228784,9.870659683868627e-05,0.0015169817855588265,-0.0014005657862500563
2025-12-08,-0.005717100873707842,-0.0031150071836407328,-0.0004850825664170501,-0.0034726609205585194
2025-12-09,-0.001412375520363222,-0.0008022825845758064,0.0027339251226856888,0.001483328410130471
2025-12-10,0.003224443226438911,0.0020853626123317915,-0.002086325109076357,0.00039936546547709106
2025-12-11,0.002794090611818582,0.0018667786365272915,0.0012274052577750565,0.002228813885997262
2025-12-12,-0.0065908889327684385,-0.0036501335469576353,-0.0014453680644979732,-0.005809244728386199
2025-12-15,-0.006565797736841894,-0.0013762988583280022,0.0022343180390562876,0.0010497090736405418
2025-12-16,-0.004836357548211664,-0.001473115991368381,0.0017413173317329216,0.0024246502910662835
2025-12-17,0.0016080982672662188,-0.0010041229294920784,0.0009410570924231002,0.0007463013663817373
2025-12-18,0.0006319796890234207,0.0007536716146836169,-0.00187044255928482,0.001584487145279207
2025-12-19,0.007925413813115557,0.00138743132117577,0.001436614664113124,0.00047195391661060924
2025-12-22,0.00856318222865798,0.003074629139791695,-0.0014991055849041485,-0.0007642844119391365
2025-12-23,0.007980799858452485,0.002635815523212481,-0.0010324352316135631,0.001185029432524132
2025-12-24,0.0013941282508885414,0.001711622273656645,-0.0026617498892955054,0.0016563889528622034
2025-12-26,-0.0007098894522293604,-0.0002031614614706699,0.004079701648478926,0.0011118689924514901
2025-12-29,-0.0005935707097404504,-0.0011224461136049202,-0.007229518326865535,-0.0014043574443627475
2025-12-30,0.001646218511746078,-0.0003913922448060431,0.005085169839111456,0.0017959833632829408
2025-12-31,-0.007697465903268711,-0.0032895492653250264,0.00027498501646524946,-0.0020227258098372237
